cell_id	cell	seed_block_id	generation	environment_richness	environment_gene_diversity	post_return_richness	post_migration_richness	realized_host_feedback	expected_host_feedback_after_migration	migration_replacement_count	realized_migration_fraction	mean_adult_richness	mean_adult_gene_diversity
p01-s01-c0001	c0001	sb0001	0	100	0.9549670784452735								
p01-s01-c0001	c0001	sb0001	1	100	0.954967388093185	100	100	0.0	0.0	100000000	0.1	3.33	0.5307747220309094
p01-s01-c0001	c0001	sb0001	2	100	0.9549668776149857	100	100	0.0	0.0	100000000	0.1	3.39	0.5156879845086711
p01-s01-c0001	c0001	sb0001	3	100	0.954968402367893	100	100	0.0	0.0	100000000	0.1	3.37	0.53843822706024
p01-s01-c0001	c0001	sb0001	4	100	0.9549661178279036	100	100	0.0	0.0	100000000	0.1	3.24	0.5134992945996494
p01-s01-c0001	c0001	sb0001	5	100	0.9549664024648994	100	100	0.0	0.0	100000000	0.1	3.19	0.5250249942486196
p01-s01-c0001	c0001	sb0002	0	100	0.9549670784452735								
p01-s01-c0001	c0001	sb0002	1	100	0.9549674356418006	100	100	0.0	0.0	100000000	0.1	3.44	0.5343038785308056
p01-s01-c0001	c0001	sb0002	2	100	0.9549679547000757	100	100	0.0	0.0	100000000	0.1	3.58	0.5781115728623657
p01-s01-c0001	c0001	sb0002	3	100	0.9549669024591274	100	100	0.0	0.0	100000000	0.1	3.47	0.5299853812697355
p01-s01-c0001	c0001	sb0002	4	100	0.954968577721694	100	100	0.0	0.0	100000000	0.1	3.45	0.5370658034428675
p01-s01-c0001	c0001	sb0002	5	100	0.9549685177312935	100	100	0.0	0.0	100000000	0.1	3.3	0.5283468167308996
p01-s01-c0001	c0001	sb0003	0	100	0.9549670784452735								
p01-s01-c0001	c0001	sb0003	1	100	0.9549674523579729	100	100	0.0	0.0	100000000	0.1	3.54	0.5322567302503729
p01-s01-c0001	c0001	sb0003	2	100	0.9549668402643415	100	100	0.0	0.0	100000000	0.1	3.33	0.5416110426034232
p01-s01-c0001	c0001	sb0003	3	100	0.9549653005210669	100	100	0.0	0.0	100000000	0.1	3.58	0.5514354671649375
p01-s01-c0001	c0001	sb0003	4	100	0.95496447977954	100	100	0.0	0.0	100000000	0.1	3.45	0.5362055023212186
p01-s01-c0001	c0001	sb0003	5	100	0.9549631161066361	100	100	0.0	0.0	100000000	0.1	3.25	0.5235597992267726
p01-s01-c0002	c0002	sb0001	0	100	0.9549670784452735								
p01-s01-c0002	c0002	sb0001	1	100	0.954967388093185	100	100	0.0	0.0	100000000	0.1	4.45	0.5185482674259199
p01-s01-c0002	c0002	sb0001	2	100	0.9549668776149857	100	100	0.0	0.0	100000000	0.1	4.54	0.5407123591437335
p01-s01-c0002	c0002	sb0001	3	100	0.954968402367893	100	100	0.0	0.0	100000000	0.1	4.64	0.5330321201550334
p01-s01-c0002	c0002	sb0001	4	100	0.9549661178279036	100	100	0.0	0.0	100000000	0.1	4.59	0.5457872868966204
p01-s01-c0002	c0002	sb0001	5	100	0.9549664024648994	100	100	0.0	0.0	100000000	0.1	4.42	0.5111925391856749
p01-s01-c0002	c0002	sb0002	0	100	0.9549670784452735								
p01-s01-c0002	c0002	sb0002	1	100	0.9549674356418006	100	100	0.0	0.0	100000000	0.1	4.52	0.5144838523451263
p01-s01-c0002	c0002	sb0002	2	100	0.9549679547000757	100	100	0.0	0.0	100000000	0.1	4.64	0.544486068722183
p01-s01-c0002	c0002	sb0002	3	100	0.9549669024591274	100	100	0.0	0.0	100000000	0.1	4.57	0.5051765922063918
p01-s01-c0002	c0002	sb0002	4	100	0.954968577721694	100	100	0.0	0.0	100000000	0.1	4.7	0.5439404794504814
p01-s01-c0002	c0002	sb0002	5	100	0.9549685177312935	100	100	0.0	0.0	100000000	0.1	4.67	0.53474060773609
p01-s01-c0002	c0002	sb0003	0	100	0.9549670784452735								
p01-s01-c0002	c0002	sb0003	1	100	0.9549674523579729	100	100	0.0	0.0	100000000	0.1	4.74	0.5461514211339829
p01-s01-c0002	c0002	sb0003	2	100	0.9549668402643415	100	100	0.0	0.0	100000000	0.1	4.32	0.5325958044396323
p01-s01-c0002	c0002	sb0003	3	100	0.9549653005210669	100	100	0.0	0.0	100000000	0.1	4.33	0.5319905799783793
p01-s01-c0002	c0002	sb0003	4	100	0.95496447977954	100	100	0.0	0.0	100000000	0.1	4.84	0.5567002299738718
p01-s01-c0002	c0002	sb0003	5	100	0.9549631161066361	100	100	0.0	0.0	100000000	0.1	4.37	0.5212004595719903
p01-s01-c0003	c0003	sb0001	0	100	0.9549670784452735								
p01-s01-c0003	c0003	sb0001	1	100	0.9564013114363933	100	100	0.5	0.45	100000000	0.1	3.33	0.5307747220309094
p01-s01-c0003	c0003	sb0001	2	100	0.9559559875276973	100	100	0.5	0.45	100000000	0.1	3.42	0.5338164664706183
p01-s01-c0003	c0003	sb0001	3	100	0.9590386790972151	100	100	0.5	0.45	100000000	0.1	3.39	0.5220171806787917
p01-s01-c0003	c0003	sb0001	4	100	0.9543715318058056	100	100	0.5	0.45	100000000	0.1	3.34	0.5287793847330339
p01-s01-c0003	c0003	sb0001	5	100	0.9564000910859795	100	100	0.5	0.45	100000000	0.1	3.36	0.528049178052809
p01-s01-c0003	c0003	sb0002	0	100	0.9549670784452735								
p01-s01-c0003	c0003	sb0002	1	100	0.9538280218078609	100	100	0.5	0.45	100000000	0.1	3.44	0.5343038785308056
p01-s01-c0003	c0003	sb0002	2	100	0.9511439573244043	100	100	0.5	0.45	100000000	0.1	3.51	0.5760750846575456
p01-s01-c0003	c0003	sb0002	3	100	0.9474753426629977	100	100	0.5	0.45	100000000	0.1	3.4	0.5220004063381426
p01-s01-c0003	c0003	sb0002	4	100	0.9502564328510942	100	100	0.5	0.45	100000000	0.1	3.26	0.521893004202494
p01-s01-c0003	c0003	sb0002	5	100	0.950055928215369	100	100	0.5	0.45	100000000	0.1	3.31	0.5049177896836636
p01-s01-c0003	c0003	sb0003	0	100	0.9549670784452735								
p01-s01-c0003	c0003	sb0003	1	100	0.9536137430065299	100	100	0.5	0.45	100000000	0.1	3.54	0.5322567302503729
p01-s01-c0003	c0003	sb0003	2	100	0.9541935383748023	100	100	0.5	0.45	100000000	0.1	3.46	0.5614444621239629
p01-s01-c0003	c0003	sb0003	3	100	0.9557675762571077	100	100	0.5	0.45	100000000	0.1	3.54	0.550654131206414
p01-s01-c0003	c0003	sb0003	4	100	0.9558326088915698	100	100	0.5	0.45	100000000	0.1	3.56	0.5484388197694209
p01-s01-c0003	c0003	sb0003	5	100	0.9527352847936895	100	100	0.5	0.45	100000000	0.1	3.23	0.5058688255438382
p01-s01-c0004	c0004	sb0001	0	100	0.9549670784452735								
p01-s01-c0004	c0004	sb0001	1	100	0.955109799699431	100	100	0.5	0.45	100000000	0.1	3.414	0.5359495507453443
p01-s01-c0004	c0004	sb0001	2	100	0.9555707652573182	100	100	0.5	0.45	100000000	0.1	3.422	0.5341115544075272
p01-s01-c0004	c0004	sb0001	3	100	0.9554696982752203	100	100	0.5	0.45	100000000	0.1	3.455	0.5359896612748356
p01-s01-c0004	c0004	sb0001	4	100	0.9552376503382959	100	100	0.5	0.45	100000000	0.1	3.387	0.5346529802164202
p01-s01-c0004	c0004	sb0001	5	100	0.9537767714073039	100	100	0.5	0.45	100000000	0.1	3.414	0.5356946402855305
p01-s01-c0004	c0004	sb0002	0	100	0.9549670784452735								
p01-s01-c0004	c0004	sb0002	1	100	0.9550853487619493	100	100	0.5	0.45	100000000	0.1	3.357	0.5226472241291579
p01-s01-c0004	c0004	sb0002	2	100	0.9556077910552363	100	100	0.5	0.45	100000000	0.1	3.439	0.5447225537807416
p01-s01-c0004	c0004	sb0002	3	100	0.954782788621805	100	100	0.5	0.45	100000000	0.1	3.401	0.5324872466773494
p01-s01-c0004	c0004	sb0002	4	100	0.9551867385315091	100	100	0.5	0.45	100000000	0.1	3.393	0.5349553365902098
p01-s01-c0004	c0004	sb0002	5	100	0.9546308438774707	100	100	0.5	0.45	100000000	0.1	3.417	0.5318571830022133
p01-s01-c0004	c0004	sb0003	0	100	0.9549670784452735								
p01-s01-c0004	c0004	sb0003	1	100	0.9545980264688341	100	100	0.5	0.45	100000000	0.1	3.441	0.5259791297793414
p01-s01-c0004	c0004	sb0003	2	100	0.9541135997283883	100	100	0.5	0.45	100000000	0.1	3.344	0.5282399964739494
p01-s01-c0004	c0004	sb0003	3	100	0.9535411521229885	100	100	0.5	0.45	100000000	0.1	3.396	0.5242134110779053
p01-s01-c0004	c0004	sb0003	4	100	0.9532132511945867	100	100	0.5	0.45	100000000	0.1	3.468	0.5399154217102673
p01-s01-c0004	c0004	sb0003	5	100	0.9529243545185623	100	100	0.5	0.45	100000000	0.1	3.358	0.5335634487188331
p01-s01-c0005	c0005	sb0001	0	100	0.9549670784452735								
p01-s01-c0005	c0005	sb0001	1	100	0.9549696588254085	100	100	0.5	0.45	100000000	0.1	3.406	0.5306909406553222
p01-s01-c0005	c0005	sb0001	2	100	0.9548656110593967	100	100	0.5	0.45	100000000	0.1	3.3992	0.5303317297635229
p01-s01-c0005	c0005	sb0001	3	100	0.9547511602922493	100	100	0.5	0.45	100000000	0.1	3.4046	0.5321168297463885
p01-s01-c0005	c0005	sb0001	4	100	0.9548879437502295	100	100	0.5	0.45	100000000	0.1	3.41	0.5318662472068044
p01-s01-c0005	c0005	sb0001	5	100	0.9551956364954941	100	100	0.5	0.45	100000000	0.1	3.4097	0.5339880680112216
p01-s01-c0005	c0005	sb0002	0	100	0.9549670784452735								
p01-s01-c0005	c0005	sb0002	1	100	0.9547801218203547	100	100	0.5	0.45	100000000	0.1	3.3989	0.530827960288639
p01-s01-c0005	c0005	sb0002	2	100	0.9547173649970696	100	100	0.5	0.45	100000000	0.1	3.4107	0.5349433065129892
p01-s01-c0005	c0005	sb0002	3	100	0.9546897306421482	100	100	0.5	0.45	100000000	0.1	3.4096	0.532691138642571
p01-s01-c0005	c0005	sb0002	4	100	0.9546819729372329	100	100	0.5	0.45	100000000	0.1	3.4117	0.5350438504503757
p01-s01-c0005	c0005	sb0002	5	100	0.9546708629849413	100	100	0.5	0.45	100000000	0.1	3.4114	0.5354361346695595
p01-s01-c0005	c0005	sb0003	0	100	0.9549670784452735								
p01-s01-c0005	c0005	sb0003	1	100	0.954993192804406	100	100	0.5	0.45	100000000	0.1	3.4078	0.5325930450817709
p01-s01-c0005	c0005	sb0003	2	100	0.9548762726263036	100	100	0.5	0.45	100000000	0.1	3.3863	0.5304343787612646
p01-s01-c0005	c0005	sb0003	3	100	0.9550469291314855	100	100	0.5	0.45	100000000	0.1	3.4119	0.5364845454591044
p01-s01-c0005	c0005	sb0003	4	100	0.9553837205375841	100	100	0.5	0.45	100000000	0.1	3.4119	0.5349214749508389
p01-s01-c0005	c0005	sb0003	5	100	0.9552057300267347	100	100	0.5	0.45	100000000	0.1	3.3936	0.5326656725815937
p01-s01-c0006	c0006	sb0001	0	100	0.9549670784452735								
p01-s01-c0006	c0006	sb0001	1	100	0.9549821697641088	100	100	0.5	0.45	100000000	0.1	3.40661	0.533457819871074
p01-s01-c0006	c0006	sb0001	2	100	0.954899739394321	100	100	0.5	0.45	100000000	0.1	3.4048	0.5328955970611181
p01-s01-c0006	c0006	sb0001	3	100	0.9548855351255855	100	100	0.5	0.45	100000000	0.1	3.40414	0.5340168055833621
p01-s01-c0006	c0006	sb0001	4	100	0.9549401779047219	100	100	0.5	0.45	100000000	0.1	3.40022	0.53319547097516
p01-s01-c0006	c0006	sb0001	5	100	0.9549320772137007	100	100	0.5	0.45	100000000	0.1	3.40216	0.532724677659993
p01-s01-c0006	c0006	sb0002	0	100	0.9549670784452735								
p01-s01-c0006	c0006	sb0002	1	100	0.9549367388997114	100	100	0.5	0.45	100000000	0.1	3.40797	0.53360952446322
p01-s01-c0006	c0006	sb0002	2	100	0.9550304188959173	100	100	0.5	0.45	100000000	0.1	3.40486	0.5332880052705136
p01-s01-c0006	c0006	sb0002	3	100	0.9549340445218271	100	100	0.5	0.45	100000000	0.1	3.40437	0.5332257033591736
p01-s01-c0006	c0006	sb0002	4	100	0.9549686404696759	100	100	0.5	0.45	100000000	0.1	3.40369	0.5329518925621132
p01-s01-c0006	c0006	sb0002	5	100	0.9549908427140339	100	100	0.5	0.45	100000000	0.1	3.40331	0.5340521721548859
p01-s01-c0006	c0006	sb0003	0	100	0.9549670784452735								
p01-s01-c0006	c0006	sb0003	1	100	0.9549997921521924	100	100	0.5	0.45	100000000	0.1	3.40705	0.5334438022553342
p01-s01-c0006	c0006	sb0003	2	100	0.9549786737491419	100	100	0.5	0.45	100000000	0.1	3.40075	0.533657540365544
p01-s01-c0006	c0006	sb0003	3	100	0.9549347234490024	100	100	0.5	0.45	100000000	0.1	3.40822	0.5339697807851647
p01-s01-c0006	c0006	sb0003	4	100	0.9549956580212414	100	100	0.5	0.45	100000000	0.1	3.40822	0.5338080622412343
p01-s01-c0006	c0006	sb0003	5	100	0.9550052405657885	100	100	0.5	0.45	100000000	0.1	3.40284	0.533502546501916
p01-s01-c0007	c0007	sb0001	0	100	0.9549670784452735								
p01-s01-c0007	c0007	sb0001	1	100	0.9566270803755802	100	100	0.5	0.45	100000000	0.1	3.4	0.5185475771036805
p01-s01-c0007	c0007	sb0001	2	100	0.9576871802578265	100	100	0.5	0.45	100000000	0.1	3.48	0.5291430693294054
p01-s01-c0007	c0007	sb0001	3	100	0.9531792001358227	100	100	0.5	0.45	100000000	0.1	3.36	0.524548365631573
p01-s01-c0007	c0007	sb0001	4	100	0.9523340431395612	100	100	0.5	0.45	100000000	0.1	3.34	0.539946172063539
p01-s01-c0007	c0007	sb0001	5	101	0.9501556721288784	102	101	0.5	0.45	100000000	0.1	3.32	0.5315296496191058
p01-s01-c0007	c0007	sb0002	0	100	0.9549670784452735								
p01-s01-c0007	c0007	sb0002	1	100	0.9550607994232054	100	100	0.5	0.45	100000000	0.1	3.43	0.5144056598782694
p01-s01-c0007	c0007	sb0002	2	100	0.9583281079323294	100	100	0.5	0.45	100000000	0.1	3.45	0.5224505114893286
p01-s01-c0007	c0007	sb0002	3	102	0.9569105406187863	102	102	0.5	0.45	100000000	0.1	3.48	0.52379401348889
p01-s01-c0007	c0007	sb0002	4	101	0.9579324802515652	101	101	0.5	0.45	100000000	0.1	3.49	0.5404604912168514
p01-s01-c0007	c0007	sb0002	5	101	0.95675976135324	101	101	0.5	0.45	100000000	0.1	3.58	0.5553849034706242
p01-s01-c0007	c0007	sb0003	0	100	0.9549670784452735								
p01-s01-c0007	c0007	sb0003	1	100	0.955097276176896	100	100	0.5	0.45	100000000	0.1	3.72	0.5461679517769539
p01-s01-c0007	c0007	sb0003	2	100	0.9570052265308487	100	100	0.5	0.45	100000000	0.1	3.23	0.5174832460330048
p01-s01-c0007	c0007	sb0003	3	100	0.9590891323525089	100	100	0.5	0.45	100000000	0.1	3.53	0.5404924092710539
p01-s01-c0007	c0007	sb0003	4	101	0.9575700928899287	101	101	0.5	0.45	100000000	0.1	3.4	0.5325759595426509
p01-s01-c0007	c0007	sb0003	5	102	0.9573456113260131	102	102	0.5	0.45	100000000	0.1	3.34	0.5033538459159603
p01-s01-c0008	c0008	sb0001	0	100	0.9549670784452735								
p01-s01-c0008	c0008	sb0001	1	103	0.9566272630678248	103	103	0.5	0.45	100000000	0.1	3.49	0.5185166401482217
p01-s01-c0008	c0008	sb0001	2	101	0.9576862995659394	102	101	0.5	0.45	100000000	0.1	3.63	0.5291511377968919
p01-s01-c0008	c0008	sb0001	3	105	0.953179564069512	105	105	0.5	0.45	100000000	0.1	3.5	0.5245639392461449
p01-s01-c0008	c0008	sb0001	4	105	0.9523358560767843	106	105	0.5	0.45	100000000	0.1	3.46	0.5399624929914811
p01-s01-c0008	c0008	sb0001	5	102	0.9501549402707558	104	102	0.5	0.45	100000000	0.1	3.42	0.5315237750942048
p01-s01-c0008	c0008	sb0002	0	100	0.9549670784452735								
p01-s01-c0008	c0008	sb0002	1	100	0.9550615704229825	100	100	0.5	0.45	100000000	0.1	3.52	0.5144114059796109
p01-s01-c0008	c0008	sb0002	2	101	0.9583279147357275	102	101	0.5	0.45	100000000	0.1	3.6	0.5224594059281169
p01-s01-c0008	c0008	sb0002	3	103	0.9569106929431943	105	103	0.5	0.45	100000000	0.1	3.54	0.523796313163738
p01-s01-c0008	c0008	sb0002	4	100	0.9579333683154927	102	100	0.5	0.45	100000000	0.1	3.62	0.5404484889973619
p01-s01-c0008	c0008	sb0002	5	103	0.9567592458482876	103	103	0.5	0.45	100000000	0.1	3.64	0.5553788096833632
p01-s01-c0008	c0008	sb0003	0	100	0.9549670784452735								
p01-s01-c0008	c0008	sb0003	1	101	0.9550968265619173	101	101	0.5	0.45	100000000	0.1	3.79	0.54618526066885
p01-s01-c0008	c0008	sb0003	2	103	0.95700568611364	103	103	0.5	0.45	100000000	0.1	3.33	0.5175045495227285
p01-s01-c0008	c0008	sb0003	3	106	0.9590886048077948	106	106	0.5	0.45	100000000	0.1	3.61	0.5404926914631054
p01-s01-c0008	c0008	sb0003	4	107	0.9575705747592693	107	107	0.5	0.45	100000000	0.1	3.5	0.5325692591962673
p01-s01-c0008	c0008	sb0003	5	107	0.9573466386654245	107	107	0.5	0.45	100000000	0.1	3.49	0.5033707549102828
p01-s01-c0009	c0009	sb0001	0	100	0.9549670784452735								
p01-s01-c0009	c0009	sb0001	1	111	0.9566261913294378	114	111	0.5	0.45	100000000	0.1	4.45	0.5185482674259199
p01-s01-c0009	c0009	sb0001	2	124	0.9576859555007619	127	124	0.5	0.45	100000000	0.1	4.5	0.5291488543862293
p01-s01-c0009	c0009	sb0001	3	125	0.9531789391938305	126	125	0.5	0.45	100000000	0.1	4.4	0.5245905143052506
p01-s01-c0009	c0009	sb0001	4	133	0.9523340449457114	134	133	0.5	0.45	100000000	0.1	4.43	0.5400239295630268
p01-s01-c0009	c0009	sb0001	5	144	0.9501557506886927	146	144	0.5	0.45	100000000	0.1	4.66	0.5315582099134903
p01-s01-c0009	c0009	sb0002	0	100	0.9549670784452735								
p01-s01-c0009	c0009	sb0002	1	115	0.9550558292503114	116	115	0.5	0.45	100000000	0.1	4.52	0.5144838523451263
p01-s01-c0009	c0009	sb0002	2	130	0.9583227069385485	131	130	0.5	0.45	100000000	0.1	4.67	0.5224684862636493
p01-s01-c0009	c0009	sb0002	3	128	0.9569056025166902	132	128	0.5	0.45	100000000	0.1	4.41	0.5237838663054122
p01-s01-c0009	c0009	sb0002	4	130	0.9579329860306236	133	130	0.5	0.45	100000000	0.1	4.79	0.5404653943318354
p01-s01-c0009	c0009	sb0002	5	134	0.9567582976195299	139	134	0.5	0.45	100000000	0.1	4.71	0.5553959822443753
p01-s01-c0009	c0009	sb0003	0	100	0.9549670784452735								
p01-s01-c0009	c0009	sb0003	1	113	0.955097029659056	114	113	0.5	0.45	100000000	0.1	4.74	0.5461514211339829
p01-s01-c0009	c0009	sb0003	2	121	0.9569777600094067	124	121	0.5	0.45	100000000	0.1	4.27	0.517483950671664
p01-s01-c0009	c0009	sb0003	3	145	0.9590738412513626	147	145	0.5	0.45	100000000	0.1	4.73	0.5428594128504873
p01-s01-c0009	c0009	sb0003	4	134	0.9577643024141449	136	134	0.5	0.45	100000000	0.1	4.37	0.5254427961041244
p01-s01-c0009	c0009	sb0003	5	131	0.9577411799590704	136	131	0.5	0.45	100000000	0.1	4.48	0.49740101693745514
p01-s01-c0010	c0010	sb0001	0	100	0.9549670784452735								
p01-s01-c0010	c0010	sb0001	1	256	0.9566276543058948	275	256	0.5	0.45	100000000	0.1	15.22	0.5186470361199861
p01-s01-c0010	c0010	sb0001	2	338	0.9576873591746206	367	338	0.5	0.45	100000000	0.1	14.52	0.5292002907510235
p01-s01-c0010	c0010	sb0001	3	402	0.9531801496584089	432	402	0.5	0.45	100000000	0.1	15.19	0.5245744073960502
p01-s01-c0010	c0010	sb0001	4	421	0.9523371742101893	451	421	0.5	0.45	100000000	0.1	14.83	0.5399353709793425
p01-s01-c0010	c0010	sb0001	5	463	0.950118395772236	491	463	0.5	0.45	100000000	0.1	14.45	0.5305320733427914
p01-s01-c0010	c0010	sb0002	0	100	0.9549670784452735								
p01-s01-c0010	c0010	sb0002	1	264	0.9550578466736654	277	264	0.5	0.45	100000000	0.1	14.29	0.5144415965551422
p01-s01-c0010	c0010	sb0002	2	395	0.9583235029768662	409	395	0.5	0.45	100000000	0.1	15.16	0.5225060200842622
p01-s01-c0010	c0010	sb0002	3	432	0.9569052767490035	462	432	0.5	0.45	100000000	0.1	14.47	0.523734317747222
p01-s01-c0010	c0010	sb0002	4	445	0.957930986596511	483	445	0.5	0.45	100000000	0.1	15.22	0.5404577286719525
p01-s01-c0010	c0010	sb0002	5	438	0.9567571956525635	471	438	0.5	0.45	100000000	0.1	14.84	0.5553848841947061
p01-s01-c0010	c0010	sb0003	0	100	0.9549670784452735								
p01-s01-c0010	c0010	sb0003	1	284	0.955096505389672	298	284	0.5	0.45	100000000	0.1	15.0	0.5461344341906589
p01-s01-c0010	c0010	sb0003	2	366	0.9570053341316112	397	366	0.5	0.45	100000000	0.1	14.95	0.5174982123965728
p01-s01-c0010	c0010	sb0003	3	421	0.9591241158313538	449	421	0.5	0.45	100000000	0.1	15.01	0.5393622783321177
p01-s01-c0010	c0010	sb0003	4	423	0.956498134260299	456	423	0.5	0.45	100000000	0.1	14.8	0.5340748858585992
p01-s01-c0010	c0010	sb0003	5	444	0.9581345876710664	480	444	0.5	0.45	100000000	0.1	14.62	0.5118803655271782
p01-s01-c0011	c0011	sb0001	0	100	0.9549670784452735								
p01-s01-c0011	c0011	sb0001	1	100	0.9549719928029583	100	100	0.000999000999000999	0.0008991008991008991	100000000	0.1	3.33	0.5307747220309094
p01-s01-c0011	c0011	sb0001	2	100	0.9549752301508188	100	100	0.000999000999000999	0.0008991008991008991	100000000	0.1	3.39	0.5156879845086711
p01-s01-c0011	c0011	sb0001	3	100	0.9549777478465798	100	100	0.000999000999000999	0.0008991008991008991	100000000	0.1	3.37	0.53843822706024
p01-s01-c0011	c0011	sb0001	4	100	0.9549670023611063	100	100	0.000999000999000999	0.0008991008991008991	100000000	0.1	3.25	0.5141925349967202
p01-s01-c0011	c0011	sb0001	5	100	0.9549649291514857	100	100	0.000999000999000999	0.0008991008991008991	100000000	0.1	3.19	0.5250249942486196
p01-s01-c0011	c0011	sb0002	0	100	0.9549670784452735								
p01-s01-c0011	c0011	sb0002	1	100	0.9549665243168832	100	100	0.000999000999000999	0.0008991008991008991	100000000	0.1	3.44	0.5343038785308056
p01-s01-c0011	c0011	sb0002	2	100	0.9549633758020406	100	100	0.000999000999000999	0.0008991008991008991	100000000	0.1	3.58	0.5781115728623657
p01-s01-c0011	c0011	sb0002	3	100	0.9549565468972393	100	100	0.000999000999000999	0.0008991008991008991	100000000	0.1	3.47	0.5299853812697355
p01-s01-c0011	c0011	sb0002	4	100	0.9549681700336233	100	100	0.000999000999000999	0.0008991008991008991	100000000	0.1	3.45	0.5370658034428675
p01-s01-c0011	c0011	sb0002	5	100	0.9549718123739364	100	100	0.000999000999000999	0.0008991008991008991	100000000	0.1	3.3	0.5283468167308996
p01-s01-c0011	c0011	sb0003	0	100	0.9549670784452735								
p01-s01-c0011	c0011	sb0003	1	100	0.9549660227018658	100	100	0.000999000999000999	0.0008991008991008991	100000000	0.1	3.54	0.5322567302503729
p01-s01-c0011	c0011	sb0003	2	100	0.95496671185764	100	100	0.000999000999000999	0.0008991008991008991	100000000	0.1	3.32	0.5413269344260694
p01-s01-c0011	c0011	sb0003	3	100	0.9549689165871358	100	100	0.000999000999000999	0.0008991008991008991	100000000	0.1	3.58	0.5514354671649375
p01-s01-c0011	c0011	sb0003	4	100	0.9549745133084802	100	100	0.000999000999000999	0.0008991008991008991	100000000	0.1	3.45	0.5362055023212186
p01-s01-c0011	c0011	sb0003	5	100	0.954972792571453	100	100	0.000999000999000999	0.0008991008991008991	100000000	0.1	3.25	0.5235597992267726
p01-s01-c0012	c0012	sb0001	0	100	0.9549670784452735								
p01-s01-c0012	c0012	sb0001	1	100	0.9551127860365265	100	100	0.9090909090909091	0.8181818181818181	100000000	0.1	3.414	0.5359495507453443
p01-s01-c0012	c0012	sb0001	2	100	0.955336696667336	100	100	0.9090909090909091	0.8181818181818181	100000000	0.1	3.426	0.5336021518047156
p01-s01-c0012	c0012	sb0001	3	100	0.9555894347865385	100	100	0.9090909090909091	0.8181818181818181	100000000	0.1	3.473	0.5393744622756258
p01-s01-c0012	c0012	sb0001	4	100	0.9548765998104829	100	100	0.9090909090909091	0.8181818181818181	100000000	0.1	3.395	0.5336556712348459
p01-s01-c0012	c0012	sb0001	5	100	0.9525245204733807	100	100	0.9090909090909091	0.8181818181818181	100000000	0.1	3.396	0.5382515539735322
p01-s01-c0012	c0012	sb0002	0	100	0.9549670784452735								
p01-s01-c0012	c0012	sb0002	1	100	0.9550091714674214	100	100	0.9090909090909091	0.8181818181818181	100000000	0.1	3.357	0.5226472241291579
p01-s01-c0012	c0012	sb0002	2	100	0.9560730353513066	100	100	0.9090909090909091	0.8181818181818181	100000000	0.1	3.445	0.5452960275359067
p01-s01-c0012	c0012	sb0002	3	100	0.9544255588816728	100	100	0.9090909090909091	0.8181818181818181	100000000	0.1	3.366	0.531079121891225
p01-s01-c0012	c0012	sb0002	4	100	0.9549256848531937	100	100	0.9090909090909091	0.8181818181818181	100000000	0.1	3.395	0.5318737684724041
p01-s01-c0012	c0012	sb0002	5	100	0.9542118901212716	100	100	0.9090909090909091	0.8181818181818181	100000000	0.1	3.422	0.537497654580892
p01-s01-c0012	c0012	sb0003	0	100	0.9549670784452735								
p01-s01-c0012	c0012	sb0003	1	100	0.9541684290497986	100	100	0.9090909090909091	0.8181818181818181	100000000	0.1	3.441	0.5259791297793414
p01-s01-c0012	c0012	sb0003	2	100	0.95265552043464	100	100	0.9090909090909091	0.8181818181818181	100000000	0.1	3.343	0.5294928405952167
p01-s01-c0012	c0012	sb0003	3	100	0.9532025398436178	100	100	0.9090909090909091	0.8181818181818181	100000000	0.1	3.399	0.534283815235595
p01-s01-c0012	c0012	sb0003	4	100	0.9535582324876901	100	100	0.9090909090909091	0.8181818181818181	100000000	0.1	3.437	0.5340486830987432
p01-s01-c0012	c0012	sb0003	5	100	0.9536010657962578	100	100	0.9090909090909091	0.8181818181818181	100000000	0.1	3.382	0.5337579806957696
p01-s01-c0013	c0013	sb0001	0	100	0.9549670784452735								
p01-s01-c0013	c0013	sb0001	1	117	0.9555665009359121	120	117	0.5	0.45	100000000	0.1	4.563	0.5400608200144548
p01-s01-c0013	c0013	sb0001	2	131	0.9558432772504101	138	131	0.5	0.45	100000000	0.1	4.608	0.5460489512245226
p01-s01-c0013	c0013	sb0001	3	134	0.9555943559267318	137	134	0.5	0.45	100000000	0.1	4.526	0.5369756146702918
p01-s01-c0013	c0013	sb0001	4	145	0.9548138309518003	148	145	0.5	0.45	100000000	0.1	4.541	0.5317193519290611
p01-s01-c0013	c0013	sb0001	5	150	0.9540877350825904	152	150	0.5	0.45	100000000	0.1	4.545	0.5202920708594984
p01-s01-c0013	c0013	sb0002	0	100	0.9549670784452735								
p01-s01-c0013	c0013	sb0002	1	125	0.9544153905988233	126	125	0.5	0.45	100000000	0.1	4.585	0.523357838106054
p01-s01-c0013	c0013	sb0002	2	130	0.9545099212704231	131	130	0.5	0.45	100000000	0.1	4.628	0.5342403877473474
p01-s01-c0013	c0013	sb0002	3	135	0.954138977760777	143	135	0.5	0.45	100000000	0.1	4.541	0.5322446272338809
p01-s01-c0013	c0013	sb0002	4	138	0.9544581040715864	147	138	0.5	0.45	100000000	0.1	4.499	0.530507925191713
p01-s01-c0013	c0013	sb0002	5	145	0.954864023236825	152	145	0.5	0.45	100000000	0.1	4.569	0.5356008173617011
p01-s01-c0013	c0013	sb0003	0	100	0.9549670784452735								
p01-s01-c0013	c0013	sb0003	1	127	0.9548428675631405	131	127	0.5	0.45	100000000	0.1	4.551	0.5196735189315613
p01-s01-c0013	c0013	sb0003	2	136	0.9547138436956889	143	136	0.5	0.45	100000000	0.1	4.53	0.5338854645501384
p01-s01-c0013	c0013	sb0003	3	138	0.955245434352672	141	138	0.5	0.45	100000000	0.1	4.509	0.5347745473045616
p01-s01-c0013	c0013	sb0003	4	152	0.955096836322531	156	152	0.5	0.45	100000000	0.1	4.536	0.5342028967434955
p01-s01-c0013	c0013	sb0003	5	147	0.9552402375305855	154	147	0.5	0.45	100000000	0.1	4.618	0.531976300863403
p01-s01-c0014	c0014	sb0001	0	100	0.9549670784452735								
p01-s01-c0014	c0014	sb0001	1	123	0.9549960747348573	127	123	0.5	0.45	100000000	0.1	4.5645	0.5355924352689131
p01-s01-c0014	c0014	sb0001	2	143	0.9546916240389445	150	143	0.5	0.45	100000000	0.1	4.5367	0.5332563486019234
p01-s01-c0014	c0014	sb0001	3	142	0.9547424631538785	146	142	0.5	0.45	100000000	0.1	4.5551	0.5333537161379307
p01-s01-c0014	c0014	sb0001	4	147	0.9545980401501408	150	147	0.5	0.45	100000000	0.1	4.5141	0.5319221115853003
p01-s01-c0014	c0014	sb0001	5	152	0.9543122987073264	155	152	0.5	0.45	100000000	0.1	4.5435	0.5345568174229811
p01-s01-c0014	c0014	sb0002	0	100	0.9549670784452735								
p01-s01-c0014	c0014	sb0002	1	129	0.9547152872452037	132	129	0.5	0.45	100000000	0.1	4.5468	0.5330859571137384
p01-s01-c0014	c0014	sb0002	2	141	0.9547081156926042	142	141	0.5	0.45	100000000	0.1	4.5552	0.531946588347398
p01-s01-c0014	c0014	sb0002	3	138	0.9545141948707944	146	138	0.5	0.45	100000000	0.1	4.5341	0.53301336820603
p01-s01-c0014	c0014	sb0002	4	137	0.9545232599213275	146	137	0.5	0.45	100000000	0.1	4.5325	0.5334289848233802
p01-s01-c0014	c0014	sb0002	5	143	0.9545497932773833	150	143	0.5	0.45	100000000	0.1	4.5406	0.5347824462938644
p01-s01-c0014	c0014	sb0003	0	100	0.9549670784452735								
p01-s01-c0014	c0014	sb0003	1	123	0.9551827615165162	127	123	0.5	0.45	100000000	0.1	4.5563	0.5314339861499608
p01-s01-c0014	c0014	sb0003	2	127	0.9552897651805495	133	127	0.5	0.45	100000000	0.1	4.5438	0.5318524054270178
p01-s01-c0014	c0014	sb0003	3	144	0.955564686348854	147	144	0.5	0.45	100000000	0.1	4.5329	0.533520623937161
p01-s01-c0014	c0014	sb0003	4	146	0.9556123531473254	150	146	0.5	0.45	100000000	0.1	4.5446	0.5326436854982682
p01-s01-c0014	c0014	sb0003	5	149	0.9554274240025304	156	149	0.5	0.45	100000000	0.1	4.5452	0.5340260591516336
p01-s01-c0015	c0015	sb0001	0	100	0.9549670784452735								
p01-s01-c0015	c0015	sb0001	1	125	0.9549649798957358	129	125	0.5	0.45	100000000	0.1	4.53866	0.5335606468261217
p01-s01-c0015	c0015	sb0001	2	134	0.9548610638087046	141	134	0.5	0.45	100000000	0.1	4.53638	0.5330637077973334
p01-s01-c0015	c0015	sb0001	3	141	0.9548337803076464	145	141	0.5	0.45	100000000	0.1	4.53736	0.532692768331597
p01-s01-c0015	c0015	sb0001	4	141	0.9548808728314071	143	141	0.5	0.45	100000000	0.1	4.53811	0.5333195390536857
p01-s01-c0015	c0015	sb0001	5	146	0.9548502031564285	148	146	0.5	0.45	100000000	0.1	4.54584	0.5335810857895048
p01-s01-c0015	c0015	sb0002	0	100	0.9549670784452735								
p01-s01-c0015	c0015	sb0002	1	124	0.9549817184798538	127	124	0.5	0.45	100000000	0.1	4.54308	0.5328226381191536
p01-s01-c0015	c0015	sb0002	2	141	0.9550399078402698	142	141	0.5	0.45	100000000	0.1	4.54643	0.5338350547682919
p01-s01-c0015	c0015	sb0002	3	140	0.9550317441990801	148	140	0.5	0.45	100000000	0.1	4.53083	0.5331700926810341
p01-s01-c0015	c0015	sb0002	4	135	0.9550404691106673	144	135	0.5	0.45	100000000	0.1	4.54454	0.5334442642879552
p01-s01-c0015	c0015	sb0002	5	141	0.9550908696728275	147	141	0.5	0.45	100000000	0.1	4.54061	0.5343108191058269
p01-s01-c0015	c0015	sb0003	0	100	0.9549670784452735								
p01-s01-c0015	c0015	sb0003	1	126	0.9550148969611172	130	126	0.5	0.45	100000000	0.1	4.54356	0.5336435365417447
p01-s01-c0015	c0015	sb0003	2	135	0.9550139647526843	142	135	0.5	0.45	100000000	0.1	4.54379	0.5333629930545875
p01-s01-c0015	c0015	sb0003	3	141	0.9549917224455763	144	141	0.5	0.45	100000000	0.1	4.5405	0.5334975675884593
p01-s01-c0015	c0015	sb0003	4	143	0.9550168172308956	146	143	0.5	0.45	100000000	0.1	4.5408	0.5333934184422469
p01-s01-c0015	c0015	sb0003	5	140	0.954970233126058	146	140	0.5	0.45	100000000	0.1	4.53736	0.5332013012230034
p01-s01-c0016	c0016	sb0001	0	100	0.9549670784452735								
p01-s01-c0016	c0016	sb0001	1	100	0.9553577540736456	100	100	0.09090909090909091	0.08181818181818182	100000000	0.1	3.33	0.5307747220309094
p01-s01-c0016	c0016	sb0001	2	100	0.9551503232725947	100	100	0.09090909090909091	0.08181818181818182	100000000	0.1	3.39	0.5188257692666725
p01-s01-c0016	c0016	sb0001	3	100	0.9554286488534107	100	100	0.09090909090909091	0.08181818181818182	100000000	0.1	3.39	0.5360466245923975
p01-s01-c0016	c0016	sb0001	4	100	0.9546968287476982	100	100	0.09090909090909091	0.08181818181818182	100000000	0.1	3.36	0.5395002341826858
p01-s01-c0016	c0016	sb0001	5	100	0.9545265831627053	100	100	0.09090909090909091	0.08181818181818182	100000000	0.1	3.32	0.5268617820041976
p01-s01-c0016	c0016	sb0002	0	100	0.9549670784452735								
p01-s01-c0016	c0016	sb0002	1	100	0.9548617331749569	100	100	0.09090909090909091	0.08181818181818182	100000000	0.1	3.44	0.5343038785308056
p01-s01-c0016	c0016	sb0002	2	100	0.9543446482181002	100	100	0.09090909090909091	0.08181818181818182	100000000	0.1	3.54	0.5740255965080423
p01-s01-c0016	c0016	sb0002	3	100	0.9537523679081246	100	100	0.09090909090909091	0.08181818181818182	100000000	0.1	3.39	0.5240424702138736
p01-s01-c0016	c0016	sb0002	4	100	0.9542518095818038	100	100	0.09090909090909091	0.08181818181818182	100000000	0.1	3.4	0.5310053706347584
p01-s01-c0016	c0016	sb0002	5	100	0.9546974073790078	100	100	0.09090909090909091	0.08181818181818182	100000000	0.1	3.35	0.536945277463854
p01-s01-c0016	c0016	sb0003	0	100	0.9549670784452735								
p01-s01-c0016	c0016	sb0003	1	100	0.9548128027635044	100	100	0.09090909090909091	0.08181818181818182	100000000	0.1	3.54	0.5322567302503729
p01-s01-c0016	c0016	sb0003	2	100	0.9548604489303831	100	100	0.09090909090909091	0.08181818181818182	100000000	0.1	3.26	0.5309508290732989
p01-s01-c0016	c0016	sb0003	3	100	0.9551336708045564	100	100	0.09090909090909091	0.08181818181818182	100000000	0.1	3.53	0.5401236342191127
p01-s01-c0016	c0016	sb0003	4	100	0.9556878138214104	100	100	0.09090909090909091	0.08181818181818182	100000000	0.1	3.42	0.5323746000880006
p01-s01-c0016	c0016	sb0003	5	100	0.9557391514981822	100	100	0.09090909090909091	0.08181818181818182	100000000	0.1	3.31	0.5311955275458073
p01-s01-c0017	c0017	sb0001	0	100	0.9549670784452735								
p01-s01-c0017	c0017	sb0001	1	100	0.9549693137307219	100	100	0.09090909090909091	0.08181818181818182	100000000	0.1	3.406	0.5306909406553222
p01-s01-c0017	c0017	sb0001	2	100	0.9549733224112715	100	100	0.09090909090909091	0.08181818181818182	100000000	0.1	3.3981	0.5305262182666193
p01-s01-c0017	c0017	sb0001	3	100	0.954973449115613	100	100	0.09090909090909091	0.08181818181818182	100000000	0.1	3.4054	0.5328891775679675
p01-s01-c0017	c0017	sb0001	4	100	0.9549780873198818	100	100	0.09090909090909091	0.08181818181818182	100000000	0.1	3.4099	0.5323418901330632
p01-s01-c0017	c0017	sb0001	5	100	0.9550376509631477	100	100	0.09090909090909091	0.08181818181818182	100000000	0.1	3.408	0.5335526730859736
p01-s01-c0017	c0017	sb0002	0	100	0.9549670784452735								
p01-s01-c0017	c0017	sb0002	1	100	0.9549344334997985	100	100	0.09090909090909091	0.08181818181818182	100000000	0.1	3.3989	0.530827960288639
p01-s01-c0017	c0017	sb0002	2	100	0.9549171539422738	100	100	0.09090909090909091	0.08181818181818182	100000000	0.1	3.4094	0.5354578160495698
p01-s01-c0017	c0017	sb0002	3	100	0.9548933831723753	100	100	0.09090909090909091	0.08181818181818182	100000000	0.1	3.4046	0.5324973770463038
p01-s01-c0017	c0017	sb0002	4	100	0.9548863208517515	100	100	0.09090909090909091	0.08181818181818182	100000000	0.1	3.4054	0.53404850331831
p01-s01-c0017	c0017	sb0002	5	100	0.9548848449085384	100	100	0.09090909090909091	0.08181818181818182	100000000	0.1	3.4169	0.5362733504310456
p01-s01-c0017	c0017	sb0003	0	100	0.9549670784452735								
p01-s01-c0017	c0017	sb0003	1	100	0.9549735872001092	100	100	0.09090909090909091	0.08181818181818182	100000000	0.1	3.4078	0.5325930450817709
p01-s01-c0017	c0017	sb0003	2	100	0.9549440303580666	100	100	0.09090909090909091	0.08181818181818182	100000000	0.1	3.3863	0.5302729756617328
p01-s01-c0017	c0017	sb0003	3	100	0.9549893440620748	100	100	0.09090909090909091	0.08181818181818182	100000000	0.1	3.4139	0.5360666548143039
p01-s01-c0017	c0017	sb0003	4	100	0.9550487198714032	100	100	0.09090909090909091	0.08181818181818182	100000000	0.1	3.4112	0.535256523430497
p01-s01-c0017	c0017	sb0003	5	100	0.9550409188068644	100	100	0.09090909090909091	0.08181818181818182	100000000	0.1	3.3952	0.5341379540734343
p01-s01-c0018	c0018	sb0001	0	100	0.9549670784452735								
p01-s01-c0018	c0018	sb0001	1	100	0.9562788855891833	100	100	0.9090909090909091	0.8181818181818181	100000000	0.1	3.33	0.5307747220309094
p01-s01-c0018	c0018	sb0001	2	100	0.9519099472786543	100	100	0.9090909090909091	0.8181818181818181	100000000	0.1	3.4	0.5302160520593596
p01-s01-c0018	c0018	sb0001	3	100	0.9522693459814832	100	100	0.9090909090909091	0.8181818181818181	100000000	0.1	3.32	0.5111118346770736
p01-s01-c0018	c0018	sb0001	4	100	0.9506748894769439	100	100	0.9090909090909091	0.8181818181818181	100000000	0.1	3.34	0.5432005069673789
p01-s01-c0018	c0018	sb0001	5	100	0.9485043452565572	100	100	0.9090909090909091	0.8181818181818181	100000000	0.1	3.35	0.5195298452347941
p01-s01-c0018	c0018	sb0002	0	100	0.9549670784452735								
p01-s01-c0018	c0018	sb0002	1	100	0.951880967430253	100	100	0.9090909090909091	0.8181818181818181	100000000	0.1	3.44	0.5343038785308056
p01-s01-c0018	c0018	sb0002	2	100	0.94388708844841	100	100	0.9090909090909091	0.8181818181818181	100000000	0.1	3.46	0.5567444507285707
p01-s01-c0018	c0018	sb0002	3	100	0.9474969412815724	100	100	0.9090909090909091	0.8181818181818181	100000000	0.1	3.44	0.5241669907700328
p01-s01-c0018	c0018	sb0002	4	100	0.952863723395574	100	100	0.9090909090909091	0.8181818181818181	100000000	0.1	3.22	0.5225209354552145
p01-s01-c0018	c0018	sb0002	5	100	0.9524183292882128	100	100	0.9090909090909091	0.8181818181818181	100000000	0.1	3.23	0.5049127739375578
p01-s01-c0018	c0018	sb0003	0	100	0.9549670784452735								
p01-s01-c0018	c0018	sb0003	1	100	0.9515942300202976	100	100	0.9090909090909091	0.8181818181818181	100000000	0.1	3.54	0.5322567302503729
p01-s01-c0018	c0018	sb0003	2	100	0.9496257831530536	100	100	0.9090909090909091	0.8181818181818181	100000000	0.1	3.42	0.5521442755376268
p01-s01-c0018	c0018	sb0003	3	100	0.9496791204945361	100	100	0.9090909090909091	0.8181818181818181	100000000	0.1	3.49	0.5428751397057918
p01-s01-c0018	c0018	sb0003	4	100	0.9482073013343871	100	100	0.9090909090909091	0.8181818181818181	100000000	0.1	3.56	0.5347537626809011
p01-s01-c0018	c0018	sb0003	5	100	0.9542890768906763	100	100	0.9090909090909091	0.8181818181818181	100000000	0.1	3.35	0.5394392842821643
p01-s01-c0019	c0019	sb0001	0	100	0.9549670784452735								
p01-s01-c0019	c0019	sb0001	1	100	0.9549677865619611	100	100	0.000999000999000999	0.0008991008991008991	100000000	0.1	3.414	0.5359495507453443
p01-s01-c0019	c0019	sb0001	2	100	0.9549688375897634	100	100	0.000999000999000999	0.0008991008991008991	100000000	0.1	3.409	0.5285370994104215
p01-s01-c0019	c0019	sb0001	3	100	0.9549709690427912	100	100	0.000999000999000999	0.0008991008991008991	100000000	0.1	3.436	0.5372772221688127
p01-s01-c0019	c0019	sb0001	4	100	0.954967667438877	100	100	0.000999000999000999	0.0008991008991008991	100000000	0.1	3.401	0.5330195468350168
p01-s01-c0019	c0019	sb0001	5	100	0.9549657263882365	100	100	0.000999000999000999	0.0008991008991008991	100000000	0.1	3.393	0.5348911057409923
p01-s01-c0019	c0019	sb0002	0	100	0.9549670784452735								
p01-s01-c0019	c0019	sb0002	1	100	0.9549679240071401	100	100	0.000999000999000999	0.0008991008991008991	100000000	0.1	3.357	0.5226472241291579
p01-s01-c0019	c0019	sb0002	2	100	0.9549702229819115	100	100	0.000999000999000999	0.0008991008991008991	100000000	0.1	3.462	0.5464052156207092
p01-s01-c0019	c0019	sb0002	3	100	0.9549669190156131	100	100	0.000999000999000999	0.0008991008991008991	100000000	0.1	3.433	0.5310613261792723
p01-s01-c0019	c0019	sb0002	4	100	0.9549690541406327	100	100	0.000999000999000999	0.0008991008991008991	100000000	0.1	3.398	0.5365943480340366
p01-s01-c0019	c0019	sb0002	5	100	0.9549694799837707	100	100	0.000999000999000999	0.0008991008991008991	100000000	0.1	3.399	0.5358460320593119
p01-s01-c0019	c0019	sb0003	0	100	0.9549670784452735								
p01-s01-c0019	c0019	sb0003	1	100	0.9549668981441929	100	100	0.000999000999000999	0.0008991008991008991	100000000	0.1	3.441	0.5259791297793414
p01-s01-c0019	c0019	sb0003	2	100	0.9549654285836401	100	100	0.000999000999000999	0.0008991008991008991	100000000	0.1	3.358	0.5297881061907934
p01-s01-c0019	c0019	sb0003	3	100	0.9549647650983509	100	100	0.000999000999000999	0.0008991008991008991	100000000	0.1	3.418	0.5327389684969224
p01-s01-c0019	c0019	sb0003	4	100	0.9549647650762141	100	100	0.000999000999000999	0.0008991008991008991	100000000	0.1	3.48	0.5436598618987944
p01-s01-c0019	c0019	sb0003	5	100	0.9549623031685504	100	100	0.000999000999000999	0.0008991008991008991	100000000	0.1	3.353	0.5339994361216691
p01-s01-c0020	c0020	sb0001	0	100	0.9549670784452735								
p01-s01-c0020	c0020	sb0001	1	100	0.9550045576766267	100	100	0.09090909090909091	0.08181818181818182	100000000	0.1	3.414	0.5359495507453443
p01-s01-c0020	c0020	sb0001	2	100	0.9551159336704914	100	100	0.09090909090909091	0.08181818181818182	100000000	0.1	3.407	0.5284216769149026
p01-s01-c0020	c0020	sb0001	3	100	0.9551359715446892	100	100	0.09090909090909091	0.08181818181818182	100000000	0.1	3.434	0.5383807082252633
p01-s01-c0020	c0020	sb0001	4	100	0.9549670090444139	100	100	0.09090909090909091	0.08181818181818182	100000000	0.1	3.404	0.5345359903253468
p01-s01-c0020	c0020	sb0001	5	100	0.9547189912530379	100	100	0.09090909090909091	0.08181818181818182	100000000	0.1	3.4	0.5358982951785806
p01-s01-c0020	c0020	sb0002	0	100	0.9549670784452735								
p01-s01-c0020	c0020	sb0002	1	100	0.9550061593204567	100	100	0.09090909090909091	0.08181818181818182	100000000	0.1	3.357	0.5226472241291579
p01-s01-c0020	c0020	sb0002	2	100	0.955189222446475	100	100	0.09090909090909091	0.08181818181818182	100000000	0.1	3.461	0.5431842001266307
p01-s01-c0020	c0020	sb0002	3	100	0.9549954939245829	100	100	0.09090909090909091	0.08181818181818182	100000000	0.1	3.425	0.5322826162275339
p01-s01-c0020	c0020	sb0002	4	100	0.9550352186971852	100	100	0.09090909090909091	0.08181818181818182	100000000	0.1	3.4	0.539118892690645
p01-s01-c0020	c0020	sb0002	5	100	0.9550610842887821	100	100	0.09090909090909091	0.08181818181818182	100000000	0.1	3.408	0.5382986660064488
p01-s01-c0020	c0020	sb0003	0	100	0.9549670784452735								
p01-s01-c0020	c0020	sb0003	1	100	0.9549130758178845	100	100	0.09090909090909091	0.08181818181818182	100000000	0.1	3.441	0.5259791297793414
p01-s01-c0020	c0020	sb0003	2	100	0.9548591437387486	100	100	0.09090909090909091	0.08181818181818182	100000000	0.1	3.351	0.5295109462501165
p01-s01-c0020	c0020	sb0003	3	100	0.9548588378922377	100	100	0.09090909090909091	0.08181818181818182	100000000	0.1	3.412	0.5295294526775304
p01-s01-c0020	c0020	sb0003	4	100	0.9548223700958565	100	100	0.09090909090909091	0.08181818181818182	100000000	0.1	3.479	0.5435526654707961
p01-s01-c0020	c0020	sb0003	5	100	0.9547296331968669	100	100	0.09090909090909091	0.08181818181818182	100000000	0.1	3.357	0.5298763384822279
