contrast	treatment	reference	response	n_pairs	scale	mean	ci90_low	ci90_high	margin	status
pooling-H1000-vs-100-a0.001-u0	p01-s03-c0035	p01-s03-c0027	D0	12	relative change	0.0	0.0	0.0	0.05	equivalent
pooling-H1000-vs-100-a0.001-u0	p01-s03-c0035	p01-s03-c0027	D1	12	relative change	3.536974483518233e-05	-4.444054004331445e-05	0.0001151800297136791	0.05	equivalent
pooling-H1000-vs-100-a0.001-u0	p01-s03-c0035	p01-s03-c0027	D2	12	relative change	3.947173596000978e-05	-4.660331418071693e-05	0.0001255467861007365	0.05	equivalent
pooling-H1000-vs-100-a0.001-u0	p01-s03-c0035	p01-s03-c0027	evenness	12	absolute difference	7.677947953014611e-06	-9.652937191669726e-06	2.500883309769895e-05	0.02	equivalent
pooling-H1000-vs-100-a0.001-u0	p01-s03-c0035	p01-s03-c0027	TV	12	absolute difference	-0.0002608983333333293	-0.00029328000092766933	-0.00022851666573898925	0.05	equivalent
pooling-H10000-vs-1000-a0.001-u0	p01-s03-c0043	p01-s03-c0035	D0	12	relative change	0.0	0.0	0.0	0.05	equivalent
pooling-H10000-vs-1000-a0.001-u0	p01-s03-c0043	p01-s03-c0035	D1	12	relative change	2.2980138039604045e-06	-2.3624699312208397e-05	2.8220726920129204e-05	0.05	equivalent
pooling-H10000-vs-1000-a0.001-u0	p01-s03-c0043	p01-s03-c0035	D2	12	relative change	-1.8786503381366486e-06	-3.7117571959598685e-05	3.336027128332539e-05	0.05	equivalent
pooling-H10000-vs-1000-a0.001-u0	p01-s03-c0043	p01-s03-c0035	evenness	12	absolute difference	4.987579424279668e-07	-5.130310717847628e-06	6.127826602703562e-06	0.02	equivalent
pooling-H10000-vs-1000-a0.001-u0	p01-s03-c0043	p01-s03-c0035	TV	12	absolute difference	-5.9401500000001095e-05	-6.926295274965197e-05	-4.9540047250350215e-05	0.05	equivalent
pooling-H1000-vs-100-a0.001-u1e-10	p01-s03-c0036	p01-s03-c0028	D0	12	relative change	-0.001609396233741021	-0.005883119950395718	0.0026643274829136754	0.05	equivalent
pooling-H1000-vs-100-a0.001-u1e-10	p01-s03-c0036	p01-s03-c0028	D1	12	relative change	1.1437752373342583e-05	-6.462249776716834e-05	8.749800251385351e-05	0.05	equivalent
pooling-H1000-vs-100-a0.001-u1e-10	p01-s03-c0036	p01-s03-c0028	D2	12	relative change	-2.952017762096008e-05	-0.00011384741326251164	5.480705802059147e-05	0.05	equivalent
pooling-H1000-vs-100-a0.001-u1e-10	p01-s03-c0036	p01-s03-c0028	evenness	12	absolute difference	0.000274308616089014	-0.0004284375649657925	0.0009770547971438206	0.02	equivalent
pooling-H1000-vs-100-a0.001-u1e-10	p01-s03-c0036	p01-s03-c0028	TV	12	absolute difference	-0.00024504074999999866	-0.0002673022499194446	-0.00022277925008055272	0.05	equivalent
pooling-H10000-vs-1000-a0.001-u1e-10	p01-s03-c0044	p01-s03-c0036	D0	12	relative change	1.6501650165016517e-05	-0.0030942818045645868	0.0031272851048946195	0.05	equivalent
pooling-H10000-vs-1000-a0.001-u1e-10	p01-s03-c0044	p01-s03-c0036	D1	12	relative change	1.2885903080683825e-06	-2.0387893984488772e-05	2.2965074600625537e-05	0.05	equivalent
pooling-H10000-vs-1000-a0.001-u1e-10	p01-s03-c0044	p01-s03-c0036	D2	12	relative change	6.821595956626089e-07	-3.17938336970149e-05	3.315815288834012e-05	0.05	equivalent
pooling-H10000-vs-1000-a0.001-u1e-10	p01-s03-c0044	p01-s03-c0036	evenness	12	absolute difference	2.7848923861428787e-07	-0.0005186968516602888	0.0005192538301375173	0.02	equivalent
pooling-H10000-vs-1000-a0.001-u1e-10	p01-s03-c0044	p01-s03-c0036	TV	12	absolute difference	-5.583816666666045e-05	-6.617977665630617e-05	-4.549655667701473e-05	0.05	equivalent
pooling-H1000-vs-100-a0.01-u0	p01-s03-c0037	p01-s03-c0029	D0	12	relative change	0.0	0.0	0.0	0.05	equivalent
pooling-H1000-vs-100-a0.01-u0	p01-s03-c0037	p01-s03-c0029	D1	12	relative change	0.00036693514176124503	-0.0005658258559739903	0.0012996961394964805	0.05	equivalent
pooling-H1000-vs-100-a0.01-u0	p01-s03-c0037	p01-s03-c0029	D2	12	relative change	0.0004636436368725405	-0.0005119102142472468	0.0014391974879923277	0.05	equivalent
pooling-H1000-vs-100-a0.01-u0	p01-s03-c0037	p01-s03-c0029	evenness	12	absolute difference	7.934221758653288e-05	-0.00012321291696591497	0.0002818973521389807	0.02	equivalent
pooling-H1000-vs-100-a0.01-u0	p01-s03-c0037	p01-s03-c0029	TV	12	absolute difference	-0.0027658561666666606	-0.0030521460357605603	-0.002479566297572761	0.05	equivalent
pooling-H10000-vs-1000-a0.01-u0	p01-s03-c0045	p01-s03-c0037	D0	12	relative change	0.0	0.0	0.0	0.05	equivalent
pooling-H10000-vs-1000-a0.01-u0	p01-s03-c0045	p01-s03-c0037	D1	12	relative change	9.654685769661109e-06	-0.0002328853333299993	0.0002521947048693215	0.05	equivalent
pooling-H10000-vs-1000-a0.01-u0	p01-s03-c0045	p01-s03-c0037	D2	12	relative change	4.281292937076871e-06	-0.0003022053860104054	0.0003107679718845591	0.05	equivalent
pooling-H10000-vs-1000-a0.01-u0	p01-s03-c0045	p01-s03-c0037	evenness	12	absolute difference	2.0746948816337727e-06	-5.059230175085686e-05	5.474169151412441e-05	0.02	equivalent
pooling-H10000-vs-1000-a0.01-u0	p01-s03-c0045	p01-s03-c0037	TV	12	absolute difference	-0.0009354430000000014	-0.0010254078762155674	-0.0008454781237844353	0.05	equivalent
pooling-H1000-vs-100-a0.01-u1e-10	p01-s03-c0038	p01-s03-c0030	D0	12	relative change	-0.00421629544034403	-0.018316738286166555	0.009884147405478497	0.05	equivalent
pooling-H1000-vs-100-a0.01-u1e-10	p01-s03-c0038	p01-s03-c0030	D1	12	relative change	0.00017541498234865024	-0.0005785494468651228	0.0009293794115624234	0.05	equivalent
pooling-H1000-vs-100-a0.01-u1e-10	p01-s03-c0038	p01-s03-c0030	D2	12	relative change	-0.00033356921190180744	-0.0010590906293506301	0.0003919522055470154	0.05	equivalent
pooling-H1000-vs-100-a0.01-u1e-10	p01-s03-c0038	p01-s03-c0030	evenness	12	absolute difference	0.0007699411513677571	-0.0015513277021493906	0.0030912100048849046	0.02	equivalent
pooling-H1000-vs-100-a0.01-u1e-10	p01-s03-c0038	p01-s03-c0030	TV	12	absolute difference	-0.002677186833333327	-0.002877911275185055	-0.0024764623914815993	0.05	equivalent
pooling-H10000-vs-1000-a0.01-u1e-10	p01-s03-c0046	p01-s03-c0038	D0	12	relative change	0.00734739926919889	-0.002950395220074198	0.017645193758471976	0.05	equivalent
pooling-H10000-vs-1000-a0.01-u1e-10	p01-s03-c0046	p01-s03-c0038	D1	12	relative change	4.414597541823236e-05	-0.00015723235359851168	0.0002455243044349764	0.05	equivalent
pooling-H10000-vs-1000-a0.01-u1e-10	p01-s03-c0046	p01-s03-c0038	D2	12	relative change	3.972755111750215e-05	-0.0002821024517693579	0.00036155755400436217	0.05	equivalent
pooling-H10000-vs-1000-a0.01-u1e-10	p01-s03-c0046	p01-s03-c0038	evenness	12	absolute difference	-0.0011551782630694434	-0.0028434519588102763	0.0005330954326713897	0.02	equivalent
pooling-H10000-vs-1000-a0.01-u1e-10	p01-s03-c0046	p01-s03-c0038	TV	12	absolute difference	-0.0008475062499999992	-0.000932991536608483	-0.0007620209633915153	0.05	equivalent
pooling-H1000-vs-100-a0.1-u0	p01-s03-c0039	p01-s03-c0031	D0	12	relative change	0.0	0.0	0.0	0.05	equivalent
pooling-H1000-vs-100-a0.1-u0	p01-s03-c0039	p01-s03-c0031	D1	12	relative change	0.008224309471201572	-0.0013174721525669834	0.017766091094970127	0.05	equivalent
pooling-H1000-vs-100-a0.1-u0	p01-s03-c0039	p01-s03-c0031	D2	12	relative change	0.006845409602305601	-0.004745114033263573	0.018435933237874774	0.05	equivalent
pooling-H1000-vs-100-a0.1-u0	p01-s03-c0039	p01-s03-c0031	evenness	12	absolute difference	0.0017451969715769715	-0.0003200709667908624	0.0038104649099448057	0.02	equivalent
pooling-H1000-vs-100-a0.1-u0	p01-s03-c0039	p01-s03-c0031	TV	12	absolute difference	-0.025716288583333333	-0.02768801865221465	-0.023744558514452018	0.05	equivalent
pooling-H10000-vs-1000-a0.1-u0	p01-s03-c0047	p01-s03-c0039	D0	12	relative change	0.0	0.0	0.0	0.05	equivalent
pooling-H10000-vs-1000-a0.1-u0	p01-s03-c0047	p01-s03-c0039	D1	12	relative change	0.002244362730676223	-0.000973555383687178	0.005462280845039623	0.05	equivalent
pooling-H10000-vs-1000-a0.1-u0	p01-s03-c0047	p01-s03-c0039	D2	12	relative change	0.0006925834326578784	-0.0030117746807677543	0.0043969415460835114	0.05	equivalent
pooling-H10000-vs-1000-a0.1-u0	p01-s03-c0047	p01-s03-c0039	evenness	12	absolute difference	0.00048298878590316563	-0.00021488693090689244	0.0011808645027132237	0.02	equivalent
pooling-H10000-vs-1000-a0.1-u0	p01-s03-c0047	p01-s03-c0039	TV	12	absolute difference	-0.009187178250000002	-0.010029675135457855	-0.00834468136454215	0.05	equivalent
pooling-H1000-vs-100-a0.1-u1e-10	p01-s03-c0040	p01-s03-c0032	D0	12	relative change	-0.006178545558650245	-0.03450380626507124	0.022146715147770755	0.05	equivalent
pooling-H1000-vs-100-a0.1-u1e-10	p01-s03-c0040	p01-s03-c0032	D1	12	relative change	-0.0001845844592264223	-0.006583922393837636	0.006214753475384791	0.05	equivalent
pooling-H1000-vs-100-a0.1-u1e-10	p01-s03-c0040	p01-s03-c0032	D2	12	relative change	-0.003978439966264051	-0.012520839737533429	0.004563959805005328	0.05	equivalent
pooling-H1000-vs-100-a0.1-u1e-10	p01-s03-c0040	p01-s03-c0032	evenness	12	absolute difference	0.0009784348419559867	-0.002593578705766605	0.004550448389678579	0.02	equivalent
pooling-H1000-vs-100-a0.1-u1e-10	p01-s03-c0040	p01-s03-c0032	TV	12	absolute difference	-0.025464088166666662	-0.02828302908365832	-0.022645147249675004	0.05	equivalent
pooling-H10000-vs-1000-a0.1-u1e-10	p01-s03-c0048	p01-s03-c0040	D0	12	relative change	0.021857097379743406	-0.00500819807546056	0.04872239283494737	0.05	equivalent
pooling-H10000-vs-1000-a0.1-u1e-10	p01-s03-c0048	p01-s03-c0040	D1	12	relative change	0.003204381164385132	0.0006686140605016338	0.00574014826826863	0.05	equivalent
pooling-H10000-vs-1000-a0.1-u1e-10	p01-s03-c0048	p01-s03-c0040	D2	12	relative change	0.0017437538810092152	-0.0013955208785545686	0.004883028640572999	0.05	equivalent
pooling-H10000-vs-1000-a0.1-u1e-10	p01-s03-c0048	p01-s03-c0040	evenness	12	absolute difference	-0.0022050884662109895	-0.0059451270701652795	0.001534950137743301	0.02	equivalent
pooling-H10000-vs-1000-a0.1-u1e-10	p01-s03-c0048	p01-s03-c0040	TV	12	absolute difference	-0.00900314741666667	-0.009739489032181288	-0.008266805801152051	0.05	equivalent
pooling-H1000-vs-100-a0.99-u0	p01-s03-c0041	p01-s03-c0033	D0	12	relative change	0.0	0.0	0.0	0.05	equivalent
pooling-H1000-vs-100-a0.99-u0	p01-s03-c0041	p01-s03-c0033	D1	12	relative change	0.3835004392575892	0.2587551217655465	0.5082457567496319	0.05	increase
pooling-H1000-vs-100-a0.99-u0	p01-s03-c0041	p01-s03-c0033	D2	12	relative change	0.37306851768400634	0.18701537305488655	0.5591216623131261	0.05	increase
pooling-H1000-vs-100-a0.99-u0	p01-s03-c0041	p01-s03-c0033	evenness	12	absolute difference	0.06740790386069931	0.04745404670655972	0.08736176101483889	0.02	increase
pooling-H1000-vs-100-a0.99-u0	p01-s03-c0041	p01-s03-c0033	TV	12	absolute difference	-0.17450046716666667	-0.19334592874512674	-0.1556550055882066	0.05	decrease
pooling-H10000-vs-1000-a0.99-u0	p01-s03-c0049	p01-s03-c0041	D0	12	relative change	0.0	0.0	0.0	0.05	equivalent
pooling-H10000-vs-1000-a0.99-u0	p01-s03-c0049	p01-s03-c0041	D1	12	relative change	0.07501249214713128	0.04421669157835402	0.10580829271590854	0.05	uncertain
pooling-H10000-vs-1000-a0.99-u0	p01-s03-c0049	p01-s03-c0041	D2	12	relative change	0.04180438870885297	0.00495501919042636	0.07865375822727957	0.05	uncertain
pooling-H10000-vs-1000-a0.99-u0	p01-s03-c0049	p01-s03-c0041	evenness	12	absolute difference	0.015403957717602668	0.009198554461818952	0.021609360973386383	0.02	uncertain
pooling-H10000-vs-1000-a0.99-u0	p01-s03-c0049	p01-s03-c0041	TV	12	absolute difference	-0.08149429216666666	-0.0858487741767766	-0.07713981015655673	0.05	decrease
pooling-H1000-vs-100-a0.99-u1e-10	p01-s03-c0042	p01-s03-c0034	D0	12	relative change	0.0454659390263732	0.012081594529451546	0.07885028352329485	0.05	uncertain
pooling-H1000-vs-100-a0.99-u1e-10	p01-s03-c0042	p01-s03-c0034	D1	12	relative change	0.3617099981400445	0.28805147562904704	0.435368520651042	0.05	increase
pooling-H1000-vs-100-a0.99-u1e-10	p01-s03-c0042	p01-s03-c0034	D2	12	relative change	0.269152833207033	0.18691557754541732	0.35139008886864864	0.05	increase
pooling-H1000-vs-100-a0.99-u1e-10	p01-s03-c0042	p01-s03-c0034	evenness	12	absolute difference	0.05651027825067561	0.04344012234002368	0.06958043416132753	0.02	increase
pooling-H1000-vs-100-a0.99-u1e-10	p01-s03-c0042	p01-s03-c0034	TV	12	absolute difference	-0.17479245275	-0.19227436513735108	-0.1573105403626489	0.05	decrease
pooling-H10000-vs-1000-a0.99-u1e-10	p01-s03-c0050	p01-s03-c0042	D0	12	relative change	-0.12594348845199668	-0.14339551539261822	-0.10849146151137515	0.05	decrease
pooling-H10000-vs-1000-a0.99-u1e-10	p01-s03-c0050	p01-s03-c0042	D1	12	relative change	0.07608651460556039	0.05193406839532008	0.10023896081580069	0.05	increase
pooling-H10000-vs-1000-a0.99-u1e-10	p01-s03-c0050	p01-s03-c0042	D2	12	relative change	0.0506557967688889	0.016793639064199603	0.0845179544735782	0.05	uncertain
pooling-H10000-vs-1000-a0.99-u1e-10	p01-s03-c0050	p01-s03-c0042	evenness	12	absolute difference	0.03541347683592009	0.030430496073412274	0.0403964575984279	0.02	increase
pooling-H10000-vs-1000-a0.99-u1e-10	p01-s03-c0050	p01-s03-c0042	TV	12	absolute difference	-0.07945194033333335	-0.08659228318342484	-0.07231159748324185	0.05	decrease
feedback-H100-a0.01-vs-0.001-u0	p01-s03-c0029	p01-s03-c0027	D0	12	relative change	0.0	0.0	0.0	0.05	equivalent
feedback-H100-a0.01-vs-0.001-u0	p01-s03-c0029	p01-s03-c0027	D1	12	relative change	-0.0002899384600633566	-0.0011320228573012045	0.0005521459371744912	0.05	equivalent
feedback-H100-a0.01-vs-0.001-u0	p01-s03-c0029	p01-s03-c0027	D2	12	relative change	-0.0004143844331386907	-0.0013656986324990254	0.0005369297662216441	0.05	equivalent
feedback-H100-a0.01-vs-0.001-u0	p01-s03-c0029	p01-s03-c0027	evenness	12	absolute difference	-6.323115559621802e-05	-0.00024611538300344145	0.00011965307181100543	0.02	equivalent
feedback-H100-a0.01-vs-0.001-u0	p01-s03-c0029	p01-s03-c0027	TV	12	absolute difference	0.0036993807499999987	0.0034679368694849845	0.003930824630515013	0.05	equivalent
feedback-H100-a0.1-vs-0.01-u0	p01-s03-c0031	p01-s03-c0029	D0	12	relative change	0.0	0.0	0.0	0.05	equivalent
feedback-H100-a0.1-vs-0.01-u0	p01-s03-c0031	p01-s03-c0029	D1	12	relative change	-0.009451567813894076	-0.017333472876612646	-0.0015696627511755084	0.05	equivalent
feedback-H100-a0.1-vs-0.01-u0	p01-s03-c0031	p01-s03-c0029	D2	12	relative change	-0.006504646408121965	-0.01646314843538667	0.003453855619142742	0.05	equivalent
feedback-H100-a0.1-vs-0.01-u0	p01-s03-c0031	p01-s03-c0029	evenness	12	absolute difference	-0.002085420138460905	-0.0038039995420760682	-0.00036684073484574134	0.02	equivalent
feedback-H100-a0.1-vs-0.01-u0	p01-s03-c0031	p01-s03-c0029	TV	12	absolute difference	0.034799727583333336	0.0326256967604273	0.03697375840623937	0.05	equivalent
feedback-H100-a0.99-vs-0.1-u0	p01-s03-c0033	p01-s03-c0031	D0	12	relative change	0.0	0.0	0.0	0.05	equivalent
feedback-H100-a0.99-vs-0.1-u0	p01-s03-c0033	p01-s03-c0031	D1	12	relative change	-0.31037913997576433	-0.3630373506536574	-0.25772092929787127	0.05	decrease
feedback-H100-a0.99-vs-0.1-u0	p01-s03-c0033	p01-s03-c0031	D2	12	relative change	-0.260071059528291	-0.34450114940563903	-0.17564096965094303	0.05	decrease
feedback-H100-a0.99-vs-0.1-u0	p01-s03-c0033	p01-s03-c0031	evenness	12	absolute difference	-0.08283162944789389	-0.09929445428255848	-0.0663688046132293	0.02	decrease
feedback-H100-a0.99-vs-0.1-u0	p01-s03-c0033	p01-s03-c0031	TV	12	absolute difference	0.25675303316666664	0.23617448116996767	0.27733158516336565	0.05	increase
feedback-H100-a0.01-vs-0.001-u1e-10	p01-s03-c0030	p01-s03-c0028	D0	12	relative change	0.05147803015595681	0.0363239580503983	0.06663210226151532	0.05	uncertain
feedback-H100-a0.01-vs-0.001-u1e-10	p01-s03-c0030	p01-s03-c0028	D1	12	relative change	-0.0001933594604201875	-0.0008867292382808593	0.0005000103174404843	0.05	equivalent
feedback-H100-a0.01-vs-0.001-u1e-10	p01-s03-c0030	p01-s03-c0028	D2	12	relative change	0.0002598133863486729	-0.0003420951318634022	0.000861721904560748	0.05	equivalent
feedback-H100-a0.01-vs-0.001-u1e-10	p01-s03-c0030	p01-s03-c0028	evenness	12	absolute difference	-0.008219249676525542	-0.010587660472098144	-0.00585083888095294	0.02	equivalent
feedback-H100-a0.01-vs-0.001-u1e-10	p01-s03-c0030	p01-s03-c0028	TV	12	absolute difference	0.0035247634999999978	0.0033607100477681	0.0036888169522318955	0.05	equivalent
feedback-H100-a0.1-vs-0.01-u1e-10	p01-s03-c0032	p01-s03-c0030	D0	12	relative change	0.48092777192703345	0.43987797710816195	0.521977566745905	0.05	increase
feedback-H100-a0.1-vs-0.01-u1e-10	p01-s03-c0032	p01-s03-c0030	D1	12	relative change	-0.002369462892736124	-0.007961207333055633	0.0032222815475833853	0.05	equivalent
feedback-H100-a0.1-vs-0.01-u1e-10	p01-s03-c0032	p01-s03-c0030	D2	12	relative change	0.002116996587018231	-0.005916902554760153	0.010150895728796613	0.05	equivalent
feedback-H100-a0.1-vs-0.01-u1e-10	p01-s03-c0032	p01-s03-c0030	evenness	12	absolute difference	-0.05917582967305696	-0.0630102208858958	-0.055341438460218106	0.02	decrease
feedback-H100-a0.1-vs-0.01-u1e-10	p01-s03-c0032	p01-s03-c0030	TV	12	absolute difference	0.03439028475000001	0.031765998288772496	0.03701457121122752	0.05	equivalent
feedback-H100-a0.99-vs-0.1-u1e-10	p01-s03-c0034	p01-s03-c0032	D0	12	relative change	-0.19097271927457457	-0.22073527350226213	-0.161210165046887	0.05	decrease
feedback-H100-a0.99-vs-0.1-u1e-10	p01-s03-c0034	p01-s03-c0032	D1	12	relative change	-0.3173047298413088	-0.35938684372961777	-0.27522261595299985	0.05	decrease
feedback-H100-a0.99-vs-0.1-u1e-10	p01-s03-c0034	p01-s03-c0032	D2	12	relative change	-0.24585743246038408	-0.3013395186056923	-0.19037534631507583	0.05	decrease
feedback-H100-a0.99-vs-0.1-u1e-10	p01-s03-c0034	p01-s03-c0032	evenness	12	absolute difference	-0.04930341878452044	-0.061567666257491424	-0.03703917131154946	0.02	decrease
feedback-H100-a0.99-vs-0.1-u1e-10	p01-s03-c0034	p01-s03-c0032	TV	12	absolute difference	0.2573954508333333	0.24250098956158458	0.2722899121050821	0.05	increase
mutation-H100-a0.001	p01-s03-c0028	p01-s03-c0027	D0	12	relative change	0.0050000000000000044	0.0008643808885349128	0.009135619111465095	0.05	equivalent
mutation-H100-a0.001	p01-s03-c0028	p01-s03-c0027	D1	12	relative change	1.9000714562141436e-05	-4.226001877800784e-05	8.02614479022907e-05	0.05	equivalent
mutation-H100-a0.001	p01-s03-c0028	p01-s03-c0027	D2	12	relative change	6.327375588915014e-05	-6.927919287499527e-06	0.00013347543106579981	0.05	equivalent
mutation-H100-a0.001	p01-s03-c0028	p01-s03-c0027	evenness	12	absolute difference	-0.0008190613985921321	-0.0014982064998475015	-0.00013991629733676276	0.02	equivalent
mutation-H100-a0.001	p01-s03-c0028	p01-s03-c0027	TV	12	absolute difference	-2.1575166666668096e-05	-4.97141467691934e-05	6.563813435857214e-06	0.05	equivalent
mutation-H100-a0.01	p01-s03-c0030	p01-s03-c0029	D0	12	relative change	0.05666666666666672	0.04228372415608067	0.07104960917725277	0.05	uncertain
mutation-H100-a0.01	p01-s03-c0030	p01-s03-c0029	D1	12	relative change	0.00011672805825443018	-0.000539497439288602	0.0007729535557974625	0.05	equivalent
mutation-H100-a0.01	p01-s03-c0030	p01-s03-c0029	D2	12	relative change	0.0007394350702550623	8.85652958105993e-05	0.0013903048446995254	0.05	equivalent
mutation-H100-a0.01	p01-s03-c0030	p01-s03-c0029	evenness	12	absolute difference	-0.008975079919521456	-0.011133508357117607	-0.006816651481925305	0.02	equivalent
mutation-H100-a0.01	p01-s03-c0030	p01-s03-c0029	TV	12	absolute difference	-0.00019619241666666906	-0.0005067390835102455	0.00011435425017690732	0.05	equivalent
mutation-H100-a0.1	p01-s03-c0032	p01-s03-c0031	D0	12	relative change	0.5641666666666666	0.5227244063827146	0.6056089269506186	0.05	increase
mutation-H100-a0.1	p01-s03-c0032	p01-s03-c0031	D1	12	relative change	0.007445055490253649	-0.0011383961430776468	0.016028507123584945	0.05	equivalent
mutation-H100-a0.1	p01-s03-c0032	p01-s03-c0031	D2	12	relative change	0.009648401513983626	-0.0002480700641389333	0.019544873092106185	0.05	equivalent
mutation-H100-a0.1	p01-s03-c0032	p01-s03-c0031	evenness	12	absolute difference	-0.06606548945411751	-0.06989226791619516	-0.06223871099203987	0.02	decrease
mutation-H100-a0.1	p01-s03-c0032	p01-s03-c0031	TV	12	absolute difference	-0.0006056352500000023	-0.0035048217688023026	0.002293551268802298	0.05	equivalent
mutation-H100-a0.99	p01-s03-c0034	p01-s03-c0033	D0	12	relative change	0.2625	0.2293320695288772	0.29566793047112283	0.05	increase
mutation-H100-a0.99	p01-s03-c0034	p01-s03-c0033	D1	12	relative change	0.022155099734605704	-0.09497131833968393	0.13928151780889533	0.05	uncertain
mutation-H100-a0.99	p01-s03-c0034	p01-s03-c0033	D2	12	relative change	0.0914266321382398	-0.09721965629883196	0.2800729205753116	0.05	uncertain
mutation-H100-a0.99	p01-s03-c0034	p01-s03-c0033	evenness	12	absolute difference	-0.032537278790744056	-0.05481268322038238	-0.010261874361105733	0.02	uncertain
mutation-H100-a0.99	p01-s03-c0034	p01-s03-c0033	TV	12	absolute difference	3.678241666665629e-05	-0.025905318937980176	0.025978883771313487	0.05	equivalent
feedback-H1000-a0.01-vs-0.001-u0	p01-s03-c0037	p01-s03-c0035	D0	12	relative change	0.0	0.0	0.0	0.05	equivalent
feedback-H1000-a0.01-vs-0.001-u0	p01-s03-c0037	p01-s03-c0035	D1	12	relative change	3.891111662043811e-05	-0.00017001863302638302	0.00024784086626725925	0.05	equivalent
feedback-H1000-a0.01-vs-0.001-u0	p01-s03-c0037	p01-s03-c0035	D2	12	relative change	6.551756691508537e-06	-0.00024863135673762715	0.0002617348701206442	0.05	equivalent
feedback-H1000-a0.01-vs-0.001-u0	p01-s03-c0037	p01-s03-c0035	evenness	12	absolute difference	8.433114037300257e-06	-3.693367005325283e-05	5.379989812785335e-05	0.02	equivalent
feedback-H1000-a0.01-vs-0.001-u0	p01-s03-c0037	p01-s03-c0035	TV	12	absolute difference	0.0011944229166666672	0.0011081684116166055	0.0012806774217167288	0.05	equivalent
feedback-H1000-a0.1-vs-0.01-u0	p01-s03-c0039	p01-s03-c0037	D0	12	relative change	0.0	0.0	0.0	0.05	equivalent
feedback-H1000-a0.1-vs-0.01-u0	p01-s03-c0039	p01-s03-c0037	D1	12	relative change	-0.0019156423809069956	-0.004847248348741734	0.0010159635869277429	0.05	equivalent
feedback-H1000-a0.1-vs-0.01-u0	p01-s03-c0039	p01-s03-c0037	D2	12	relative change	-0.0005442916603408584	-0.0038266141966883487	0.0027380308760066316	0.05	equivalent
feedback-H1000-a0.1-vs-0.01-u0	p01-s03-c0039	p01-s03-c0037	evenness	12	absolute difference	-0.0004195653844704661	-0.0010566653969901047	0.00021753462804917248	0.02	equivalent
feedback-H1000-a0.1-vs-0.01-u0	p01-s03-c0039	p01-s03-c0037	TV	12	absolute difference	0.011849295166666668	0.011096449532443537	0.012602140800889798	0.05	equivalent
feedback-H1000-a0.99-vs-0.1-u0	p01-s03-c0041	p01-s03-c0039	D0	12	relative change	0.0	0.0	0.0	0.05	equivalent
feedback-H1000-a0.99-vs-0.1-u0	p01-s03-c0041	p01-s03-c0039	D1	12	relative change	-0.07482493260980219	-0.09999850419465603	-0.049651361024948354	0.05	uncertain
feedback-H1000-a0.99-vs-0.1-u0	p01-s03-c0041	p01-s03-c0039	D2	12	relative change	-0.04262561280851188	-0.07337157255192689	-0.011879653065096873	0.05	uncertain
feedback-H1000-a0.99-vs-0.1-u0	p01-s03-c0041	p01-s03-c0039	evenness	12	absolute difference	-0.01716892255877156	-0.023186934548431383	-0.011150910569111737	0.02	uncertain
feedback-H1000-a0.99-vs-0.1-u0	p01-s03-c0041	p01-s03-c0039	TV	12	absolute difference	0.10796885458333333	0.10359224319905312	0.11234546596761354	0.05	increase
feedback-H1000-a0.01-vs-0.001-u1e-10	p01-s03-c0038	p01-s03-c0036	D0	12	relative change	0.0481600660066007	0.03941105022474737	0.05690908178845403	0.05	uncertain
feedback-H1000-a0.01-vs-0.001-u1e-10	p01-s03-c0038	p01-s03-c0036	D1	12	relative change	-3.113669958051032e-05	-0.0002161995601542696	0.00015392616099324895	0.05	equivalent
feedback-H1000-a0.01-vs-0.001-u1e-10	p01-s03-c0038	p01-s03-c0036	D2	12	relative change	-4.568705841574242e-05	-0.00033239014924261323	0.00024101603241112837	0.05	equivalent
feedback-H1000-a0.01-vs-0.001-u1e-10	p01-s03-c0038	p01-s03-c0036	evenness	12	absolute difference	-0.0077236171412467984	-0.009094276685880158	-0.0063529575966134386	0.02	equivalent
feedback-H1000-a0.01-vs-0.001-u1e-10	p01-s03-c0038	p01-s03-c0036	TV	12	absolute difference	0.0010926174166666696	0.0010176486479249096	0.0011675861854084297	0.05	equivalent
feedback-H1000-a0.1-vs-0.01-u1e-10	p01-s03-c0040	p01-s03-c0038	D0	12	relative change	0.4760638558248749	0.4389638331284579	0.513163878521292	0.05	increase
feedback-H1000-a0.1-vs-0.01-u1e-10	p01-s03-c0040	p01-s03-c0038	D1	12	relative change	-0.0028426789686469924	-0.0050116888843441286	-0.0006736690529498563	0.05	equivalent
feedback-H1000-a0.1-vs-0.01-u1e-10	p01-s03-c0040	p01-s03-c0038	D2	12	relative change	-0.0017577213000149472	-0.004507469228103068	0.0009920266280731733	0.05	equivalent
feedback-H1000-a0.1-vs-0.01-u1e-10	p01-s03-c0040	p01-s03-c0038	evenness	12	absolute difference	-0.05896733598246873	-0.06251935210504547	-0.05541531985989199	0.02	decrease
feedback-H1000-a0.1-vs-0.01-u1e-10	p01-s03-c0040	p01-s03-c0038	TV	12	absolute difference	0.011603383416666668	0.010932458263248993	0.012274308570084344	0.05	equivalent
feedback-H1000-a0.99-vs-0.1-u1e-10	p01-s03-c0042	p01-s03-c0040	D0	12	relative change	-0.15040364676893284	-0.16947016333264373	-0.13133713020522195	0.05	decrease
feedback-H1000-a0.99-vs-0.1-u1e-10	p01-s03-c0042	p01-s03-c0040	D1	12	relative change	-0.08029969267865297	-0.09572783236098804	-0.0648715529963179	0.05	decrease
feedback-H1000-a0.99-vs-0.1-u1e-10	p01-s03-c0042	p01-s03-c0040	D2	12	relative change	-0.053220871668511464	-0.07939414770444223	-0.027047595632580704	0.05	uncertain
feedback-H1000-a0.99-vs-0.1-u1e-10	p01-s03-c0042	p01-s03-c0040	evenness	12	absolute difference	0.006228424624199175	0.0015453263588273165	0.010911522889571033	0.02	equivalent
feedback-H1000-a0.99-vs-0.1-u1e-10	p01-s03-c0042	p01-s03-c0040	TV	12	absolute difference	0.10806708625	0.10157434479163269	0.11455982770836731	0.05	increase
mutation-H1000-a0.001	p01-s03-c0036	p01-s03-c0035	D0	12	relative change	0.003333333333333336	0.0007807738010680815	0.005885892865598591	0.05	equivalent
mutation-H1000-a0.001	p01-s03-c0036	p01-s03-c0035	D1	12	relative change	-4.93554341887692e-06	-2.5849527451232033e-05	1.5978440613478193e-05	0.05	equivalent
mutation-H1000-a0.001	p01-s03-c0036	p01-s03-c0035	D2	12	relative change	-5.727056055976343e-06	-2.5089293057955344e-05	1.3635180946002658e-05	0.05	equivalent
mutation-H1000-a0.001	p01-s03-c0036	p01-s03-c0035	evenness	12	absolute difference	-0.0005524307304561327	-0.000974013594236425	-0.00013084786667584038	0.02	equivalent
mutation-H1000-a0.001	p01-s03-c0036	p01-s03-c0035	TV	12	absolute difference	-5.717583333337451e-06	-1.4572264209994029e-05	3.1370975433191274e-06	0.05	equivalent
mutation-H1000-a0.01	p01-s03-c0038	p01-s03-c0037	D0	12	relative change	0.051666666666666715	0.04207332067367059	0.06126001265966284	0.05	uncertain
mutation-H1000-a0.01	p01-s03-c0038	p01-s03-c0037	D1	12	relative change	-7.488590030109894e-05	-0.0002902281646697107	0.0001404563640675128	0.05	equivalent
mutation-H1000-a0.01	p01-s03-c0038	p01-s03-c0037	D2	12	relative change	-5.7915780796123174e-05	-0.0002734092592996653	0.00015757769770741897	0.05	equivalent
mutation-H1000-a0.01	p01-s03-c0038	p01-s03-c0037	evenness	12	absolute difference	-0.008284480985740231	-0.009761558231391998	-0.006807403740088464	0.02	equivalent
mutation-H1000-a0.01	p01-s03-c0038	p01-s03-c0037	TV	12	absolute difference	-0.00010752308333333491	-0.00020885896364380258	-6.187203022867249e-06	0.05	equivalent
mutation-H1000-a0.1	p01-s03-c0040	p01-s03-c0039	D0	12	relative change	0.5516666666666666	0.5184465973850517	0.5848867359482816	0.05	increase
mutation-H1000-a0.1	p01-s03-c0040	p01-s03-c0039	D1	12	relative change	-0.0009823226919798793	-0.003920507740476066	0.001955862356516307	0.05	equivalent
mutation-H1000-a0.1	p01-s03-c0040	p01-s03-c0039	D2	12	relative change	-0.0012458172008044204	-0.004729067894521051	0.00223743349291221	0.05	equivalent
mutation-H1000-a0.1	p01-s03-c0040	p01-s03-c0039	evenness	12	absolute difference	-0.0668322515837385	-0.06966445526454051	-0.06400004790293648	0.02	decrease
mutation-H1000-a0.1	p01-s03-c0040	p01-s03-c0039	TV	12	absolute difference	-0.000353434833333333	-0.0012564150147411327	0.0005495453480744666	0.05	equivalent
mutation-H1000-a0.99	p01-s03-c0042	p01-s03-c0041	D0	12	relative change	0.3166666666666667	0.29673053940705957	0.33660279392627385	0.05	increase
mutation-H1000-a0.99	p01-s03-c0042	p01-s03-c0041	D1	12	relative change	-0.004602532389947132	-0.0344609174952024	0.025255852715308138	0.05	equivalent
mutation-H1000-a0.99	p01-s03-c0042	p01-s03-c0041	D2	12	relative change	-0.009498235311183425	-0.046592138573028574	0.02759566795066172	0.05	equivalent
mutation-H1000-a0.99	p01-s03-c0042	p01-s03-c0041	evenness	12	absolute difference	-0.043434904400767756	-0.049643826900757804	-0.03722598190077771	0.02	decrease
mutation-H1000-a0.99	p01-s03-c0042	p01-s03-c0041	TV	12	absolute difference	-0.00025520316666665976	-0.007979610145582709	0.00746920381224939	0.05	equivalent
feedback-H10000-a0.01-vs-0.001-u0	p01-s03-c0045	p01-s03-c0043	D0	12	relative change	0.0	0.0	0.0	0.05	equivalent
feedback-H10000-a0.01-vs-0.001-u0	p01-s03-c0045	p01-s03-c0043	D1	12	relative change	4.610296760054755e-05	-2.4594328086134095e-05	0.0001168002632872292	0.05	equivalent
feedback-H10000-a0.01-vs-0.001-u0	p01-s03-c0045	p01-s03-c0043	D2	12	relative change	1.2455423935973467e-05	-7.427365448897491e-05	9.918450236092185e-05	0.05	equivalent
feedback-H10000-a0.01-vs-0.001-u0	p01-s03-c0045	p01-s03-c0043	evenness	12	absolute difference	1.0009050976506062e-05	-5.340829750683926e-06	2.535893170369605e-05	0.02	equivalent
feedback-H10000-a0.01-vs-0.001-u0	p01-s03-c0045	p01-s03-c0043	TV	12	absolute difference	0.0003183814166666668	0.00029902934988040836	0.0003377334834529252	0.05	equivalent
feedback-H10000-a0.1-vs-0.01-u0	p01-s03-c0047	p01-s03-c0045	D0	12	relative change	0.0	0.0	0.0	0.05	equivalent
feedback-H10000-a0.1-vs-0.01-u0	p01-s03-c0047	p01-s03-c0045	D1	12	relative change	0.0002836834275098214	-0.0005280665106421204	0.001095433365661763	0.05	equivalent
feedback-H10000-a0.1-vs-0.01-u0	p01-s03-c0047	p01-s03-c0045	D2	12	relative change	0.00010337781845963974	-0.00080102694385279	0.0010077825807720696	0.05	equivalent
feedback-H10000-a0.1-vs-0.01-u0	p01-s03-c0047	p01-s03-c0045	evenness	12	absolute difference	6.134870655106577e-05	-0.00011474114062484996	0.0002374385537269815	0.02	equivalent
feedback-H10000-a0.1-vs-0.01-u0	p01-s03-c0047	p01-s03-c0045	TV	12	absolute difference	0.0035975599166666646	0.0034669459619290563	0.003728173871404273	0.05	equivalent
feedback-H10000-a0.99-vs-0.1-u0	p01-s03-c0049	p01-s03-c0047	D0	12	relative change	0.0	0.0	0.0	0.05	equivalent
feedback-H10000-a0.99-vs-0.1-u0	p01-s03-c0049	p01-s03-c0047	D1	12	relative change	-0.010221157097830077	-0.016936171492426964	-0.0035061427032331907	0.05	equivalent
feedback-H10000-a0.99-vs-0.1-u0	p01-s03-c0049	p01-s03-c0047	D2	12	relative change	-0.007032580260337216	-0.015512690195237967	0.0014475296745635339	0.05	equivalent
feedback-H10000-a0.99-vs-0.1-u0	p01-s03-c0049	p01-s03-c0047	evenness	12	absolute difference	-0.002247953627072058	-0.0037206840953225412	-0.0007752231588215746	0.02	equivalent
feedback-H10000-a0.99-vs-0.1-u0	p01-s03-c0049	p01-s03-c0047	TV	12	absolute difference	0.03566174066666667	0.034346449632020756	0.036977031701312585	0.05	equivalent
feedback-H10000-a0.01-vs-0.001-u1e-10	p01-s03-c0046	p01-s03-c0044	D0	12	relative change	0.05566831683168322	0.04699343181214089	0.06434320185122555	0.05	uncertain
feedback-H10000-a0.01-vs-0.001-u1e-10	p01-s03-c0046	p01-s03-c0044	D1	12	relative change	1.1612859739912329e-05	-9.752611914675885e-05	0.00012075183862658351	0.05	equivalent
feedback-H10000-a0.01-vs-0.001-u1e-10	p01-s03-c0046	p01-s03-c0044	D2	12	relative change	-6.934394200353022e-06	-0.00012571385326741057	0.00011184506486670453	0.05	equivalent
feedback-H10000-a0.01-vs-0.001-u1e-10	p01-s03-c0046	p01-s03-c0044	evenness	12	absolute difference	-0.008879073893554856	-0.010237944982287868	-0.007520202804821846	0.02	equivalent
feedback-H10000-a0.01-vs-0.001-u1e-10	p01-s03-c0046	p01-s03-c0044	TV	12	absolute difference	0.00030094933333333094	0.00028045356407536894	0.00032144510259129295	0.05	equivalent
feedback-H10000-a0.1-vs-0.01-u1e-10	p01-s03-c0048	p01-s03-c0046	D0	12	relative change	0.49489808762662074	0.4713020397457044	0.5184941355075371	0.05	increase
feedback-H10000-a0.1-vs-0.01-u1e-10	p01-s03-c0048	p01-s03-c0046	D1	12	relative change	0.00029106530747054676	-0.0006558654158955028	0.0012379960308365962	0.05	equivalent
feedback-H10000-a0.1-vs-0.01-u1e-10	p01-s03-c0048	p01-s03-c0046	D2	12	relative change	-8.407660217369754e-05	-0.0012115533570440868	0.0010434001526966915	0.05	equivalent
feedback-H10000-a0.1-vs-0.01-u1e-10	p01-s03-c0048	p01-s03-c0046	evenness	12	absolute difference	-0.06001724618561027	-0.062205558555593676	-0.05782893381562687	0.02	decrease
feedback-H10000-a0.1-vs-0.01-u1e-10	p01-s03-c0048	p01-s03-c0046	TV	12	absolute difference	0.003447742249999997	0.003255341027447434	0.00364014347255256	0.05	equivalent
feedback-H10000-a0.99-vs-0.1-u1e-10	p01-s03-c0050	p01-s03-c0048	D0	12	relative change	-0.27299432563247134	-0.2881080057745433	-0.25788064549039935	0.05	decrease
feedback-H10000-a0.99-vs-0.1-u1e-10	p01-s03-c0050	p01-s03-c0048	D1	12	relative change	-0.01471574890148103	-0.021273931772760143	-0.008157566030201917	0.05	equivalent
feedback-H10000-a0.99-vs-0.1-u1e-10	p01-s03-c0050	p01-s03-c0048	D2	12	relative change	-0.009907776988307082	-0.017896207376614254	-0.0019193465999999097	0.05	equivalent
feedback-H10000-a0.99-vs-0.1-u1e-10	p01-s03-c0050	p01-s03-c0048	evenness	12	absolute difference	0.04384698992633026	0.040483484008419966	0.04721049584424055	0.02	increase
feedback-H10000-a0.99-vs-0.1-u1e-10	p01-s03-c0050	p01-s03-c0048	TV	12	absolute difference	0.03761829333333333	0.03479931439337781	0.04043727227328885	0.05	equivalent
mutation-H10000-a0.001	p01-s03-c0044	p01-s03-c0043	D0	12	relative change	0.003333333333333336	0.0007807738010680815	0.005885892865598591	0.05	equivalent
mutation-H10000-a0.001	p01-s03-c0044	p01-s03-c0043	D1	12	relative change	-5.944996405419604e-06	-2.0564112034468147e-05	8.674119223628937e-06	0.05	equivalent
mutation-H10000-a0.001	p01-s03-c0044	p01-s03-c0043	D2	12	relative change	-3.166123461055085e-06	-1.945975998839882e-05	1.312751306628865e-05	0.05	equivalent
mutation-H10000-a0.001	p01-s03-c0044	p01-s03-c0043	evenness	12	absolute difference	-0.0005526509991599463	-0.0009748718260568964	-0.00013043017226299625	0.02	equivalent
mutation-H10000-a0.001	p01-s03-c0044	p01-s03-c0043	TV	12	absolute difference	-2.154249999996801e-06	-6.324131120241877e-06	2.015631120248275e-06	0.05	equivalent
mutation-H10000-a0.01	p01-s03-c0046	p01-s03-c0045	D0	12	relative change	0.05916666666666672	0.050761126496788246	0.06757220683654519	0.05	increase
mutation-H10000-a0.01	p01-s03-c0046	p01-s03-c0045	D1	12	relative change	-4.040851247712659e-05	-0.00018761229407300822	0.00010679526911875503	0.05	equivalent
mutation-H10000-a0.01	p01-s03-c0046	p01-s03-c0045	D2	12	relative change	-2.2524273387678855e-05	-0.00018142406617566986	0.00013637551940031217	0.05	equivalent
mutation-H10000-a0.01	p01-s03-c0046	p01-s03-c0045	evenness	12	absolute difference	-0.009441733943691308	-0.01074265481666094	-0.008140813070721677	0.02	equivalent
mutation-H10000-a0.01	p01-s03-c0046	p01-s03-c0045	TV	12	absolute difference	-1.9586333333332624e-05	-5.1745627874171316e-05	1.2572961207506063e-05	0.05	equivalent
mutation-H10000-a0.1	p01-s03-c0048	p01-s03-c0047	D0	12	relative change	0.5833333333333334	0.5555174607120442	0.6111492059546225	0.05	increase
mutation-H10000-a0.1	p01-s03-c0048	p01-s03-c0047	D1	12	relative change	-3.0095616832296706e-05	-0.0014377635974680359	0.0013775723638034423	0.05	equivalent
mutation-H10000-a0.1	p01-s03-c0048	p01-s03-c0047	D2	12	relative change	-0.00020705303700000824	-0.0016851212281725784	0.0012710151541725618	0.05	equivalent
mutation-H10000-a0.1	p01-s03-c0048	p01-s03-c0047	evenness	12	absolute difference	-0.06952032883585264	-0.07195583673795392	-0.06708482093375137	0.02	decrease
mutation-H10000-a0.1	p01-s03-c0048	p01-s03-c0047	TV	12	absolute difference	-0.00016940400000000039	-0.00042555165098126887	8.67436509812681e-05	0.05	equivalent
mutation-H10000-a0.99	p01-s03-c0050	p01-s03-c0049	D0	12	relative change	0.14999999999999994	0.13390672449161173	0.16609327550838815	0.05	increase
mutation-H10000-a0.99	p01-s03-c0050	p01-s03-c0049	D1	12	relative change	-0.004439139892171993	-0.013212938159450058	0.00433465837510607	0.05	equivalent
mutation-H10000-a0.99	p01-s03-c0050	p01-s03-c0049	D2	12	relative change	-0.0029110724435812327	-0.013202656418326198	0.007380511531163732	0.05	equivalent
mutation-H10000-a0.99	p01-s03-c0050	p01-s03-c0049	evenness	12	absolute difference	-0.023425385282450334	-0.02572312250717445	-0.02112764805772622	0.02	decrease
mutation-H10000-a0.99	p01-s03-c0050	p01-s03-c0049	TV	12	absolute difference	0.0017871486666666634	-0.0018826185423448348	0.005456915875678162	0.05	equivalent
host-return-c0027	p01-s03-c0027	p01-s02-c0021	D0	12	relative change	0.0	0.0	0.0	0.05	equivalent
host-return-c0027	p01-s03-c0027	p01-s02-c0021	D1	12	relative change	-3.4275923486417247e-05	-0.00011433432613907371	4.578247916623922e-05	0.05	equivalent
host-return-c0027	p01-s03-c0027	p01-s02-c0021	D2	12	relative change	-3.86546599149736e-05	-0.00012680950491905765	4.9500185089110465e-05	0.05	equivalent
host-return-c0027	p01-s03-c0027	p01-s02-c0021	evenness	12	absolute difference	-7.445423255684573e-06	-2.482993822440277e-05	9.939091713033622e-06	0.02	equivalent
host-return-c0027	p01-s03-c0027	p01-s02-c0021	TV	12	absolute difference	0.00033233208333333146	0.0002998973535509644	0.0003647668131156985	0.05	equivalent
host-return-c0028	p01-s03-c0028	p01-s02-c0021	D0	12	relative change	0.0050000000000000044	0.0008643808885349128	0.009135619111465095	0.05	equivalent
host-return-c0028	p01-s03-c0028	p01-s02-c0021	D1	12	relative change	-1.5283857097425635e-05	-8.926347779636548e-05	5.869576360151421e-05	0.05	equivalent
host-return-c0028	p01-s03-c0028	p01-s02-c0021	D2	12	relative change	2.4605184971354666e-05	-5.269894899664223e-05	0.00010190931893935156	0.05	equivalent
host-return-c0028	p01-s03-c0028	p01-s02-c0021	evenness	12	absolute difference	-0.0008265068218478167	-0.001497968516173489	-0.00015504512752214424	0.02	equivalent
host-return-c0028	p01-s03-c0028	p01-s02-c0021	TV	12	absolute difference	0.0003107569166666634	0.0002912885890336739	0.0003302252442996529	0.05	equivalent
host-return-c0029	p01-s03-c0029	p01-s02-c0021	D0	12	relative change	0.0	0.0	0.0	0.05	equivalent
host-return-c0029	p01-s03-c0029	p01-s02-c0021	D1	12	relative change	-0.00032401746913990337	-0.0012324048046833773	0.0005843698664035706	0.05	equivalent
host-return-c0029	p01-s03-c0029	p01-s02-c0021	D2	12	relative change	-0.000452762651632808	-0.0014849262576650919	0.0005794009543994758	0.05	equivalent
host-return-c0029	p01-s03-c0029	p01-s02-c0021	evenness	12	absolute difference	-7.06765788519026e-05	-0.00026795368686995493	0.00012660052916614972	0.02	equivalent
host-return-c0029	p01-s03-c0029	p01-s02-c0021	TV	12	absolute difference	0.00403171283333333	0.0037752233012227627	0.004288202365443897	0.05	equivalent
host-return-c0030	p01-s03-c0030	p01-s02-c0021	D0	12	relative change	0.05666666666666672	0.04228372415608067	0.07104960917725277	0.05	uncertain
host-return-c0030	p01-s03-c0030	p01-s02-c0021	D1	12	relative change	-0.0002084804010577257	-0.0009701404314440695	0.0005531796293286181	0.05	equivalent
host-return-c0030	p01-s03-c0030	p01-s02-c0021	D2	12	relative change	0.0002845701888526582	-0.0003887786264266633	0.0009579190041319797	0.05	equivalent
host-return-c0030	p01-s03-c0030	p01-s02-c0021	evenness	12	absolute difference	-0.009045756498373358	-0.011269859834750061	-0.006821653161996656	0.02	equivalent
host-return-c0030	p01-s03-c0030	p01-s02-c0021	TV	12	absolute difference	0.0038355204166666615	0.003655295022423082	0.004015745810910241	0.05	equivalent
host-return-c0031	p01-s03-c0031	p01-s02-c0021	D0	12	relative change	0.0	0.0	0.0	0.05	equivalent
host-return-c0031	p01-s03-c0031	p01-s02-c0021	D1	12	relative change	-0.009755807316895052	-0.018286843760962866	-0.0012247708728272376	0.05	equivalent
host-return-c0031	p01-s03-c0031	p01-s02-c0021	D2	12	relative change	-0.006929486580599738	-0.01764705787972178	0.003788084718522302	0.05	equivalent
host-return-c0031	p01-s03-c0031	p01-s02-c0021	evenness	12	absolute difference	-0.0021560967173128074	-0.004014867608324149	-0.0002973258263014658	0.02	equivalent
host-return-c0031	p01-s03-c0031	p01-s02-c0021	TV	12	absolute difference	0.03883144041666667	0.03655606424879101	0.04110681658454233	0.05	equivalent
host-return-c0032	p01-s03-c0032	p01-s02-c0021	D0	12	relative change	0.5641666666666666	0.5227244063827146	0.6056089269506186	0.05	increase
host-return-c0032	p01-s03-c0032	p01-s02-c0021	D1	12	relative change	-0.0025687792993802825	-0.00864406879070485	0.0035065101919442856	0.05	equivalent
host-return-c0032	p01-s03-c0032	p01-s02-c0021	D2	12	relative change	0.002414554119659046	-0.0060840727703164454	0.010913181009634537	0.05	equivalent
host-return-c0032	p01-s03-c0032	p01-s02-c0021	evenness	12	absolute difference	-0.06822158617143032	-0.07189056015909287	-0.06455261218376776	0.02	decrease
host-return-c0032	p01-s03-c0032	p01-s02-c0021	TV	12	absolute difference	0.03822580516666667	0.03555208884391344	0.040899521489419895	0.05	equivalent
host-return-c0033	p01-s03-c0033	p01-s02-c0021	D0	12	relative change	0.0	0.0	0.0	0.05	equivalent
host-return-c0033	p01-s03-c0033	p01-s02-c0021	D1	12	relative change	-0.3167709396519479	-0.3705692212965887	-0.2629726580073071	0.05	decrease
host-return-c0033	p01-s03-c0033	p01-s02-c0021	D2	12	relative change	-0.26378941940512585	-0.35171808159944173	-0.17586075721080996	0.05	decrease
host-return-c0033	p01-s03-c0033	p01-s02-c0021	evenness	12	absolute difference	-0.08498772616520671	-0.10195466776892441	-0.06802078456148901	0.02	decrease
host-return-c0033	p01-s03-c0033	p01-s02-c0021	TV	12	absolute difference	0.29558447358333334	0.275538167565497	0.3156307796011697	0.05	increase
host-return-c0034	p01-s03-c0034	p01-s02-c0021	D0	12	relative change	0.2625	0.2293320695288772	0.29566793047112283	0.05	increase
host-return-c0034	p01-s03-c0034	p01-s02-c0021	D1	12	relative change	-0.3195895161725115	-0.3591477244623098	-0.28003130788271324	0.05	decrease
host-return-c0034	p01-s03-c0034	p01-s02-c0021	D2	12	relative change	-0.24492560687065376	-0.297432034869268	-0.1924191788720395	0.05	decrease
host-return-c0034	p01-s03-c0034	p01-s02-c0021	evenness	12	absolute difference	-0.11752500495595075	-0.1301803211855024	-0.10486968872639911	0.02	decrease
host-return-c0034	p01-s03-c0034	p01-s02-c0021	TV	12	absolute difference	0.295621256	0.2808671734718742	0.3103753385281258	0.05	increase
host-return-c0035	p01-s03-c0035	p01-s02-c0021	D0	12	relative change	0.0	0.0	0.0	0.05	equivalent
host-return-c0035	p01-s03-c0035	p01-s02-c0021	D1	12	relative change	1.0718107100182728e-06	-2.307522107039774e-05	2.5218842490434287e-05	0.05	equivalent
host-return-c0035	p01-s03-c0035	p01-s02-c0021	D2	12	relative change	7.914243328281204e-07	-3.1346715870233265e-05	3.29295645358895e-05	0.05	equivalent
host-return-c0035	p01-s03-c0035	p01-s02-c0021	evenness	12	absolute difference	2.3252469733003878e-07	-5.010923289934998e-06	5.4759726845950756e-06	0.02	equivalent
host-return-c0035	p01-s03-c0035	p01-s02-c0021	TV	12	absolute difference	7.14337500000022e-05	6.087031849477104e-05	8.199718150523335e-05	0.05	equivalent
host-return-c0036	p01-s03-c0036	p01-s02-c0021	D0	12	relative change	0.003333333333333336	0.0007807738010680815	0.005885892865598591	0.05	equivalent
host-return-c0036	p01-s03-c0036	p01-s02-c0021	D1	12	relative change	-3.86460906999971e-06	-2.6441098509889807e-05	1.871188036989039e-05	0.05	equivalent
host-return-c0036	p01-s03-c0036	p01-s02-c0021	D2	12	relative change	-4.936222996363797e-06	-3.755071535051703e-05	2.7678269357789435e-05	0.05	equivalent
host-return-c0036	p01-s03-c0036	p01-s02-c0021	evenness	12	absolute difference	-0.0005521982057588026	-0.0009757552810136931	-0.00012864113050391212	0.02	equivalent
host-return-c0036	p01-s03-c0036	p01-s02-c0021	TV	12	absolute difference	6.571616666666476e-05	5.6363462428117766e-05	7.506887090521175e-05	0.05	equivalent
host-return-c0037	p01-s03-c0037	p01-s02-c0021	D0	12	relative change	0.0	0.0	0.0	0.05	equivalent
host-return-c0037	p01-s03-c0037	p01-s02-c0021	D1	12	relative change	3.99995427511346e-05	-0.00019228084182621	0.0002722799273284792	0.05	equivalent
host-return-c0037	p01-s03-c0037	p01-s02-c0021	D2	12	relative change	7.370455226113348e-06	-0.00027923606353100753	0.0002939769739832342	0.05	equivalent
host-return-c0037	p01-s03-c0037	p01-s02-c0021	evenness	12	absolute difference	8.665638734630296e-06	-4.1771348769463244e-05	5.910262623872384e-05	0.02	equivalent
host-return-c0037	p01-s03-c0037	p01-s02-c0021	TV	12	absolute difference	0.0012658566666666692	0.001171227873144405	0.0013604854601889334	0.05	equivalent
host-return-c0038	p01-s03-c0038	p01-s02-c0021	D0	12	relative change	0.051666666666666715	0.04207332067367059	0.06126001265966284	0.05	uncertain
host-return-c0038	p01-s03-c0038	p01-s02-c0021	D1	12	relative change	-3.4987746434021284e-05	-0.00024149022316366446	0.0001715147302956219	0.05	equivalent
host-return-c0038	p01-s03-c0038	p01-s02-c0021	D2	12	relative change	-5.059182781176156e-05	-0.000369304058137238	0.00026812040251371485	0.05	equivalent
host-return-c0038	p01-s03-c0038	p01-s02-c0021	evenness	12	absolute difference	-0.008275815347005602	-0.009776848733086575	-0.0067747819609246295	0.02	equivalent
host-return-c0038	p01-s03-c0038	p01-s02-c0021	TV	12	absolute difference	0.0011583335833333344	0.0010760061452449244	0.0012406610214217445	0.05	equivalent
host-return-c0039	p01-s03-c0039	p01-s02-c0021	D0	12	relative change	0.0	0.0	0.0	0.05	equivalent
host-return-c0039	p01-s03-c0039	p01-s02-c0021	D1	12	relative change	-0.0018739901667268282	-0.004982549958902377	0.0012345696254487204	0.05	equivalent
host-return-c0039	p01-s03-c0039	p01-s02-c0021	D2	12	relative change	-0.0005341850600638076	-0.0040642315029014615	0.002995861382773846	0.05	equivalent
host-return-c0039	p01-s03-c0039	p01-s02-c0021	evenness	12	absolute difference	-0.0004108997457358358	-0.001086395108516836	0.0002645956170451642	0.02	equivalent
host-return-c0039	p01-s03-c0039	p01-s02-c0021	TV	12	absolute difference	0.013115151833333337	0.012298337171886565	0.013931966494780108	0.05	equivalent
host-return-c0040	p01-s03-c0040	p01-s02-c0021	D0	12	relative change	0.5516666666666666	0.5184465973850517	0.5848867359482816	0.05	increase
host-return-c0040	p01-s03-c0040	p01-s02-c0021	D1	12	relative change	-0.002876390007733237	-0.005208142354877144	-0.0005446376605893304	0.05	equivalent
host-return-c0040	p01-s03-c0040	p01-s02-c0021	D2	12	relative change	-0.0018056096513418458	-0.004837672648777576	0.0012264533460938848	0.05	equivalent
host-return-c0040	p01-s03-c0040	p01-s02-c0021	evenness	12	absolute difference	-0.06724315132947432	-0.07021127759471453	-0.06427502506423412	0.02	decrease
host-return-c0040	p01-s03-c0040	p01-s02-c0021	TV	12	absolute difference	0.012761717	0.01202464873726957	0.01349878526273043	0.05	equivalent
host-return-c0041	p01-s03-c0041	p01-s02-c0021	D0	12	relative change	0.0	0.0	0.0	0.05	equivalent
host-return-c0041	p01-s03-c0041	p01-s02-c0021	D1	12	relative change	-0.07653957522271172	-0.10209148647605479	-0.05098766396936865	0.05	decrease
host-return-c0041	p01-s03-c0041	p01-s02-c0021	D2	12	relative change	-0.042991245058863675	-0.07526966243943112	-0.010712827678296226	0.05	uncertain
host-return-c0041	p01-s03-c0041	p01-s02-c0021	evenness	12	absolute difference	-0.017579822304507397	-0.02367589775777138	-0.011483746851243412	0.02	uncertain
host-return-c0041	p01-s03-c0041	p01-s02-c0021	TV	12	absolute difference	0.12108400641666667	0.11690667156718008	0.12526134126615324	0.05	increase
host-return-c0042	p01-s03-c0042	p01-s02-c0021	D0	12	relative change	0.3166666666666667	0.29673053940705957	0.33660279392627385	0.05	increase
host-return-c0042	p01-s03-c0042	p01-s02-c0021	D1	12	relative change	-0.08289639261285785	-0.0992526775620153	-0.06654010766370039	0.05	decrease
host-return-c0042	p01-s03-c0042	p01-s02-c0021	D2	12	relative change	-0.054878233603887244	-0.08175197725703981	-0.028004489950734675	0.05	uncertain
host-return-c0042	p01-s03-c0042	p01-s02-c0021	evenness	12	absolute difference	-0.061014726705275156	-0.06511691222277102	-0.05691254118777928	0.02	decrease
host-return-c0042	p01-s03-c0042	p01-s02-c0021	TV	12	absolute difference	0.12082880325	0.11444550405407115	0.12721210244592887	0.05	increase
host-return-c0043	p01-s03-c0043	p01-s02-c0021	D0	12	relative change	0.0	0.0	0.0	0.05	equivalent
host-return-c0043	p01-s03-c0043	p01-s02-c0021	D1	12	relative change	3.3677981111646105e-06	-4.7157596004243e-06	1.145135582275352e-05	0.05	equivalent
host-return-c0043	p01-s03-c0043	p01-s02-c0021	D2	12	relative change	-1.0909538140091435e-06	-1.0554427443936489e-05	8.372519815918202e-06	0.05	equivalent
host-return-c0043	p01-s03-c0043	p01-s02-c0021	evenness	12	absolute difference	7.312826397580056e-07	-1.024017439495292e-06	2.4865827190113034e-06	0.02	equivalent
host-return-c0043	p01-s03-c0043	p01-s02-c0021	TV	12	absolute difference	1.2032250000001106e-05	9.121820019597357e-06	1.4942679980404855e-05	0.05	equivalent
host-return-c0044	p01-s03-c0044	p01-s02-c0021	D0	12	relative change	0.003333333333333336	0.0007807738010680815	0.005885892865598591	0.05	equivalent
host-return-c0044	p01-s03-c0044	p01-s02-c0021	D1	12	relative change	-2.5773615757914334e-06	-1.6543473950739502e-05	1.1388750799156634e-05	0.05	equivalent
host-return-c0044	p01-s03-c0044	p01-s02-c0021	D2	12	relative change	-4.2572183126439915e-06	-2.069811011040439e-05	1.2183673485116409e-05	0.05	equivalent
host-return-c0044	p01-s03-c0044	p01-s02-c0021	evenness	12	absolute difference	-0.0005519197165201883	-0.0009743890996516925	-0.0001294503333886842	0.02	equivalent
host-return-c0044	p01-s03-c0044	p01-s02-c0021	TV	12	absolute difference	9.878000000004306e-06	6.5604486818164625e-06	1.3195551318192149e-05	0.05	equivalent
host-return-c0045	p01-s03-c0045	p01-s02-c0021	D0	12	relative change	0.0	0.0	0.0	0.05	equivalent
host-return-c0045	p01-s03-c0045	p01-s02-c0021	D1	12	relative change	4.947270947665746e-05	-2.8709932181243457e-05	0.00012765535113455837	0.05	equivalent
host-return-c0045	p01-s03-c0045	p01-s02-c0021	D2	12	relative change	1.1367078930337357e-05	-8.428571569064077e-05	0.00010701987355131547	0.05	equivalent
host-return-c0045	p01-s03-c0045	p01-s02-c0021	evenness	12	absolute difference	1.0740333616264067e-05	-6.234516068961118e-06	2.771518330148925e-05	0.02	equivalent
host-return-c0045	p01-s03-c0045	p01-s02-c0021	TV	12	absolute difference	0.00033041366666666794	0.0003093879548984068	0.00035143937843492906	0.05	equivalent
host-return-c0046	p01-s03-c0046	p01-s02-c0021	D0	12	relative change	0.05916666666666672	0.050761126496788246	0.06757220683654519	0.05	increase
host-return-c0046	p01-s03-c0046	p01-s02-c0021	D1	12	relative change	9.040459534435477e-06	-0.00011357090694582801	0.00013165182601469896	0.05	equivalent
host-return-c0046	p01-s03-c0046	p01-s02-c0021	D2	12	relative change	-1.1185190800696207e-05	-0.00014582261922728277	0.00012345223762589034	0.05	equivalent
host-return-c0046	p01-s03-c0046	p01-s02-c0021	evenness	12	absolute difference	-0.009430993610075045	-0.010737957981042285	-0.008124029239107804	0.02	equivalent
host-return-c0046	p01-s03-c0046	p01-s02-c0021	TV	12	absolute difference	0.00031082733333333534	0.00028933464693270373	0.00033232001973396695	0.05	equivalent
host-return-c0047	p01-s03-c0047	p01-s02-c0021	D0	12	relative change	0.0	0.0	0.0	0.05	equivalent
host-return-c0047	p01-s03-c0047	p01-s02-c0021	D1	12	relative change	0.00033337354900031535	-0.0005524225961218608	0.0012191696941224915	0.05	equivalent
host-return-c0047	p01-s03-c0047	p01-s02-c0021	D2	12	relative change	0.00011503433126261453	-0.0008831288794495268	0.0011131975419747559	0.05	equivalent
host-return-c0047	p01-s03-c0047	p01-s02-c0021	evenness	12	absolute difference	7.208904016732982e-05	-0.00012003679196225004	0.0002642148722969097	0.02	equivalent
host-return-c0047	p01-s03-c0047	p01-s02-c0021	TV	12	absolute difference	0.0039279735833333326	0.003788007036266031	0.004067940130400635	0.05	equivalent
host-return-c0048	p01-s03-c0048	p01-s02-c0021	D0	12	relative change	0.5833333333333334	0.5555174607120442	0.6111492059546225	0.05	increase
host-return-c0048	p01-s03-c0048	p01-s02-c0021	D1	12	relative change	0.0003004773263838671	-0.0007616742279788376	0.0013626288807465719	0.05	equivalent
host-return-c0048	p01-s03-c0048	p01-s02-c0021	D2	12	relative change	-9.475879476256166e-05	-0.0013531534302358378	0.0011636358407107145	0.05	equivalent
host-return-c0048	p01-s03-c0048	p01-s02-c0021	evenness	12	absolute difference	-0.06944823979568532	-0.07188897284526446	-0.06700750674610617	0.02	decrease
host-return-c0048	p01-s03-c0048	p01-s02-c0021	TV	12	absolute difference	0.0037585695833333324	0.0035470530663897393	0.003970086100276926	0.05	equivalent
host-return-c0049	p01-s03-c0049	p01-s02-c0021	D0	12	relative change	0.0	0.0	0.0	0.05	equivalent
host-return-c0049	p01-s03-c0049	p01-s02-c0021	D1	12	relative change	-0.00987644329139505	-0.017258246345846055	-0.002494640236944047	0.05	equivalent
host-return-c0049	p01-s03-c0049	p01-s02-c0021	D2	12	relative change	-0.006893972447404677	-0.016232683086302258	0.002444738191492906	0.05	equivalent
host-return-c0049	p01-s03-c0049	p01-s02-c0021	evenness	12	absolute difference	-0.002175864586904728	-0.003793522602525019	-0.0005582065712844365	0.02	equivalent
host-return-c0049	p01-s03-c0049	p01-s02-c0021	TV	12	absolute difference	0.03958971425	0.038255382658016125	0.04092404584198387	0.05	equivalent
host-return-c0050	p01-s03-c0050	p01-s02-c0021	D0	12	relative change	0.14999999999999994	0.13390672449161173	0.16609327550838815	0.05	increase
host-return-c0050	p01-s03-c0050	p01-s02-c0021	D1	12	relative change	-0.014405187732223287	-0.02164979188010404	-0.0071605835843425334	0.05	equivalent
host-return-c0050	p01-s03-c0050	p01-s02-c0021	D2	12	relative change	-0.009977017622015702	-0.01889251046481146	-0.001061524779219945	0.05	equivalent
host-return-c0050	p01-s03-c0050	p01-s02-c0021	evenness	12	absolute difference	-0.025601249869355063	-0.028125870456469453	-0.023076629282240673	0.02	decrease
host-return-c0050	p01-s03-c0050	p01-s02-c0021	TV	12	absolute difference	0.04137686291666667	0.03848146617711123	0.044272259656222106	0.05	equivalent
