run_id	generated_lineages	maximum_transition_mutants	last_attempt_hours	resumed	output_gib	source_sha256	completion_sha256
p01-s03-c0027-v210-m010-g100-sb0001	0	0	0.011358982332749292	False	0.0033040111884474754	c29b5bb39bb2093035496f0963b87b5ce857dcb57c00f4e2440da9c612b5c147	8fdd4354ecaf632a18aaeab612991c01e8501194df9c50af3bb5623d0094c967
p01-s03-c0027-v210-m010-g100-sb0002	0	0	0.011918313971643026	False	0.0033123036846518517	c29b5bb39bb2093035496f0963b87b5ce857dcb57c00f4e2440da9c612b5c147	48b0f7a58d958fc486683b57d84fd0ba75e20b8e1a09529981ab7ade21f90f60
p01-s03-c0027-v210-m010-g100-sb0003	0	0	0.011381159734705257	False	0.0033066151663661003	c29b5bb39bb2093035496f0963b87b5ce857dcb57c00f4e2440da9c612b5c147	6b7aabfb60f473ecc8c44c96f8856327130b055b3e42fea4df6dfddda108dded
p01-s03-c0027-v210-m010-g100-sb0004	0	0	0.010814886888838374	False	0.0033066505566239357	c29b5bb39bb2093035496f0963b87b5ce857dcb57c00f4e2440da9c612b5c147	48b3ef3d65c5570e38614b01e858fcb7f8afcc7abc2defd6679575cb6f40c006
p01-s03-c0027-v210-m010-g100-sb0005	0	0	0.011927102344149414	False	0.0033113714307546616	c29b5bb39bb2093035496f0963b87b5ce857dcb57c00f4e2440da9c612b5c147	98c8d0397427e48368f125a45d7e0794ee8845da2aae96df2bba4b31ceb825a0
p01-s03-c0027-v210-m010-g100-sb0006	0	0	0.011934647628287267	False	0.0033112727105617523	c29b5bb39bb2093035496f0963b87b5ce857dcb57c00f4e2440da9c612b5c147	be87dc340e5545346c3ae8fd97fe94710237fb7672f0c0175802bec12667e2f0
p01-s03-c0027-v210-m010-g100-sb0007	0	0	0.011950101792786477	False	0.0033041145652532578	c29b5bb39bb2093035496f0963b87b5ce857dcb57c00f4e2440da9c612b5c147	96ec0447dc389539ab88ae45abc6ecdec8d1814aafcfce08bf7b91cf86c93887
p01-s03-c0027-v210-m010-g100-sb0008	0	0	0.011948429299453792	False	0.003309653140604496	c29b5bb39bb2093035496f0963b87b5ce857dcb57c00f4e2440da9c612b5c147	afc0ed1f29437224df74d1ea48a720cd84aeae008086f481da840c2771f9b9dd
p01-s03-c0027-v210-m010-g100-sb0009	0	0	0.011353553005545917	False	0.0033149579539895058	c29b5bb39bb2093035496f0963b87b5ce857dcb57c00f4e2440da9c612b5c147	8e637061611fc359de73679802ef936ac2f7e9ea7aadb19786778d3fb987f98f
p01-s03-c0027-v210-m010-g100-sb0010	0	0	0.01136860010641006	False	0.003309628926217556	c29b5bb39bb2093035496f0963b87b5ce857dcb57c00f4e2440da9c612b5c147	a9721247ae6785dcfa6ba368c0d0c5bc1df471e089119dde58c120b396bd97c6
p01-s03-c0027-v210-m010-g100-sb0011	0	0	0.011350604802783992	False	0.0033088112249970436	c29b5bb39bb2093035496f0963b87b5ce857dcb57c00f4e2440da9c612b5c147	248b7e518e885259c7fc1e5cad810e54ce1ee80888c0268dd89aa7e9a3146cfe
p01-s03-c0027-v210-m010-g100-sb0012	0	0	0.011912337920835448	False	0.003309698775410652	c29b5bb39bb2093035496f0963b87b5ce857dcb57c00f4e2440da9c612b5c147	73fea9edc6968579964fa2226f08284268302fb685a36d6f4b5506fb2dbb1834
p01-s03-c0028-v210-m010-g100-sb0001	507230	5	0.025012002301389454	False	0.022021042183041573	c29b5bb39bb2093035496f0963b87b5ce857dcb57c00f4e2440da9c612b5c147	e8b10535c87d7c5393800ab6be9c7c0a14656f455a9a51f097d75615abb25a53
p01-s03-c0028-v210-m010-g100-sb0002	507185	4	0.025000499204422037	False	0.022017499431967735	c29b5bb39bb2093035496f0963b87b5ce857dcb57c00f4e2440da9c612b5c147	36362bf1bc02f6214867ed7a24c331f041fadf8d8fead6cf4a8962a926c7d6a1
p01-s03-c0028-v210-m010-g100-sb0003	505806	4	0.024424334085520565	False	0.02197224646806717	c29b5bb39bb2093035496f0963b87b5ce857dcb57c00f4e2440da9c612b5c147	42ee4955098e1e3cc8480ac3d96dac2f8b5b1eba3e08444d7dcd16fd0209a686
p01-s03-c0028-v210-m010-g100-sb0004	506692	4	0.02555721298416352	False	0.02200507652014494	c29b5bb39bb2093035496f0963b87b5ce857dcb57c00f4e2440da9c612b5c147	dfe8f76e2d1994dc3677b1d3314bc3f673eaffd58480d012e676f953abbf86d2
p01-s03-c0028-v210-m010-g100-sb0005	506221	5	0.02501468607858341	False	0.021984371356666088	c29b5bb39bb2093035496f0963b87b5ce857dcb57c00f4e2440da9c612b5c147	5b39711c3e26d8e7f0e6d2ebf5f7ac9759f520b771933bd01acc2be427be0d2c
p01-s03-c0028-v210-m010-g100-sb0006	507071	4	0.02498097672722199	False	0.022015348076820374	c29b5bb39bb2093035496f0963b87b5ce857dcb57c00f4e2440da9c612b5c147	df9cce75c7e0fcf5a64e282d38b51c35205bbb599591f869f851f80bbd137ef0
p01-s03-c0028-v210-m010-g100-sb0007	507818	4	0.026130470317762552	False	0.022042670287191868	c29b5bb39bb2093035496f0963b87b5ce857dcb57c00f4e2440da9c612b5c147	7534508ec743a7fb87e12440fb5a7887f137983b973e888f5418e49c8fe062e4
p01-s03-c0028-v210-m010-g100-sb0008	506156	4	0.024961254721662652	False	0.021981709636747837	c29b5bb39bb2093035496f0963b87b5ce857dcb57c00f4e2440da9c612b5c147	ec4844e62a81b8c2bb6228fd6cad4d675e5e8a13fea13cad4ea510aff2551682
p01-s03-c0028-v210-m010-g100-sb0009	506950	5	0.02555393230364037	False	0.022001598961651325	c29b5bb39bb2093035496f0963b87b5ce857dcb57c00f4e2440da9c612b5c147	dbee8ed41539d94c616b541780081038ec9677f07d5c7b26f155c7378dcb279d
p01-s03-c0028-v210-m010-g100-sb0010	506725	4	0.026092588704195806	False	0.022001377306878567	c29b5bb39bb2093035496f0963b87b5ce857dcb57c00f4e2440da9c612b5c147	67cd638c5569230b366291c661f759f6b996a8b20829b3f52d5f815cebc7f59b
p01-s03-c0028-v210-m010-g100-sb0011	507124	4	0.024447735826381378	False	0.022023753263056278	c29b5bb39bb2093035496f0963b87b5ce857dcb57c00f4e2440da9c612b5c147	0ca30d673090e059877703012bc775490434ccecdad4799a61745bb0c91ba511
p01-s03-c0028-v210-m010-g100-sb0012	507701	4	0.02499716562555275	False	0.022044571116566658	c29b5bb39bb2093035496f0963b87b5ce857dcb57c00f4e2440da9c612b5c147	088f87d27cd4869b6b334504511741c7e5000427c3c2e9c978ff6bb7462e699a
p01-s03-c0029-v210-m010-g100-sb0001	0	0	0.011934275847225864	False	0.0033356184139847755	c29b5bb39bb2093035496f0963b87b5ce857dcb57c00f4e2440da9c612b5c147	59e6c75d9d20d5fe1d675e03441af345775586de6e852145aacc0f73a89d58df
p01-s03-c0029-v210-m010-g100-sb0002	0	0	0.011339993624973834	False	0.003342781215906143	c29b5bb39bb2093035496f0963b87b5ce857dcb57c00f4e2440da9c612b5c147	554eb325d38235a67483724243018c1e7237f637feef2118474fb61b463f2ff6
p01-s03-c0029-v210-m010-g100-sb0003	0	0	0.011344312780290945	False	0.0033385660499334335	c29b5bb39bb2093035496f0963b87b5ce857dcb57c00f4e2440da9c612b5c147	96afcae4da89b2d8738c6a5b2ba0b94e4c26cfceba33e0c819a4a096f9724235
p01-s03-c0029-v210-m010-g100-sb0004	0	0	0.011913888576091268	False	0.0033397050574421883	c29b5bb39bb2093035496f0963b87b5ce857dcb57c00f4e2440da9c612b5c147	20df6dfb9bda85e23675cc14c351fbd417a67ece40e803880129f78e96b24793
p01-s03-c0029-v210-m010-g100-sb0005	0	0	0.011339661364973937	False	0.0033447016030550003	c29b5bb39bb2093035496f0963b87b5ce857dcb57c00f4e2440da9c612b5c147	cf21d132dbcabc6a43269d51d814281a7ee9047af375f1870e428bfedcc6488b
p01-s03-c0029-v210-m010-g100-sb0006	0	0	0.011938416306964225	False	0.0033417372032999992	c29b5bb39bb2093035496f0963b87b5ce857dcb57c00f4e2440da9c612b5c147	8d19cbf3a911ffe2bdec3bd73ea538c550a19d4b561d7cbb646bd9f70d749577
p01-s03-c0029-v210-m010-g100-sb0007	0	0	0.011339709773892537	False	0.003335246816277504	c29b5bb39bb2093035496f0963b87b5ce857dcb57c00f4e2440da9c612b5c147	737ee253a3154f3a2c1f077b24b8ba21c3f692d43fa7b2979c4dbc0d208d0511
p01-s03-c0029-v210-m010-g100-sb0008	0	0	0.013037232189736743	False	0.003342045471072197	c29b5bb39bb2093035496f0963b87b5ce857dcb57c00f4e2440da9c612b5c147	a62098e407acb09c48f3f3d9cff7834d82df43cfc3315e25dc39e446bac98347
p01-s03-c0029-v210-m010-g100-sb0009	0	0	0.011369374368352713	False	0.0033456673845648766	c29b5bb39bb2093035496f0963b87b5ce857dcb57c00f4e2440da9c612b5c147	ddab4418c3b6cd60cf846bbbcdec400050b059beda8a1510b47d2cc4e72e4b5d
p01-s03-c0029-v210-m010-g100-sb0010	0	0	0.011904740030877293	False	0.0033400533720850945	c29b5bb39bb2093035496f0963b87b5ce857dcb57c00f4e2440da9c612b5c147	f0ba6398c5cd07409f6d7561ee0a565cb3b47a969e3937506a6b2b8fc9889f56
p01-s03-c0029-v210-m010-g100-sb0011	0	0	0.011906148749144954	False	0.0033410079777240753	c29b5bb39bb2093035496f0963b87b5ce857dcb57c00f4e2440da9c612b5c147	861fd876628b5854318242eb9b6fac7891f20cb918dd005b420b495ccc25bcb0
p01-s03-c0029-v210-m010-g100-sb0012	0	0	0.011337929727483747	False	0.0033423826098442078	c29b5bb39bb2093035496f0963b87b5ce857dcb57c00f4e2440da9c612b5c147	17c9731b19846fa6eb6b42bb4f3bb06a3c09570ac901ef175412eea0aa860b5b
p01-s03-c0030-v210-m010-g100-sb0001	506828	5	0.024372849247237253	False	0.022052057087421417	c29b5bb39bb2093035496f0963b87b5ce857dcb57c00f4e2440da9c612b5c147	d4da9959ef9c89f9224b63255a23dfaed54140ef232952938d83fafa045dc0b9
p01-s03-c0030-v210-m010-g100-sb0002	506607	4	0.024960079268914543	False	0.022048376500606537	c29b5bb39bb2093035496f0963b87b5ce857dcb57c00f4e2440da9c612b5c147	7ec492ceac5783884e32115e744e037c4757e8a0decb60b81ed17755b527105d
p01-s03-c0030-v210-m010-g100-sb0003	505719	4	0.024943359646648684	False	0.022012995555996895	c29b5bb39bb2093035496f0963b87b5ce857dcb57c00f4e2440da9c612b5c147	17ff146adf7f6ed03c3e816bbde8f15445fdebf2c96d79c77a658c974c66ffc9
p01-s03-c0030-v210-m010-g100-sb0004	506632	4	0.024391633861685275	False	0.022048795595765114	c29b5bb39bb2093035496f0963b87b5ce857dcb57c00f4e2440da9c612b5c147	442c5519b73615cd11e4a768e7d39b49c7641a7fbc752368744c2236cbcddae9
p01-s03-c0030-v210-m010-g100-sb0005	506154	5	0.0243842302242087	False	0.02202572487294674	c29b5bb39bb2093035496f0963b87b5ce857dcb57c00f4e2440da9c612b5c147	57c44bcdc1055a83a6b92b8f8b2bba2d7aba91e0adb83ffd29bba43a94603fc5
p01-s03-c0030-v210-m010-g100-sb0006	506947	4	0.024938819184769978	False	0.022050868719816208	c29b5bb39bb2093035496f0963b87b5ce857dcb57c00f4e2440da9c612b5c147	1ef04f7600b3025147f06b512913e32e152d018a3df3583635d65ae4bfbaa41a
p01-s03-c0030-v210-m010-g100-sb0007	507972	4	0.024968266600303143	False	0.022091515362262726	c29b5bb39bb2093035496f0963b87b5ce857dcb57c00f4e2440da9c612b5c147	4b62b466c526b4f377e8686bd9c2826c1fdc0f3e7c0af7e2eadee9edbcccc974
p01-s03-c0030-v210-m010-g100-sb0008	506338	4	0.025499629501395654	False	0.022042380645871162	c29b5bb39bb2093035496f0963b87b5ce857dcb57c00f4e2440da9c612b5c147	be1480adb9b168e79590a7912cec46a3e8094675278d3c0bfe01cff4c9f33aee
p01-s03-c0030-v210-m010-g100-sb0009	507213	5	0.024357693801672818	False	0.022054054774343967	c29b5bb39bb2093035496f0963b87b5ce857dcb57c00f4e2440da9c612b5c147	b63cdf962b9d48663976c3aca4cd3d365b813074ac4f02f5ff18712a68d5945c
p01-s03-c0030-v210-m010-g100-sb0010	506902	4	0.02611153727888854	False	0.022052958607673645	c29b5bb39bb2093035496f0963b87b5ce857dcb57c00f4e2440da9c612b5c147	b4bca21e0d34d0f157f102ca13b283a2de3a34177d92d713e4a13a9ee92eb2db
p01-s03-c0030-v210-m010-g100-sb0011	506765	4	0.024942444546613842	False	0.022058884613215923	c29b5bb39bb2093035496f0963b87b5ce857dcb57c00f4e2440da9c612b5c147	86f45c1a52cffbf22963fb637207bf7f9cbb57f302d36de1c21691ce5162120c
p01-s03-c0030-v210-m010-g100-sb0012	507661	4	0.02497547045751061	False	0.022095227614045143	c29b5bb39bb2093035496f0963b87b5ce857dcb57c00f4e2440da9c612b5c147	f53abdc88f74a34ae4c827fdcb9aa8fcc25ab4281e0f14afba17e714c9c3c69d
p01-s03-c0031-v210-m010-g100-sb0001	0	0	0.011897056666978946	False	0.0033667022362351418	c29b5bb39bb2093035496f0963b87b5ce857dcb57c00f4e2440da9c612b5c147	599d6b30bd5809439f7b4874a3f2b76646735519228dbf551150fcfa0b8a27d5
p01-s03-c0031-v210-m010-g100-sb0002	0	0	0.011343129544208448	False	0.0033721448853611946	c29b5bb39bb2093035496f0963b87b5ce857dcb57c00f4e2440da9c612b5c147	490db5a0605d67d3ffad0afa6e90a2540924b48886271a0155c9d8bfcffe8525
p01-s03-c0031-v210-m010-g100-sb0003	0	0	0.011339029145828034	False	0.003373410552740097	c29b5bb39bb2093035496f0963b87b5ce857dcb57c00f4e2440da9c612b5c147	aa33504f8f81bd2608aabdfd6a0c8f9ab42e09290f3c664eea4e770d56576af4
p01-s03-c0031-v210-m010-g100-sb0004	0	0	0.011913996383340822	False	0.0033681876957416534	c29b5bb39bb2093035496f0963b87b5ce857dcb57c00f4e2440da9c612b5c147	77dc26c7b4858b071dc32645784c874c1a2260aff79f8d5e10b9b1f106c72b79
p01-s03-c0031-v210-m010-g100-sb0005	0	0	0.011890065069439718	False	0.0033823521807789803	c29b5bb39bb2093035496f0963b87b5ce857dcb57c00f4e2440da9c612b5c147	d7dd680400e524a39ddc7d54110986a6d37dd9c29a6d377e8ce3ac589beaa991
p01-s03-c0031-v210-m010-g100-sb0006	0	0	0.011325448766389551	False	0.003372211940586567	c29b5bb39bb2093035496f0963b87b5ce857dcb57c00f4e2440da9c612b5c147	b329382ca5ba78604812671910aa9ca5c81fef1d12b308a96558d2963fe65089
p01-s03-c0031-v210-m010-g100-sb0007	0	0	0.011886607871080439	False	0.003368290141224861	c29b5bb39bb2093035496f0963b87b5ce857dcb57c00f4e2440da9c612b5c147	af6f8d62bb857c32d1311407db7536155c6c3ff8b2276ff3ab3ce660160ec722
p01-s03-c0031-v210-m010-g100-sb0008	0	0	0.011896457867502855	False	0.0033721793442964554	c29b5bb39bb2093035496f0963b87b5ce857dcb57c00f4e2440da9c612b5c147	a470fe03fa896a3ffff49dbfb057eb21c72667f78fe6dac8cdf0fef1b0692627
p01-s03-c0031-v210-m010-g100-sb0009	0	0	0.011325620975047867	False	0.0033756261691451073	c29b5bb39bb2093035496f0963b87b5ce857dcb57c00f4e2440da9c612b5c147	0c0e4367615047ce5e9381d6c585fe465ca802a6fbaa968c5d67e69e2e40b9a6
p01-s03-c0031-v210-m010-g100-sb0010	0	0	0.012468978123635881	False	0.0033653592690825462	c29b5bb39bb2093035496f0963b87b5ce857dcb57c00f4e2440da9c612b5c147	c2c37f0807445ca79445e6ab477f469f3aedb8ae3d2ded5eb7469d0584e5a7e4
p01-s03-c0031-v210-m010-g100-sb0011	0	0	0.011319348062259248	False	0.0033701537176966667	c29b5bb39bb2093035496f0963b87b5ce857dcb57c00f4e2440da9c612b5c147	e774726948c34ecf8aef2cf6ef6d4441a3a2835acb87575fef5ee67415eb9e34
p01-s03-c0031-v210-m010-g100-sb0012	0	0	0.011889010709128343	False	0.003366658464074135	c29b5bb39bb2093035496f0963b87b5ce857dcb57c00f4e2440da9c612b5c147	9a5bf0160f6c2e2e2cbe55d3eed9b0bbe022c1a71dd8061222ede6f0f48da1fe
p01-s03-c0032-v210-m010-g100-sb0001	506929	5	0.02493462071553545	False	0.022223503328859806	c29b5bb39bb2093035496f0963b87b5ce857dcb57c00f4e2440da9c612b5c147	0ce8b28357e17e92358c6ece2178bef9f00a6779bccb3e5971963d14ec34617e
p01-s03-c0032-v210-m010-g100-sb0002	506478	4	0.024939131562455766	False	0.022211719304323196	c29b5bb39bb2093035496f0963b87b5ce857dcb57c00f4e2440da9c612b5c147	49d529c05dfe202337db74285764179449a7726204147f46e58ff3b5c5e22f94
p01-s03-c0032-v210-m010-g100-sb0003	506330	4	0.02491017877111315	False	0.022220292128622532	c29b5bb39bb2093035496f0963b87b5ce857dcb57c00f4e2440da9c612b5c147	08c723e0610d14919271d8fba17d411d3083727e84e8a899d3efa28c3934fcb4
p01-s03-c0032-v210-m010-g100-sb0004	506843	4	0.024337976318396008	False	0.022250733338296413	c29b5bb39bb2093035496f0963b87b5ce857dcb57c00f4e2440da9c612b5c147	a819a366e6fcdf4974d4bfd89201ba7e350542d962d05919123418a77c6d2df5
p01-s03-c0032-v210-m010-g100-sb0005	505790	5	0.025513651059138484	False	0.022217396646738052	c29b5bb39bb2093035496f0963b87b5ce857dcb57c00f4e2440da9c612b5c147	0da406d68f4513e2eab146045ea1b24d83dff8fa106e3266667c51d93609ccb7
p01-s03-c0032-v210-m010-g100-sb0006	506596	4	0.026072588723553863	False	0.022204733453691006	c29b5bb39bb2093035496f0963b87b5ce857dcb57c00f4e2440da9c612b5c147	d65252f8cfd20b876f6e5c22e46f25dd097dfdb2ee07780f725e90da9ed6e0fa
p01-s03-c0032-v210-m010-g100-sb0007	507952	4	0.024962956427480094	False	0.022285889834165573	c29b5bb39bb2093035496f0963b87b5ce857dcb57c00f4e2440da9c612b5c147	b16550c11b6582507ec52671e6561b7d3d84efae38efbc89c6c34600d7e81da3
p01-s03-c0032-v210-m010-g100-sb0008	505938	4	0.02436010261667737	False	0.022229214198887348	c29b5bb39bb2093035496f0963b87b5ce857dcb57c00f4e2440da9c612b5c147	ebabf901b65b13b4d36f1565355b0e3a7131f8f2c35999e1888831eab77c4c07
p01-s03-c0032-v210-m010-g100-sb0009	507529	5	0.02606168756300273	False	0.022253424860537052	c29b5bb39bb2093035496f0963b87b5ce857dcb57c00f4e2440da9c612b5c147	a8fded3b22bdb2aa7833797abb58f41ea84b195bd5ff1e98e67058ee640e148e
p01-s03-c0032-v210-m010-g100-sb0010	507511	4	0.02436626349278312	False	0.02224300615489483	c29b5bb39bb2093035496f0963b87b5ce857dcb57c00f4e2440da9c612b5c147	2ee64f2ddf0e29709a9b3d3ccc5d409f55e52c74415747571cb5e12e907145ef
p01-s03-c0032-v210-m010-g100-sb0011	506432	4	0.02438430363745687	False	0.022243784740567207	c29b5bb39bb2093035496f0963b87b5ce857dcb57c00f4e2440da9c612b5c147	fce86ef6a2f4ba711d61085b7cbb56bc20128a609e046fa1a8bc9c5df4ae87f3
p01-s03-c0032-v210-m010-g100-sb0012	507448	4	0.025507171938855513	False	0.022278361953794956	c29b5bb39bb2093035496f0963b87b5ce857dcb57c00f4e2440da9c612b5c147	f574ccd756f3bb9c6b4f3f81a8203c41fd4cf1a548eed99d252df469d6e14e74
p01-s03-c0033-v210-m010-g100-sb0001	0	0	0.01192259249891827	False	0.003320797346532345	c29b5bb39bb2093035496f0963b87b5ce857dcb57c00f4e2440da9c612b5c147	23f25d973975a3608c89ca581293aab37f544729db377935827d35f0f3f3cc41
p01-s03-c0033-v210-m010-g100-sb0002	0	0	0.011350770506412826	False	0.0032989652827382088	c29b5bb39bb2093035496f0963b87b5ce857dcb57c00f4e2440da9c612b5c147	e743778e43837b2905a840fea6e559019480b34079c972b2efc47643628a5852
p01-s03-c0033-v210-m010-g100-sb0003	0	0	0.011351995910582547	False	0.003303254023194313	c29b5bb39bb2093035496f0963b87b5ce857dcb57c00f4e2440da9c612b5c147	eb3645b57844ef09507ef84e5569405add698c4de68f4f35fc4a6c264cdcbad2
p01-s03-c0033-v210-m010-g100-sb0004	0	0	0.011341451049989296	False	0.003311311826109886	c29b5bb39bb2093035496f0963b87b5ce857dcb57c00f4e2440da9c612b5c147	66512a1359676943226af6380be3407918c3e9406c4cb3ebd4bfeda8c57fffbb
p01-s03-c0033-v210-m010-g100-sb0005	0	0	0.01137104253194088	False	0.003309844061732292	c29b5bb39bb2093035496f0963b87b5ce857dcb57c00f4e2440da9c612b5c147	fa4fb0b4b9e17dcc9af82556721bd4520886e2f25389e7387bdc7f9b1d53bb7a
p01-s03-c0033-v210-m010-g100-sb0006	0	0	0.011352136742789298	False	0.0033388379961252213	c29b5bb39bb2093035496f0963b87b5ce857dcb57c00f4e2440da9c612b5c147	50354a729cede64ac24a5f18ed3d732ac432fd3aa079bb590b00c174e93ae8f6
p01-s03-c0033-v210-m010-g100-sb0007	0	0	0.011347108793626022	False	0.0032772785052657127	c29b5bb39bb2093035496f0963b87b5ce857dcb57c00f4e2440da9c612b5c147	68edc9ae850712769ebc978266f158006101ef6296ea55e6b06f10aa258d045e
p01-s03-c0033-v210-m010-g100-sb0008	0	0	0.01135829310275666	False	0.003285876475274563	c29b5bb39bb2093035496f0963b87b5ce857dcb57c00f4e2440da9c612b5c147	1edf13acce604ad843121f4a1122d611ef00ef620e06a4815e64384b7d4bcd55
p01-s03-c0033-v210-m010-g100-sb0009	0	0	0.012465510610879088	False	0.003330492414534092	c29b5bb39bb2093035496f0963b87b5ce857dcb57c00f4e2440da9c612b5c147	ca336dad34bc4fe519727a9b7bf853f8ad2f6705f151320446369c0b7ce83041
p01-s03-c0033-v210-m010-g100-sb0010	0	0	0.01136359546915628	False	0.0032899929210543633	c29b5bb39bb2093035496f0963b87b5ce857dcb57c00f4e2440da9c612b5c147	9e4939342c15f0cec3f2e653f60bd174a041fe378034f9a0dcc3c9be3360e1f6
p01-s03-c0033-v210-m010-g100-sb0011	0	0	0.011332850553897314	False	0.00329661276191473	c29b5bb39bb2093035496f0963b87b5ce857dcb57c00f4e2440da9c612b5c147	84ea109d1c258edd16e6da9b9e453be2ab63314a74aff430c4a6d6dc5ee194b9
p01-s03-c0033-v210-m010-g100-sb0012	0	0	0.011943785475515244	False	0.0033192969858646393	c29b5bb39bb2093035496f0963b87b5ce857dcb57c00f4e2440da9c612b5c147	124f59705fa7b0dbe1d6318f1e039807e2e2f56986310bfda9f734e734133b7d
p01-s03-c0034-v210-m010-g100-sb0001	507706	4	0.023786333525527475	False	0.022397786378860474	c29b5bb39bb2093035496f0963b87b5ce857dcb57c00f4e2440da9c612b5c147	4925d2f8800c93b5b656e4f3d7b3a051559ed3fe60ee5a39fc4c3736651dc48a
p01-s03-c0034-v210-m010-g100-sb0002	506248	4	0.02438798181557407	False	0.02233115304261446	c29b5bb39bb2093035496f0963b87b5ce857dcb57c00f4e2440da9c612b5c147	016050dd5b56d315484a58eaf0976d957047a1fb86c4ceb96dcf1558e37f28d4
p01-s03-c0034-v210-m010-g100-sb0003	506348	4	0.024417070530018667	False	0.022329090163111687	c29b5bb39bb2093035496f0963b87b5ce857dcb57c00f4e2440da9c612b5c147	ffa93f96c3b647ff4ce33b8ee41cd1beda47e1867319474dd8eded528d7d320d
p01-s03-c0034-v210-m010-g100-sb0004	506834	5	0.024382577311933145	False	0.02235511038452387	c29b5bb39bb2093035496f0963b87b5ce857dcb57c00f4e2440da9c612b5c147	3324f452bef45b4b40145fd314214860123e1f7da18aaad971e60e1ea502136b
p01-s03-c0034-v210-m010-g100-sb0005	507969	4	0.024959872828072143	False	0.022405169904232025	c29b5bb39bb2093035496f0963b87b5ce857dcb57c00f4e2440da9c612b5c147	378f250b6bccb919f17fde57ddfa89af8132a583bb4b838daecdad984958864a
p01-s03-c0034-v210-m010-g100-sb0006	506046	4	0.026069086214734447	False	0.02230952586978674	c29b5bb39bb2093035496f0963b87b5ce857dcb57c00f4e2440da9c612b5c147	d2e9273f5b7b3a7b64753cc8465bc35a911c6871aee043ff0ab8086ae3a7d9ad
p01-s03-c0034-v210-m010-g100-sb0007	506302	5	0.024357663415527593	False	0.022340198047459126	c29b5bb39bb2093035496f0963b87b5ce857dcb57c00f4e2440da9c612b5c147	b51ea37c0c93d5ec2f7e8b86cf849eb322dd79e2169888e20bda691176a5f807
p01-s03-c0034-v210-m010-g100-sb0008	507587	4	0.024931274756931493	False	0.022399104200303555	c29b5bb39bb2093035496f0963b87b5ce857dcb57c00f4e2440da9c612b5c147	2e9127e8f2f87c1f6f87d48e6f6dc88a75608801dec3498ab8606ff68e69db8c
p01-s03-c0034-v210-m010-g100-sb0009	507352	4	0.024384792767490986	False	0.022387979552149773	c29b5bb39bb2093035496f0963b87b5ce857dcb57c00f4e2440da9c612b5c147	6e46e9abb60b6bb0d5437b45a7f539bd7cb61a191c729f9f5157a3081a189bf0
p01-s03-c0034-v210-m010-g100-sb0010	507657	4	0.025519764564491603	False	0.022421086207032204	c29b5bb39bb2093035496f0963b87b5ce857dcb57c00f4e2440da9c612b5c147	0e04c65e04f2ee093d8595a2361cab5b30d5101fd502f1e5b5720ed750037646
p01-s03-c0034-v210-m010-g100-sb0011	506931	4	0.024946894520027046	False	0.022366797551512718	c29b5bb39bb2093035496f0963b87b5ce857dcb57c00f4e2440da9c612b5c147	b637899617642b518a928996ba967fb0c15d9d85c8bfc7c2ce61671ab2fc498e
p01-s03-c0034-v210-m010-g100-sb0012	507358	4	0.02556633750998622	False	0.02237308770418167	c29b5bb39bb2093035496f0963b87b5ce857dcb57c00f4e2440da9c612b5c147	17665381551f544fce6382850034980d425c8eb5b94905acb9768a6c0b6de2fe
p01-s03-c0035-v210-m010-g100-sb0001	0	0	0.10507411971972841	False	0.021648451685905457	c29b5bb39bb2093035496f0963b87b5ce857dcb57c00f4e2440da9c612b5c147	17eca0566ac606860dbc2122558a6ab414c00969d16317b30274b92cc3ca9592
p01-s03-c0035-v210-m010-g100-sb0002	0	0	0.10794307407250421	False	0.021646800450980663	c29b5bb39bb2093035496f0963b87b5ce857dcb57c00f4e2440da9c612b5c147	ab694de9b9d1540a1b1c582357263d122dba62de1bce0afd9c8828cc54e3284d
p01-s03-c0035-v210-m010-g100-sb0003	0	0	0.10668911608919088	False	0.021664238534867764	c29b5bb39bb2093035496f0963b87b5ce857dcb57c00f4e2440da9c612b5c147	7c970e4a7589a394ecda5dce746f3f1a6fbd8ea705f0f69886481a638ae6d194
p01-s03-c0035-v210-m010-g100-sb0004	0	0	0.1148094795358419	False	0.021653425879776478	c29b5bb39bb2093035496f0963b87b5ce857dcb57c00f4e2440da9c612b5c147	e51e600925242d89f7f781ba27496d5d021f81f05e219d21984d7e99edda5fc7
p01-s03-c0035-v210-m010-g100-sb0005	0	0	0.10915658855170478	False	0.02164529077708721	c29b5bb39bb2093035496f0963b87b5ce857dcb57c00f4e2440da9c612b5c147	beb1384404e2dd2cd24e5826ef63bf8be7f1f7a438f40502d601dc583d246d46
p01-s03-c0035-v210-m010-g100-sb0006	0	0	0.10853525409972968	False	0.021649593487381935	c29b5bb39bb2093035496f0963b87b5ce857dcb57c00f4e2440da9c612b5c147	74ca310cbfd774e00e27d6b1a2624a061d951be7a3903ad379d31a7925f5b71d
p01-s03-c0035-v210-m010-g100-sb0007	0	0	0.10809400061248906	False	0.02165176998823881	c29b5bb39bb2093035496f0963b87b5ce857dcb57c00f4e2440da9c612b5c147	09ba6fbab27c0c427f2d31875895f44b100c2f37fa650447c767970e7de5f6d8
p01-s03-c0035-v210-m010-g100-sb0008	0	0	0.10752213523723185	False	0.021661915816366673	c29b5bb39bb2093035496f0963b87b5ce857dcb57c00f4e2440da9c612b5c147	48329ada1b1d7b38ebecbd33cf2c41b4f603e63ea49dde175143dd447095e4fe
p01-s03-c0035-v210-m010-g100-sb0009	0	0	0.11165633588473106	False	0.021649325266480446	c29b5bb39bb2093035496f0963b87b5ce857dcb57c00f4e2440da9c612b5c147	5d4544d82877ee5c3013b8d085ecc743c5e27498ef55318f95447c3fb8d2ded3
p01-s03-c0035-v210-m010-g100-sb0010	0	0	0.10704704915302703	False	0.021658819168806076	c29b5bb39bb2093035496f0963b87b5ce857dcb57c00f4e2440da9c612b5c147	7db6bc842d1ceaa8e05d63131a7724255a1ad59dd52d3a6dbd2d4fed5662b454
p01-s03-c0035-v210-m010-g100-sb0011	0	0	0.10768207138805236	False	0.02164654340595007	c29b5bb39bb2093035496f0963b87b5ce857dcb57c00f4e2440da9c612b5c147	9d9c333ec340b4b7e461cd6d38402c0febb58a43d5e46a8abfa2d4ce1d5038c3
p01-s03-c0035-v210-m010-g100-sb0012	0	0	0.10795288053806872	False	0.02165002841502428	c29b5bb39bb2093035496f0963b87b5ce857dcb57c00f4e2440da9c612b5c147	3c3e109a855f3913fa5ebf08ae4deac0585ac310c59fa671bc617fd88aa15006
p01-s03-c0036-v210-m010-g100-sb0001	5065216	5	0.22968138146556966	False	0.2156869051977992	c29b5bb39bb2093035496f0963b87b5ce857dcb57c00f4e2440da9c612b5c147	bef75076bedad85296c0d92528dd26e87aef0944817065adec9c0790dddc4e62
p01-s03-c0036-v210-m010-g100-sb0002	5063782	5	0.24567378907056991	False	0.2156280931085348	c29b5bb39bb2093035496f0963b87b5ce857dcb57c00f4e2440da9c612b5c147	51a3e471831642a537b7fcf5b8c2d8c9a6b48b5057d933b5d6af10c4012a6c0d
p01-s03-c0036-v210-m010-g100-sb0003	5063809	5	0.23666055504775915	False	0.21565707586705685	c29b5bb39bb2093035496f0963b87b5ce857dcb57c00f4e2440da9c612b5c147	f107ce7958e2fa6645c1e85806a55c76cc631ed636c50bdfa6795b842d90a25a
p01-s03-c0036-v210-m010-g100-sb0004	5066538	6	0.2322718609572621	False	0.21573413629084826	c29b5bb39bb2093035496f0963b87b5ce857dcb57c00f4e2440da9c612b5c147	596a52041558b726032bd7ca23de40ea9b9c3ca467a5e8041c6ba9cd8e7eda25
p01-s03-c0036-v210-m010-g100-sb0005	5068638	6	0.22785106313583028	False	0.21582205034792423	c29b5bb39bb2093035496f0963b87b5ce857dcb57c00f4e2440da9c612b5c147	765f7ea73338d1aef0db5fc95ec8406a455b619bc2859e487b06de1f2bd458f9
p01-s03-c0036-v210-m010-g100-sb0006	5066988	5	0.2353262392208368	False	0.21575043257325888	c29b5bb39bb2093035496f0963b87b5ce857dcb57c00f4e2440da9c612b5c147	1213888b599c2658188e690bec027ba8b8ed4517e1d7c999e557417798d80cbf
p01-s03-c0036-v210-m010-g100-sb0007	5066889	6	0.23263508979276393	False	0.21576740965247154	c29b5bb39bb2093035496f0963b87b5ce857dcb57c00f4e2440da9c612b5c147	08b1bf8638007ef3c55905756c08d90c2c846e45c7fc6801d7c119c0dbac6bae
p01-s03-c0036-v210-m010-g100-sb0008	5064787	5	0.2374340225444434	False	0.21567459776997566	c29b5bb39bb2093035496f0963b87b5ce857dcb57c00f4e2440da9c612b5c147	4b0d0937a283720754e841202632e20ddd8be43e09185137317afeaa2d22e97d
p01-s03-c0036-v210-m010-g100-sb0009	5068257	5	0.23359565081728054	False	0.2157984022051096	c29b5bb39bb2093035496f0963b87b5ce857dcb57c00f4e2440da9c612b5c147	3922a4e39cfee4abd7997c7b9f5ac373c2a80910af6583ad9252e5478e1c0474
p01-s03-c0036-v210-m010-g100-sb0010	5068716	5	0.23729406612556583	False	0.21580964606255293	c29b5bb39bb2093035496f0963b87b5ce857dcb57c00f4e2440da9c612b5c147	595789a30a60b4ffb34455239bac5e0742c3edd5e36f729457c2914991186b6b
p01-s03-c0036-v210-m010-g100-sb0011	5067376	5	0.2346531764091924	False	0.21577443648129702	c29b5bb39bb2093035496f0963b87b5ce857dcb57c00f4e2440da9c612b5c147	0d200da6e6edbee2c8f5d8be54b88d512dd57b67d41f6dafe25736f331246f42
p01-s03-c0036-v210-m010-g100-sb0012	5068635	5	0.24281491778836223	False	0.21582715585827827	c29b5bb39bb2093035496f0963b87b5ce857dcb57c00f4e2440da9c612b5c147	94cf4730328c018a2c17a7f1c6ef4c6f302a1fd5cfb1c298fdb562945d7c5124
p01-s03-c0037-v210-m010-g100-sb0001	0	0	0.10959162634997888	False	0.02197433542460203	c29b5bb39bb2093035496f0963b87b5ce857dcb57c00f4e2440da9c612b5c147	eb61bb8455052cb81ba0eeff3238b7a7faffe40e0f56b6c0a0457fc4bc8f99b9
p01-s03-c0037-v210-m010-g100-sb0002	0	0	0.10795206192751519	False	0.021970968693494797	c29b5bb39bb2093035496f0963b87b5ce857dcb57c00f4e2440da9c612b5c147	275e0203f9fc7661ce855f1bc72f22a57802fbc16ebfa610a62c92e2be6a77cc
p01-s03-c0037-v210-m010-g100-sb0003	0	0	0.10957060090110948	False	0.021991063840687275	c29b5bb39bb2093035496f0963b87b5ce857dcb57c00f4e2440da9c612b5c147	cfd76816dcadade4a360c1064d4a07c3f3522f02656515aa9a1aeb05494d442c
p01-s03-c0037-v210-m010-g100-sb0004	0	0	0.11299441375362221	False	0.021978072822093964	c29b5bb39bb2093035496f0963b87b5ce857dcb57c00f4e2440da9c612b5c147	fa8537b2453b300bad8545dd54b65030784625c5149381f6700d61899feb5a10
p01-s03-c0037-v210-m010-g100-sb0005	0	0	0.10794359587333424	False	0.02197081968188286	c29b5bb39bb2093035496f0963b87b5ce857dcb57c00f4e2440da9c612b5c147	63205ce37b28661a567ea29d3def1d6524dcd37a866454ba1cb1bdcc89ceb201
p01-s03-c0037-v210-m010-g100-sb0006	0	0	0.10905421295280879	False	0.021972253918647766	c29b5bb39bb2093035496f0963b87b5ce857dcb57c00f4e2440da9c612b5c147	041562fa4bb0e73ef0f5a20f0d18dd588be5270aac7e73c684505a57b6ce1a0c
p01-s03-c0037-v210-m010-g100-sb0007	0	0	0.1082260347394428	False	0.02197703905403614	c29b5bb39bb2093035496f0963b87b5ce857dcb57c00f4e2440da9c612b5c147	9f75dc046719f80868782c9cc48ea24cf0d17f66381f0f4bb7ce8df0b3454595
p01-s03-c0037-v210-m010-g100-sb0008	0	0	0.10633865863996714	False	0.021988945081830025	c29b5bb39bb2093035496f0963b87b5ce857dcb57c00f4e2440da9c612b5c147	e11f60da270bb032e57338285982945a683533d5aa9c3cd3a329929444b3f3a0
p01-s03-c0037-v210-m010-g100-sb0009	0	0	0.1110623815547054	False	0.02197435963898897	c29b5bb39bb2093035496f0963b87b5ce857dcb57c00f4e2440da9c612b5c147	fe8a4e4d25ccf18dda3e8047b71333a9e61673c6d2f1bacc22c89cc467cca913
p01-s03-c0037-v210-m010-g100-sb0010	0	0	0.108889739157231	False	0.02198275551199913	c29b5bb39bb2093035496f0963b87b5ce857dcb57c00f4e2440da9c612b5c147	60533d4a1de14dffd097de9ddc98b3f912fa017e1a667144fdf9e09eb86a8af7
p01-s03-c0037-v210-m010-g100-sb0011	0	0	0.10770902719781993	False	0.021971147507429123	c29b5bb39bb2093035496f0963b87b5ce857dcb57c00f4e2440da9c612b5c147	64f5ad8dbf3b076613ac886a93dc6403840f696cd37ad95f4a6707ad381cebb1
p01-s03-c0037-v210-m010-g100-sb0012	0	0	0.11121011815143801	False	0.02197330165654421	c29b5bb39bb2093035496f0963b87b5ce857dcb57c00f4e2440da9c612b5c147	89e12d787705d2a6d8b44bf4e4a81cbb348ef71d1be8584565019dc33bde5825
p01-s03-c0038-v210-m010-g100-sb0001	5065273	5	0.23191701847167376	False	0.21602757461369038	c29b5bb39bb2093035496f0963b87b5ce857dcb57c00f4e2440da9c612b5c147	c9a9a9da7afdcadaaa596a04f42e20d70687925378fbe4cc0ce8c48e7e94f2e5
p01-s03-c0038-v210-m010-g100-sb0002	5063804	5	0.2376312872338652	False	0.2159700272604823	c29b5bb39bb2093035496f0963b87b5ce857dcb57c00f4e2440da9c612b5c147	7b8c9c193782d665ebc0f44e0a36457395cd9c4d658e6080602ef0f4c9be085a
p01-s03-c0038-v210-m010-g100-sb0003	5063874	5	0.23025348063002132	False	0.2159991255030036	c29b5bb39bb2093035496f0963b87b5ce857dcb57c00f4e2440da9c612b5c147	b95258f4c5d1989d5540ba01f7b981526f140bedf6b17fa22721b1b56dc12eb8
p01-s03-c0038-v210-m010-g100-sb0004	5066692	6	0.2262440619694664	False	0.21608269959688187	c29b5bb39bb2093035496f0963b87b5ce857dcb57c00f4e2440da9c612b5c147	95c2687b755a436685c5eebf5e2b1312878a989b2cf3f0e561c8fc34b8573af2
p01-s03-c0038-v210-m010-g100-sb0005	5068514	6	0.24159584741722534	False	0.2161553530022502	c29b5bb39bb2093035496f0963b87b5ce857dcb57c00f4e2440da9c612b5c147	3e0a114555c2ccdc0dce8f16f120c9ec1a7188248d58a0c64d8adbb63a10ba99
p01-s03-c0038-v210-m010-g100-sb0006	5066313	5	0.23579899634059984	False	0.2160661006346345	c29b5bb39bb2093035496f0963b87b5ce857dcb57c00f4e2440da9c612b5c147	c3bd441d752cdd3b534c6868a63f423a95254982912d4cf35ff93389e50879a1
p01-s03-c0038-v210-m010-g100-sb0007	5066654	6	0.23460493531867138	False	0.21609243750572205	c29b5bb39bb2093035496f0963b87b5ce857dcb57c00f4e2440da9c612b5c147	55059deac864d19910d544a507740a947afd23285b35aec0a1cc19a969ca44d1
p01-s03-c0038-v210-m010-g100-sb0008	5064243	5	0.23064402733612546	False	0.2159889182075858	c29b5bb39bb2093035496f0963b87b5ce857dcb57c00f4e2440da9c612b5c147	d1eb4d2b72005eadbee3af7c394e087fd1e034b25b7210eddce486d126d27e2a
p01-s03-c0038-v210-m010-g100-sb0009	5068286	5	0.2403042397674613	False	0.2161370599642396	c29b5bb39bb2093035496f0963b87b5ce857dcb57c00f4e2440da9c612b5c147	080581b6747f717760253f33eb8c5f235197dc02dd80caeac973c6fd8d515834
p01-s03-c0038-v210-m010-g100-sb0010	5068180	5	0.243805153611142	False	0.21612363681197166	c29b5bb39bb2093035496f0963b87b5ce857dcb57c00f4e2440da9c612b5c147	c96dac67b07d002a1f9370d22385967b2aa3b5d7e53bc93f3c05f9d6069dd599
p01-s03-c0038-v210-m010-g100-sb0011	5067029	5	0.23280343953946916	False	0.21610684227198362	c29b5bb39bb2093035496f0963b87b5ce857dcb57c00f4e2440da9c612b5c147	78c785be0899903aaa594a376820402c7ae62370efd10dad39966fba0bcf9157
p01-s03-c0038-v210-m010-g100-sb0012	5068731	5	0.2375456419244357	False	0.21617201250046492	c29b5bb39bb2093035496f0963b87b5ce857dcb57c00f4e2440da9c612b5c147	37a6c7e7c8cd1ac0b28e8551a8449bdd8a43889e4cbe42898bbccb078c01ca6f
p01-s03-c0039-v210-m010-g100-sb0001	0	0	0.10968956809943646	False	0.02230511326342821	c29b5bb39bb2093035496f0963b87b5ce857dcb57c00f4e2440da9c612b5c147	4916e857c5015a3845dc0da9100a732811986083d1b46afcaf3abf9a5d446807
p01-s03-c0039-v210-m010-g100-sb0002	0	0	0.10668774251224629	False	0.02229287661612034	c29b5bb39bb2093035496f0963b87b5ce857dcb57c00f4e2440da9c612b5c147	8f5235cb47cb3631f28b8a219c1f72bf26b390d3e6db2a9b0ec2a1e519681054
p01-s03-c0039-v210-m010-g100-sb0003	0	0	0.10947350195641371	False	0.022317659109830856	c29b5bb39bb2093035496f0963b87b5ce857dcb57c00f4e2440da9c612b5c147	eeb7971ce829d38656dedb707a6b30b1b7983a7518bd860b528eb6b5f8c5815f
p01-s03-c0039-v210-m010-g100-sb0004	0	0	0.10961317721443872	False	0.022307896986603737	c29b5bb39bb2093035496f0963b87b5ce857dcb57c00f4e2440da9c612b5c147	49c136dbe213bb1be27ef68f763ae7fe62a7c3faaba420fb130794656b1ed46e
p01-s03-c0039-v210-m010-g100-sb0005	0	0	0.11137841117244938	False	0.022303753532469273	c29b5bb39bb2093035496f0963b87b5ce857dcb57c00f4e2440da9c612b5c147	8d77a63ae87997a341fa50159b26ef5a09dcdf9d375162138fe3f4934ab82ba8
p01-s03-c0039-v210-m010-g100-sb0006	0	0	0.10634765813495808	False	0.02229153737425804	c29b5bb39bb2093035496f0963b87b5ce857dcb57c00f4e2440da9c612b5c147	d92b29f1cab7483ff746b61d4b25af0f41c5f4b920a9f42e6562c6f8435cf2b1
p01-s03-c0039-v210-m010-g100-sb0007	0	0	0.10789006025245827	False	0.022302260622382164	c29b5bb39bb2093035496f0963b87b5ce857dcb57c00f4e2440da9c612b5c147	e056804947cf28913666180ec3932c12cfcd63d7b0e9aec5249f2b1ad9c88093
p01-s03-c0039-v210-m010-g100-sb0008	0	0	0.10968507581694414	False	0.02231031283736229	c29b5bb39bb2093035496f0963b87b5ce857dcb57c00f4e2440da9c612b5c147	c5d7cce2b41d0fec0a3422b6a84bff3312ac24d9eb2196bcc050f65e09ba7ad5
p01-s03-c0039-v210-m010-g100-sb0009	0	0	0.10946811853222445	False	0.022307551465928555	c29b5bb39bb2093035496f0963b87b5ce857dcb57c00f4e2440da9c612b5c147	687ef196a2430948bf928c131475e4ea52c8c30c956b9318ecb110c6d121341e
p01-s03-c0039-v210-m010-g100-sb0010	0	0	0.10433812818858618	False	0.022302052937448025	c29b5bb39bb2093035496f0963b87b5ce857dcb57c00f4e2440da9c612b5c147	f1e89ea76f0df3514a77b61f0341e21938bd7ee4880ccf0c0cdb1e897d1dfece
p01-s03-c0039-v210-m010-g100-sb0011	0	0	0.10662941973559403	False	0.022284223698079586	c29b5bb39bb2093035496f0963b87b5ce857dcb57c00f4e2440da9c612b5c147	e2743f4cc20b9c82d371216d5a0d1000a710cb9de5670ea928c3632a56b60d62
p01-s03-c0039-v210-m010-g100-sb0012	0	0	0.11118280279999858	False	0.022298332303762436	c29b5bb39bb2093035496f0963b87b5ce857dcb57c00f4e2440da9c612b5c147	5e243ac678378fd4c6e1834a3d83016e584be949f36d1ce64a69539b5bcdddad
p01-s03-c0040-v210-m010-g100-sb0001	5065690	5	0.23556585340728312	False	0.21654875110834837	c29b5bb39bb2093035496f0963b87b5ce857dcb57c00f4e2440da9c612b5c147	4d623dba93aa5258dc1a6c0032ef6ee5dcb9bd617710a69e2cc9304bcce2a7bd
p01-s03-c0040-v210-m010-g100-sb0002	5066320	5	0.22662560109417731	False	0.21653299685567617	c29b5bb39bb2093035496f0963b87b5ce857dcb57c00f4e2440da9c612b5c147	eadc0ed17eab4be92d76b295e600701a7caa73b547d45d2c904555cc30430168
p01-s03-c0040-v210-m010-g100-sb0003	5065965	4	0.23464888195416683	False	0.21655629109591246	c29b5bb39bb2093035496f0963b87b5ce857dcb57c00f4e2440da9c612b5c147	eacba06be7886100dfea0af08349fec9bb726f57669a64cc194e384c28b53c26
p01-s03-c0040-v210-m010-g100-sb0004	5067244	6	0.2328382619483293	False	0.21659573167562485	c29b5bb39bb2093035496f0963b87b5ce857dcb57c00f4e2440da9c612b5c147	428955618f7ad455451fc06a6484654c19aae13814b74947f6a56e6c87b713db
p01-s03-c0040-v210-m010-g100-sb0005	5067394	6	0.23098533161249685	False	0.21659681852906942	c29b5bb39bb2093035496f0963b87b5ce857dcb57c00f4e2440da9c612b5c147	ddd99e90949c00f92c70cf0f1310e23a1a798d9041f7ec9428089a771c61970c
p01-s03-c0040-v210-m010-g100-sb0006	5066476	5	0.2348877325328067	False	0.21657817251980305	c29b5bb39bb2093035496f0963b87b5ce857dcb57c00f4e2440da9c612b5c147	2ae19110390a91e2e3d9dc38cfa95d110c4e04f755054f49a499851dd369264c
p01-s03-c0040-v210-m010-g100-sb0007	5068112	6	0.23592284337416963	False	0.21664066892117262	c29b5bb39bb2093035496f0963b87b5ce857dcb57c00f4e2440da9c612b5c147	b1707d7dc7ec59f5bddb5a77878b7b6031963f48f7a58398b9762f641cb45290
p01-s03-c0040-v210-m010-g100-sb0008	5066357	5	0.23478678457251387	False	0.2165951207280159	c29b5bb39bb2093035496f0963b87b5ce857dcb57c00f4e2440da9c612b5c147	d7c93f3f7913dd77b623722db9eef35ab80bcae80a64b4f3dcb4d4902383f375
p01-s03-c0040-v210-m010-g100-sb0009	5067036	5	0.22709251423165874	False	0.2165781995281577	c29b5bb39bb2093035496f0963b87b5ce857dcb57c00f4e2440da9c612b5c147	0e8f7fb4ea43532a63f4742d981680774bb9c9e084d3801c4074987fb29eb965
p01-s03-c0040-v210-m010-g100-sb0010	5069083	5	0.2396699147669521	False	0.2166401371359825	c29b5bb39bb2093035496f0963b87b5ce857dcb57c00f4e2440da9c612b5c147	af12e1effe3315111c760dc613aa2658f70648f8d2c726903a08a209c5bd20e8
p01-s03-c0040-v210-m010-g100-sb0011	5066302	5	0.22796168542447656	False	0.21658450365066528	c29b5bb39bb2093035496f0963b87b5ce857dcb57c00f4e2440da9c612b5c147	3e298802a74c34707dac4797ff7e0339d30cedbffb3fb8d802ff9864c2e1d6d0
p01-s03-c0040-v210-m010-g100-sb0012	5070312	5	0.2310793374494339	False	0.2167330840602517	c29b5bb39bb2093035496f0963b87b5ce857dcb57c00f4e2440da9c612b5c147	871a01d40b1f3f8bf381ca22f4a17ca9699482e870f16f26bad13ca43dcc0c03
p01-s03-c0041-v210-m010-g100-sb0001	0	0	0.1095564080900254	False	0.023065242916345596	c29b5bb39bb2093035496f0963b87b5ce857dcb57c00f4e2440da9c612b5c147	26fea390e7af5369118c1a1b6ed703cf3bf2ba175585f7b76b09b98953f906b0
p01-s03-c0041-v210-m010-g100-sb0002	0	0	0.11555702479362177	False	0.022960683330893517	c29b5bb39bb2093035496f0963b87b5ce857dcb57c00f4e2440da9c612b5c147	ca99f6fc5cd0f95f6a30e9939a89c50328ccdfc62d1182b4034fcfb34225cac9
p01-s03-c0041-v210-m010-g100-sb0003	0	0	0.10815556471307193	False	0.023115599527955055	c29b5bb39bb2093035496f0963b87b5ce857dcb57c00f4e2440da9c612b5c147	c142e47c616974fae01dff98ca55e5c354ee537ece1944e17c8001a6810b554b
p01-s03-c0041-v210-m010-g100-sb0004	0	0	0.1075903938011551	False	0.023237429559230804	c29b5bb39bb2093035496f0963b87b5ce857dcb57c00f4e2440da9c612b5c147	e02231d361c7614475850a66df52dfcf45009ac1b2f2a313981e2c5d96f4d4f3
p01-s03-c0041-v210-m010-g100-sb0005	0	0	0.1094726558166763	False	0.023203500546514988	c29b5bb39bb2093035496f0963b87b5ce857dcb57c00f4e2440da9c612b5c147	4396bf27a59279da2b7694cc3a22c95745d536f6ba26c1f5340057d6a3f0d955
p01-s03-c0041-v210-m010-g100-sb0006	0	0	0.11535902062696146	False	0.023163150064647198	c29b5bb39bb2093035496f0963b87b5ce857dcb57c00f4e2440da9c612b5c147	b474346760294df49e0392d4119c69c7406a79bf6a6dc03cc3b2c9da44c4fb14
p01-s03-c0041-v210-m010-g100-sb0007	0	0	0.10797931503304022	False	0.02302871271967888	c29b5bb39bb2093035496f0963b87b5ce857dcb57c00f4e2440da9c612b5c147	d53448a078a0dd05753017d4353818e8b398426764112eaa317cc2a51133694c
p01-s03-c0041-v210-m010-g100-sb0008	0	0	0.1051068051125104	False	0.023132294416427612	c29b5bb39bb2093035496f0963b87b5ce857dcb57c00f4e2440da9c612b5c147	929846f66959de7a70cb7a702706cc22312d217a5ab5fbd1bed76159f6b55285
p01-s03-c0041-v210-m010-g100-sb0009	0	0	0.11265458787804367	False	0.023181121796369553	c29b5bb39bb2093035496f0963b87b5ce857dcb57c00f4e2440da9c612b5c147	ce601a46f0b7a3744816471714024ea290025cbacd9e42a89335f600b6b7e5b6
p01-s03-c0041-v210-m010-g100-sb0010	0	0	0.11301883894387478	False	0.023007841780781746	c29b5bb39bb2093035496f0963b87b5ce857dcb57c00f4e2440da9c612b5c147	ba14e0ffbf21ebeb7c1532a2c4c55b2743b84879d417e8a179feea3b03666adf
p01-s03-c0041-v210-m010-g100-sb0011	0	0	0.10677050641110529	False	0.02303417306393385	c29b5bb39bb2093035496f0963b87b5ce857dcb57c00f4e2440da9c612b5c147	cf8ab47b43d82e4232eb33235defeb152f1530ffdda4858939fbe56ca73cb0e4
p01-s03-c0041-v210-m010-g100-sb0012	0	0	0.10689509290276974	False	0.023120163939893246	c29b5bb39bb2093035496f0963b87b5ce857dcb57c00f4e2440da9c612b5c147	cab10c3af7659d2ad05562745475a4e0b77a7a38617f9b9383a7e8ddb491db30
p01-s03-c0042-v210-m010-g100-sb0001	5066095	5	0.24092967476721647	False	0.21891448087990284	c29b5bb39bb2093035496f0963b87b5ce857dcb57c00f4e2440da9c612b5c147	9d26818f66420175fc3bc924f898a149a0c07346136505f3a7a686e5688e8dfe
p01-s03-c0042-v210-m010-g100-sb0002	5069344	5	0.24481764744359275	False	0.21892463881522417	c29b5bb39bb2093035496f0963b87b5ce857dcb57c00f4e2440da9c612b5c147	ed02953f92fe4b0d7b27bc52abc3078519c14969a23610c21ae0d66cd74ecdb4
p01-s03-c0042-v210-m010-g100-sb0003	5062788	5	0.23593487777947708	False	0.21874342672526836	c29b5bb39bb2093035496f0963b87b5ce857dcb57c00f4e2440da9c612b5c147	88f152c776330222d367f88a0d1c266e2771211b4df48adef43819667447ee0b
p01-s03-c0042-v210-m010-g100-sb0004	5068274	5	0.23924493795112034	False	0.21906540356576443	c29b5bb39bb2093035496f0963b87b5ce857dcb57c00f4e2440da9c612b5c147	f4964df73e3e5d8e024a73648581d557e0d75d194e6c819999ae9836e2c304dd
p01-s03-c0042-v210-m010-g100-sb0005	5066830	5	0.23399060774251768	False	0.21882206294685602	c29b5bb39bb2093035496f0963b87b5ce857dcb57c00f4e2440da9c612b5c147	e7f14e9a018cda740fc997c99ccf35a6222437f9206ff7d2431309b08221941b
p01-s03-c0042-v210-m010-g100-sb0006	5069053	5	0.23633324668251185	False	0.21896285563707352	c29b5bb39bb2093035496f0963b87b5ce857dcb57c00f4e2440da9c612b5c147	6c440e5ac04d4a30f363d843e5e04fb1451887eacac548687593f0d20c5fcb50
p01-s03-c0042-v210-m010-g100-sb0007	5067021	6	0.2424925937480293	False	0.21893091034144163	c29b5bb39bb2093035496f0963b87b5ce857dcb57c00f4e2440da9c612b5c147	f9b7884bf3ca8d70f67758511784e9c43e0c65002c2a36f3fd81c94510f7875d
p01-s03-c0042-v210-m010-g100-sb0008	5066285	5	0.24079614470667568	False	0.21877180133014917	c29b5bb39bb2093035496f0963b87b5ce857dcb57c00f4e2440da9c612b5c147	e71c57e2fb22dbf389fc1c4f08d8cdf9b9dad3a9a64aad2f074f31531b0706d3
p01-s03-c0042-v210-m010-g100-sb0009	5066657	5	0.22764031753636016	False	0.2189440419897437	c29b5bb39bb2093035496f0963b87b5ce857dcb57c00f4e2440da9c612b5c147	23a5e3c63e3fce4839f4c1cce6ac91322d04314471003694cc02803b08c6eb00
p01-s03-c0042-v210-m010-g100-sb0010	5067546	5	0.23937688541527474	False	0.21898504998534918	c29b5bb39bb2093035496f0963b87b5ce857dcb57c00f4e2440da9c612b5c147	2943bddc63b9adcebb98fa73b873ccde5747e5ac80c26c01da060baf3fce46d6
p01-s03-c0042-v210-m010-g100-sb0011	5068885	5	0.23821621517055772	False	0.21893352642655373	c29b5bb39bb2093035496f0963b87b5ce857dcb57c00f4e2440da9c612b5c147	0d8ecbbab9a5de551d3507a44a257f844269e6c75025020b0fa5bc32012adcb7
p01-s03-c0042-v210-m010-g100-sb0012	5071107	5	0.23599956107584552	False	0.21907908283174038	c29b5bb39bb2093035496f0963b87b5ce857dcb57c00f4e2440da9c612b5c147	203ff8c64e117b63d424f062152a04ecc38a498c13984d683d53a91ee9cfe296
p01-s03-c0043-v210-m010-g100-sb0001	0	0	1.0800902762430875	False	0.21090026758611202	c29b5bb39bb2093035496f0963b87b5ce857dcb57c00f4e2440da9c612b5c147	e53b87648f82ee2fa609644c36e82a6e56c0193dc2e50b054ef807e076bd9dd0
p01-s03-c0043-v210-m010-g100-sb0002	0	0	1.0773730667724482	False	0.21091977134346962	c29b5bb39bb2093035496f0963b87b5ce857dcb57c00f4e2440da9c612b5c147	2ad46e2f57b64510a21b4843047380674a91474f83e24e96ea211334d4d247c7
p01-s03-c0043-v210-m010-g100-sb0003	0	0	1.0847318782000286	False	0.21095306053757668	c29b5bb39bb2093035496f0963b87b5ce857dcb57c00f4e2440da9c612b5c147	74b21c9b3c9fedf3dd39777f07ee3e758850b2f3ced19fa16a12ab216bbd67fe
p01-s03-c0043-v210-m010-g100-sb0004	0	0	1.126337395620778	False	0.21095109544694424	c29b5bb39bb2093035496f0963b87b5ce857dcb57c00f4e2440da9c612b5c147	8367fcfcd5376d95a48c89c34e54417a751ca7bfc43120446ab024b5a4561aed
p01-s03-c0043-v210-m010-g100-sb0005	0	0	1.028950940342232	False	0.21094030607491732	c29b5bb39bb2093035496f0963b87b5ce857dcb57c00f4e2440da9c612b5c147	e7264912276cab53f9601544f775db88d1bdf81d1dfff6ce7b5a1cfe59d21f3e
p01-s03-c0043-v210-m010-g100-sb0006	0	0	1.0770984531797392	False	0.21095524542033672	c29b5bb39bb2093035496f0963b87b5ce857dcb57c00f4e2440da9c612b5c147	45dae1741f4751d14982a037a2273be8744c73623562162021ad289e5ca28d77
p01-s03-c0043-v210-m010-g100-sb0007	0	0	1.090401611456376	False	0.21093953773379326	c29b5bb39bb2093035496f0963b87b5ce857dcb57c00f4e2440da9c612b5c147	6551d67a5fb9eda88d67cb943ac8b59e2e2f31111983d48e8de98bd58d66f2bb
p01-s03-c0043-v210-m010-g100-sb0008	0	0	1.0591111285377863	False	0.21094438713043928	c29b5bb39bb2093035496f0963b87b5ce857dcb57c00f4e2440da9c612b5c147	71d584c1b066754c7a28541ad51a5bafe52177228abca906f71421640c737802
p01-s03-c0043-v210-m010-g100-sb0009	0	0	1.1304869370316415	False	0.21088602486997843	c29b5bb39bb2093035496f0963b87b5ce857dcb57c00f4e2440da9c612b5c147	e0919c67f04c8dca2f3c699601d1f6d9b0e86317aabfc0735c731a7df272acaa
p01-s03-c0043-v210-m010-g100-sb0010	0	0	1.0634057574324671	False	0.21095215622335672	c29b5bb39bb2093035496f0963b87b5ce857dcb57c00f4e2440da9c612b5c147	8eccdec023e7aa65741bdb9beacaa79a18e5cac8a4fd35b2d8b34084785dc4d6
p01-s03-c0043-v210-m010-g100-sb0011	0	0	1.0825871495511254	False	0.2109396643936634	c29b5bb39bb2093035496f0963b87b5ce857dcb57c00f4e2440da9c612b5c147	43b6c9ed7918a96a14345514bb5fd4f86fb6d5fc6968b7ed091550effc169349
p01-s03-c0043-v210-m010-g100-sb0012	0	0	1.1009649596905284	False	0.21091927587985992	c29b5bb39bb2093035496f0963b87b5ce857dcb57c00f4e2440da9c612b5c147	27ecbfd157aa0560607612c7c98f5aa56786e680e6791fbec18a73e5434ebd86
p01-s03-c0044-v210-m010-g100-sb0001	50679879	5	2.3463728601100025	False	2.2452507158741355	c29b5bb39bb2093035496f0963b87b5ce857dcb57c00f4e2440da9c612b5c147	eda402c5918eef7e390d427a2a6e0df36b7450279775c14218031bdc78bead36
p01-s03-c0044-v210-m010-g100-sb0002	50676560	5	2.3522875177750313	False	2.2451353203505278	c29b5bb39bb2093035496f0963b87b5ce857dcb57c00f4e2440da9c612b5c147	06c45280edd7a7d027d1aa7a363f5fe06936cded660b22c28bc4570e68ae0e5d
p01-s03-c0044-v210-m010-g100-sb0003	50685670	5	2.2716098705430827	False	2.245507604442537	c29b5bb39bb2093035496f0963b87b5ce857dcb57c00f4e2440da9c612b5c147	e439e3d711f52adaa0f23bf78e005cb1549ed36fc0a7ad794fa447ebf5b18ebd
p01-s03-c0044-v210-m010-g100-sb0004	50687003	6	2.316406967365571	False	2.245589447207749	c29b5bb39bb2093035496f0963b87b5ce857dcb57c00f4e2440da9c612b5c147	72e8f4311c7aae932e5a31c5714dca8e1478ecf98970f059f77d1416fbe85f0e
p01-s03-c0044-v210-m010-g100-sb0005	50671644	6	2.3331137570750435	False	2.2449352806434035	c29b5bb39bb2093035496f0963b87b5ce857dcb57c00f4e2440da9c612b5c147	035d6071fab96ba336c2c2e3a189cd29e2f4374f578eb51e8e2d53bf00bc7db1
p01-s03-c0044-v210-m010-g100-sb0006	50679918	5	2.3202236747061318	False	2.245324564166367	c29b5bb39bb2093035496f0963b87b5ce857dcb57c00f4e2440da9c612b5c147	2e73446a683907290768348d93ab417f0676e167d9f54592c77ae49a831e4f80
p01-s03-c0044-v210-m010-g100-sb0007	50679100	6	2.345048681544205	False	2.2452468974515796	c29b5bb39bb2093035496f0963b87b5ce857dcb57c00f4e2440da9c612b5c147	2339bdb5565fb7eb838ad08b38b04df570ec8940742ba7cda8deb72aac2c17f0
p01-s03-c0044-v210-m010-g100-sb0008	50671256	5	2.285754415314166	False	2.2449062075465918	c29b5bb39bb2093035496f0963b87b5ce857dcb57c00f4e2440da9c612b5c147	772ff53588f566729017b38a2256d28baa0a607e677af7cc7a7520c9c40f8bbe
p01-s03-c0044-v210-m010-g100-sb0009	50683707	6	2.393839582327249	False	2.2453756909817457	c29b5bb39bb2093035496f0963b87b5ce857dcb57c00f4e2440da9c612b5c147	0caf51434960f3302b97716d37fce27cf356d6ab8ae81bf991fb06f2829586f1
p01-s03-c0044-v210-m010-g100-sb0010	50668419	6	2.328623310659184	False	2.2447918923571706	c29b5bb39bb2093035496f0963b87b5ce857dcb57c00f4e2440da9c612b5c147	13541252f0280255d4e2de13e95e8934eaf20347451f595d2c6281250ae91e3d
p01-s03-c0044-v210-m010-g100-sb0011	50674563	5	2.272334419638565	False	2.245092673227191	c29b5bb39bb2093035496f0963b87b5ce857dcb57c00f4e2440da9c612b5c147	0a10fa0e5d9482418789e0bd4bfbb4dedf7891044e2553f5e7d39d2b5e122270
p01-s03-c0044-v210-m010-g100-sb0012	50679821	6	2.2858493325616775	False	2.2452642489224672	c29b5bb39bb2093035496f0963b87b5ce857dcb57c00f4e2440da9c612b5c147	34d022b4dd8fc4d34452c7e4c7d1d0d59b7ce7bdcb221b781e81c9f1d475928c
p01-s03-c0045-v210-m010-g100-sb0001	0	0	1.104180531189971	False	0.21496360935270786	c29b5bb39bb2093035496f0963b87b5ce857dcb57c00f4e2440da9c612b5c147	a1c4d3f3b9e2c7e1947bbf19b787ecde5b32939ab1db3ddf6d4b0633e925d123
p01-s03-c0045-v210-m010-g100-sb0002	0	0	1.046664234048868	False	0.2149852141737938	c29b5bb39bb2093035496f0963b87b5ce857dcb57c00f4e2440da9c612b5c147	13a7fd1bbd65faa1abaa0816d50a4c7848076863f99e138924d18c6762912a73
p01-s03-c0045-v210-m010-g100-sb0003	0	0	1.0262752989186104	False	0.21501689590513706	c29b5bb39bb2093035496f0963b87b5ce857dcb57c00f4e2440da9c612b5c147	5538a047739100dd3d457123c147958f53ffbf08b1608f24b1703907cbcfb36f
p01-s03-c0045-v210-m010-g100-sb0004	0	0	1.0553518333013765	False	0.21502253785729408	c29b5bb39bb2093035496f0963b87b5ce857dcb57c00f4e2440da9c612b5c147	6b9e1637cf47e9cceb8f7f5f0399e14cd405cba1f95bcff64fdf791340168863
p01-s03-c0045-v210-m010-g100-sb0005	0	0	1.0739089338203323	False	0.21500914078205824	c29b5bb39bb2093035496f0963b87b5ce857dcb57c00f4e2440da9c612b5c147	0016b7316de99ea660cd71febf60640b963339d1f1535173055dbd65ade1d7e7
p01-s03-c0045-v210-m010-g100-sb0006	0	0	1.0950606036027764	False	0.21502066496759653	c29b5bb39bb2093035496f0963b87b5ce857dcb57c00f4e2440da9c612b5c147	cd096501a748a78262e42ff4fc898eb26d4dcfd9b1cebb2674707b82a7308238
p01-s03-c0045-v210-m010-g100-sb0007	0	0	1.0785662914655405	False	0.21500051859766245	c29b5bb39bb2093035496f0963b87b5ce857dcb57c00f4e2440da9c612b5c147	ba58b2d29d51c1b8529cb05836bb43d5a83b0f4614a00219e7b2a5ab8691821f
p01-s03-c0045-v210-m010-g100-sb0008	0	0	1.084977330051673	False	0.21500928048044443	c29b5bb39bb2093035496f0963b87b5ce857dcb57c00f4e2440da9c612b5c147	4bcb2f8bed3eda65a4d50d45f3ad19992fa15749ff3372fe07de522c99ca30d2
p01-s03-c0045-v210-m010-g100-sb0009	0	0	1.0851191716293882	False	0.21494849305599928	c29b5bb39bb2093035496f0963b87b5ce857dcb57c00f4e2440da9c612b5c147	0b329b9ec92a3ba3144ed555fdff9d2c1e9117de24dff1ee326cb4cef08f7e73
p01-s03-c0045-v210-m010-g100-sb0010	0	0	1.0394644641569661	False	0.21501846611499786	c29b5bb39bb2093035496f0963b87b5ce857dcb57c00f4e2440da9c612b5c147	69aa60d39eb52b713058fae7f6f6f140ae2611f460da539e3e0cbaa490d478f3
p01-s03-c0045-v210-m010-g100-sb0011	0	0	1.0819779759380295	False	0.21501099038869143	c29b5bb39bb2093035496f0963b87b5ce857dcb57c00f4e2440da9c612b5c147	d63f65fd2b89a624709968e314e09905c317327c45d98bc07add79953bdf7c4d
p01-s03-c0045-v210-m010-g100-sb0012	0	0	1.0666012964561298	False	0.21499514486640692	c29b5bb39bb2093035496f0963b87b5ce857dcb57c00f4e2440da9c612b5c147	a1a3402d47598f46911257f84490a6a846ab56ac756afa89bd018047a509a923
p01-s03-c0046-v210-m010-g100-sb0001	50679027	5	2.240735526482523	False	2.2493010591715574	c29b5bb39bb2093035496f0963b87b5ce857dcb57c00f4e2440da9c612b5c147	68eb7c4a7d3d3b36f34043af3efc2ec1bfa02a5b4ae02813b617cd0836464dca
p01-s03-c0046-v210-m010-g100-sb0002	50676579	5	2.363645917401688	False	2.2492115292698145	c29b5bb39bb2093035496f0963b87b5ce857dcb57c00f4e2440da9c612b5c147	df122277b7ff4a2259a5d941ea191d40ebec9b3f158018ee8ab71defd4b1df13
p01-s03-c0046-v210-m010-g100-sb0003	50686080	5	2.322626980326669	False	2.249608328565955	c29b5bb39bb2093035496f0963b87b5ce857dcb57c00f4e2440da9c612b5c147	b161b62bbe0506353ae6263fc2563fdcfc5f3d1c32b3ae3fbd723e244367049a
p01-s03-c0046-v210-m010-g100-sb0004	50685574	6	2.237165595598053	False	2.249615372158587	c29b5bb39bb2093035496f0963b87b5ce857dcb57c00f4e2440da9c612b5c147	2185ec5723697197778614f485f1d4c4c91b3463eb8bc2c898a90d3a95e1b3f1
p01-s03-c0046-v210-m010-g100-sb0005	50672178	6	2.3208804762180404	False	2.2490325793623924	c29b5bb39bb2093035496f0963b87b5ce857dcb57c00f4e2440da9c612b5c147	15a6e9693451fb18cc64efb9311d5d90a972a89654d15fb8c9aac55b3a9ce1d0
p01-s03-c0046-v210-m010-g100-sb0006	50679932	5	2.3111524833738804	False	2.249411509372294	c29b5bb39bb2093035496f0963b87b5ce857dcb57c00f4e2440da9c612b5c147	08c0d690a3e96b40b8d5826b219ca17a7a33a1a779fb8b7ee669d7d555c52bd2
p01-s03-c0046-v210-m010-g100-sb0007	50678544	6	2.4060605073236445	False	2.2493079341948032	c29b5bb39bb2093035496f0963b87b5ce857dcb57c00f4e2440da9c612b5c147	4ae06c3b28779415acff7818ba90fd919b2f12670f9168ee9160dfdf219a4ac5
p01-s03-c0046-v210-m010-g100-sb0008	50671676	5	2.2537118797575304	False	2.2489980636164546	c29b5bb39bb2093035496f0963b87b5ce857dcb57c00f4e2440da9c612b5c147	29eece843b819a2dfbbd1f39e49c4f5bc31b45b43e748457b8407872b57b3201
p01-s03-c0046-v210-m010-g100-sb0009	50684334	6	2.407938944677266	False	2.2494848053902388	c29b5bb39bb2093035496f0963b87b5ce857dcb57c00f4e2440da9c612b5c147	b13a839cd0bdd299927a8067f669d320b23feb08fd2a3695cc96e9b7cbf80dd4
p01-s03-c0046-v210-m010-g100-sb0010	50669406	6	2.31173686529361	False	2.248902728781104	c29b5bb39bb2093035496f0963b87b5ce857dcb57c00f4e2440da9c612b5c147	2798dc28d00dc94963e0a9c31a489847769f45e456fb90fb09bb497d00ef1ac1
p01-s03-c0046-v210-m010-g100-sb0011	50675037	5	2.41915780205894	False	2.2491906601935625	c29b5bb39bb2093035496f0963b87b5ce857dcb57c00f4e2440da9c612b5c147	453667fd89fb3e38c09e148442d7208fad65b4426dcc3883dab91bd664be6a51
p01-s03-c0046-v210-m010-g100-sb0012	50679629	6	2.3477115141016354	False	2.249338949099183	c29b5bb39bb2093035496f0963b87b5ce857dcb57c00f4e2440da9c612b5c147	ba433f79a7caa680335bcec3a2c0628ee72355083cc012da54750cc3199c7904
p01-s03-c0047-v210-m010-g100-sb0001	0	0	1.0810627982658723	False	0.21833256538957357	c29b5bb39bb2093035496f0963b87b5ce857dcb57c00f4e2440da9c612b5c147	65fa3183e983e715b4fe93fe4843e201dc75e11f3478e49a8258310c8902856d
p01-s03-c0047-v210-m010-g100-sb0002	0	0	1.0862555027541627	False	0.21832494158297777	c29b5bb39bb2093035496f0963b87b5ce857dcb57c00f4e2440da9c612b5c147	ea5a621e07f053059bf7dced50b89e43c953bc4dbde19d5507c0c807fbcae40e
p01-s03-c0047-v210-m010-g100-sb0003	0	0	1.0564653315214025	False	0.2183726616203785	c29b5bb39bb2093035496f0963b87b5ce857dcb57c00f4e2440da9c612b5c147	1b9da9422b99d802eb4144887d56be1828c79b372cc746698f32ebb5e55635ef
p01-s03-c0047-v210-m010-g100-sb0004	0	0	1.0645840545311673	False	0.2183798085898161	c29b5bb39bb2093035496f0963b87b5ce857dcb57c00f4e2440da9c612b5c147	91a183958d55f4c074dc7abe06976b01415a5685732831ecda2f6f1169c2d119
p01-s03-c0047-v210-m010-g100-sb0005	0	0	1.0009026130099987	False	0.2183720013126731	c29b5bb39bb2093035496f0963b87b5ce857dcb57c00f4e2440da9c612b5c147	821c56e69d0437630224f8c1fa6f81f296098ac7051dc642b3b7cb56bfe5c173
p01-s03-c0047-v210-m010-g100-sb0006	0	0	1.1163810087655697	False	0.21835859958082438	c29b5bb39bb2093035496f0963b87b5ce857dcb57c00f4e2440da9c612b5c147	60d8954b85f61a83cb4151eb421e9bdd1768b176b98014364b4b38396c9cae7a
p01-s03-c0047-v210-m010-g100-sb0007	0	0	1.0853849689302864	False	0.21835592947900295	c29b5bb39bb2093035496f0963b87b5ce857dcb57c00f4e2440da9c612b5c147	09a6b2e61d8b2c10a3d9057e82282343a87e0ee81e11cf5dc081b03bc4620bea
p01-s03-c0047-v210-m010-g100-sb0008	0	0	1.0754225665418846	False	0.21836703550070524	c29b5bb39bb2093035496f0963b87b5ce857dcb57c00f4e2440da9c612b5c147	b167b0a648cbe3f9f3fe56fa95840ea61ad12a924056d01be5671a4ed523127e
p01-s03-c0047-v210-m010-g100-sb0009	0	0	1.0932161709575061	False	0.21831249725073576	c29b5bb39bb2093035496f0963b87b5ce857dcb57c00f4e2440da9c612b5c147	2d4a6763be74ea38bb83f457ff7e10c961051cda58327c1650fa0a4ce2b4373a
p01-s03-c0047-v210-m010-g100-sb0010	0	0	1.0715989708108828	False	0.21834278851747513	c29b5bb39bb2093035496f0963b87b5ce857dcb57c00f4e2440da9c612b5c147	682c4e893cc9c71bf276107a5dba5b317ae809893d582925f3edf02ec447b88b
p01-s03-c0047-v210-m010-g100-sb0011	0	0	1.0948539166636249	False	0.2183528821915388	c29b5bb39bb2093035496f0963b87b5ce857dcb57c00f4e2440da9c612b5c147	6e1fc35a5877b1e55fc5dd48dbbd60d6923e5886b54748d64d37237d64785a2c
p01-s03-c0047-v210-m010-g100-sb0012	0	0	1.0673786231303044	False	0.21834340412169695	c29b5bb39bb2093035496f0963b87b5ce857dcb57c00f4e2440da9c612b5c147	0c8c6d17415cf83ca82da0c6815cc162cebb36064179877474168f42c535a6b1
p01-s03-c0048-v210-m010-g100-sb0001	50679174	5	2.330544873588046	False	2.2528578247874975	c29b5bb39bb2093035496f0963b87b5ce857dcb57c00f4e2440da9c612b5c147	117f247543926aadfc5345055f19de63748502d6d147818fa94b577d85a967c4
p01-s03-c0048-v210-m010-g100-sb0002	50679156	5	2.346061717552495	False	2.2528386879712343	c29b5bb39bb2093035496f0963b87b5ce857dcb57c00f4e2440da9c612b5c147	7529b449af58d4b24105313869f312c8d806dcd389606beb4b42a7ed60aaaf5a
p01-s03-c0048-v210-m010-g100-sb0003	50688387	5	2.337519205262199	False	2.2532442416995764	c29b5bb39bb2093035496f0963b87b5ce857dcb57c00f4e2440da9c612b5c147	cbdc34e68cdbfd76173f22e5a0f20734e97f77806a8368d6389ab24ae31e390e
p01-s03-c0048-v210-m010-g100-sb0004	50685659	6	2.4621527116155875	False	2.2531828926876187	c29b5bb39bb2093035496f0963b87b5ce857dcb57c00f4e2440da9c612b5c147	a7b7aeecdf426c7f8e34fc5907e031930fb6de79af3a1803602619509b15e59e
p01-s03-c0048-v210-m010-g100-sb0005	50673708	6	2.32645228038141	False	2.252633672207594	c29b5bb39bb2093035496f0963b87b5ce857dcb57c00f4e2440da9c612b5c147	d4b3ea979f0553003adc1cc1934055cac18ebc9c0cda5fe102cbb8f9451f8111
p01-s03-c0048-v210-m010-g100-sb0006	50678218	5	2.3778529945291424	False	2.2528769513592124	c29b5bb39bb2093035496f0963b87b5ce857dcb57c00f4e2440da9c612b5c147	cb2d146641f0de82fffb3534401c5bf536d6fad51e5f583c8fd036277154f858
p01-s03-c0048-v210-m010-g100-sb0007	50676254	6	2.400746456277492	False	2.252751906402409	c29b5bb39bb2093035496f0963b87b5ce857dcb57c00f4e2440da9c612b5c147	23ae6acfa05de08859c04ffacee5d7a252e6bfec305b3cb281471fa7c74b7ef2
p01-s03-c0048-v210-m010-g100-sb0008	50671941	5	2.302834781396992	False	2.2525373101234436	c29b5bb39bb2093035496f0963b87b5ce857dcb57c00f4e2440da9c612b5c147	de49dcb151929b86bd1ea2ffa8efe3c7454c3a4a2d6e13250b9c2542478fcaa0
p01-s03-c0048-v210-m010-g100-sb0009	50683802	5	2.337720278934705	False	2.25298591516912	c29b5bb39bb2093035496f0963b87b5ce857dcb57c00f4e2440da9c612b5c147	b5259801d11c829a136c2716af531cb6a1c99492cbd83cd8eb5d02a6f8095933
p01-s03-c0048-v210-m010-g100-sb0010	50672957	6	2.2927780063880427	False	2.2525616018101573	c29b5bb39bb2093035496f0963b87b5ce857dcb57c00f4e2440da9c612b5c147	93d991d255e564ea7ff015413d56efd472de92146ebc489a07e84af45871b7ba
p01-s03-c0048-v210-m010-g100-sb0011	50673599	5	2.345402758135266	False	2.252704561688006	c29b5bb39bb2093035496f0963b87b5ce857dcb57c00f4e2440da9c612b5c147	5a14e0838316ce98403edd8eab8ef7b1c5e758632ff5a4b42dcc04845c032e65
p01-s03-c0048-v210-m010-g100-sb0012	50680394	6	2.3275914590941587	False	2.2529162717983127	c29b5bb39bb2093035496f0963b87b5ce857dcb57c00f4e2440da9c612b5c147	c49dcf0d61d358b17841ee38aeb5a5f0016e4f4e07fbae241c638b9f9ad0c1da
p01-s03-c0049-v210-m010-g100-sb0001	0	0	1.0220526151191573	False	0.22774176113307476	c29b5bb39bb2093035496f0963b87b5ce857dcb57c00f4e2440da9c612b5c147	5985895249b920116fb19f6b341c8b42ee261e19cd792921069666deb6f7d8f4
p01-s03-c0049-v210-m010-g100-sb0002	0	0	1.0710451339454934	False	0.22755314595997334	c29b5bb39bb2093035496f0963b87b5ce857dcb57c00f4e2440da9c612b5c147	959bbe036fd6f5608e3d0057b1e9d8d4e2f7e8a7e5691d401a56199da56e6b84
p01-s03-c0049-v210-m010-g100-sb0003	0	0	1.0606416021114111	False	0.2278305133804679	c29b5bb39bb2093035496f0963b87b5ce857dcb57c00f4e2440da9c612b5c147	19816e80b06d402603dd2bc6220cec5d020e54e0010b34ca4a95a3ee3c626dac
p01-s03-c0049-v210-m010-g100-sb0004	0	0	1.039904208130837	False	0.2277626870200038	c29b5bb39bb2093035496f0963b87b5ce857dcb57c00f4e2440da9c612b5c147	11c44d399d5b1bcadc26a39e97e1129ab9392e7fd4f66502b8d20808b9c15c25
p01-s03-c0049-v210-m010-g100-sb0005	0	0	1.0612568162480602	False	0.22789360862225294	c29b5bb39bb2093035496f0963b87b5ce857dcb57c00f4e2440da9c612b5c147	7f9aa7366eb4d65d63e47cc51797d9f80e2b7a5fe8973ce79f40ec82d9866f83
p01-s03-c0049-v210-m010-g100-sb0006	0	0	1.0946325131441699	False	0.2275571757927537	c29b5bb39bb2093035496f0963b87b5ce857dcb57c00f4e2440da9c612b5c147	d1ce5f92758e150df989cc4c63847f6ae55b65eb7799e1a0b5dc1ae0eaf83918
p01-s03-c0049-v210-m010-g100-sb0007	0	0	1.063958929728057	False	0.22761803679168224	c29b5bb39bb2093035496f0963b87b5ce857dcb57c00f4e2440da9c612b5c147	ec4dac2ba1ea7ee6ca20c8b09699245bbffdac63fcd4885d1a55e316f4015ada
p01-s03-c0049-v210-m010-g100-sb0008	0	0	1.0725837117191663	False	0.22779473289847374	c29b5bb39bb2093035496f0963b87b5ce857dcb57c00f4e2440da9c612b5c147	4ea6476b53befbea2e9a194fd7e9e3557a50fd1c3dabd357570d8024cf665db5
p01-s03-c0049-v210-m010-g100-sb0009	0	0	1.068855945864731	False	0.22766535356640816	c29b5bb39bb2093035496f0963b87b5ce857dcb57c00f4e2440da9c612b5c147	06e81df7340ddab1e186ec00892e981a7cb095115f4866a1492255903c91685b
p01-s03-c0049-v210-m010-g100-sb0010	0	0	1.066083263773083	False	0.22762638702988625	c29b5bb39bb2093035496f0963b87b5ce857dcb57c00f4e2440da9c612b5c147	fbad702943dc61ff408de42b46609f14fe298e597c3f56461e49f5af86e3d490
p01-s03-c0049-v210-m010-g100-sb0011	0	0	1.0696069596246687	False	0.22786931600421667	c29b5bb39bb2093035496f0963b87b5ce857dcb57c00f4e2440da9c612b5c147	bf7d49b94c447f3830db57a528d916627844aa50349ad776739bd7fb265c08b3
p01-s03-c0049-v210-m010-g100-sb0012	0	0	1.0685405827205654	False	0.2278852192685008	c29b5bb39bb2093035496f0963b87b5ce857dcb57c00f4e2440da9c612b5c147	ef2df2ca1e2b1fbcdb7a660ab04b7e0e41e11391b6507e45ad1b7d507b60cf57
p01-s03-c0050-v210-m010-g100-sb0001	50682263	5	2.2138952393380977	False	2.268503134138882	c29b5bb39bb2093035496f0963b87b5ce857dcb57c00f4e2440da9c612b5c147	ba29fa722bbc45bd28481339eccb0c25c7d783634120c282da36e688d022c9ca
p01-s03-c0050-v210-m010-g100-sb0002	50677650	5	2.298087878345266	False	2.268452106975019	c29b5bb39bb2093035496f0963b87b5ce857dcb57c00f4e2440da9c612b5c147	723165c81e9926c4b61e60063722d2d4d4ef6480875e3e0bc9db19817cea3b23
p01-s03-c0050-v210-m010-g100-sb0003	50690012	6	2.2973389967830413	False	2.269234378822148	c29b5bb39bb2093035496f0963b87b5ce857dcb57c00f4e2440da9c612b5c147	a22de881dca5eec31323ca72082773d8381610bf5c9ed0b7a4046bcda8835942
p01-s03-c0050-v210-m010-g100-sb0004	50688611	5	2.327672587231694	False	2.2690313328057528	c29b5bb39bb2093035496f0963b87b5ce857dcb57c00f4e2440da9c612b5c147	1d546e2387a12f2b79bf16c4c4f766e4e4669efe4f72f5becafb4f6d81fae3c1
p01-s03-c0050-v210-m010-g100-sb0005	50667269	6	2.251864600615291	False	2.268392846919596	c29b5bb39bb2093035496f0963b87b5ce857dcb57c00f4e2440da9c612b5c147	7165e6382484e80c95e2cd708984e661554298553c30f2913ef5206053cbbdc9
p01-s03-c0050-v210-m010-g100-sb0006	50680324	5	2.4020637670811267	False	2.2687872694805264	c29b5bb39bb2093035496f0963b87b5ce857dcb57c00f4e2440da9c612b5c147	78316cab83b7a636a669c0685a6da97686c7a2202df8729686c5bda3aa574432
p01-s03-c0050-v210-m010-g100-sb0007	50682051	6	2.318725560653644	False	2.2688298895955086	c29b5bb39bb2093035496f0963b87b5ce857dcb57c00f4e2440da9c612b5c147	42873e5f6d6537ea1a6604a038261f6dc95956474567af69a44ccf5a412fd432
p01-s03-c0050-v210-m010-g100-sb0008	50669836	6	2.3457794763041764	False	2.268280917778611	c29b5bb39bb2093035496f0963b87b5ce857dcb57c00f4e2440da9c612b5c147	cd6c5278a2a45d9cc2accb5bb19c5bd9c9aea7da312b7aabb2e1bd8ff5b75520
p01-s03-c0050-v210-m010-g100-sb0009	50684840	6	2.3623460266880767	False	2.2687616404145956	c29b5bb39bb2093035496f0963b87b5ce857dcb57c00f4e2440da9c612b5c147	ac9de578a0638a0dc1268696ff41d89711ddf9b6366690b19283d3251ba3169a
p01-s03-c0050-v210-m010-g100-sb0010	50670233	6	2.2810460479469556	False	2.2682862794026732	c29b5bb39bb2093035496f0963b87b5ce857dcb57c00f4e2440da9c612b5c147	bb9eface4835ce6ce10d6bc50e767945ed7d8c579b2cc7b6192da7f3433943c3
p01-s03-c0050-v210-m010-g100-sb0011	50674990	5	2.1816107447277884	False	2.268717309460044	c29b5bb39bb2093035496f0963b87b5ce857dcb57c00f4e2440da9c612b5c147	733af720f391aa85ed6a1e928f02f770a42d665d30964e5d4cb76ce0939e62eb
p01-s03-c0050-v210-m010-g100-sb0012	50683044	5	2.290900995674763	False	2.2688972940668464	c29b5bb39bb2093035496f0963b87b5ce857dcb57c00f4e2440da9c612b5c147	f199003c596254bae3bf780bcbfee91b6cae8586f280ed16ec11fdc59cbdc071
