run_id	cell_id	cell	seed_block_id	generation	D0	shannon	simpson	D1	D2	evenness	TV	root_D0	root_D1	root_D2	mutant_richness	mutant_abundance_fraction	H	f	alpha	u	m	source_role	D0_tail_mean	D0_tail_sd	D1_tail_mean	D1_tail_sd	D2_tail_mean	D2_tail_sd	evenness_tail_mean	evenness_tail_sd	TV_tail_mean	TV_tail_sd
p01-s02-c0021-v210-m010-g250-sb0001	p01-s02-c0021	c0021	sb0001	100	100	3.533053833063303	0.9549670426007716	34.22833579569769	22.205958874402807	0.7671928919832625	8.507099999999508e-05	100	34.22833579569769	22.205958874402807	0	0.0	100	0	0	0	0.1	reused-control	100.0	0.0	34.22738605038078	0.0009100165293006088	22.205618838380996	0.0008363240862276823	0.7671868665658376	5.773385691276187e-06	8.44816599999969e-05	8.291328808622501e-06
p01-s02-c0021-v210-m010-g250-sb0002	p01-s02-c0021	c0021	sb0002	100	100	3.5330219770271927	0.9549657045742795	34.22724543396397	22.20529910697502	0.7671859745329135	9.312800000000116e-05	100	34.22724543396397	22.20529910697502	0	0.0	100	0	0	0	0.1	reused-control	100.0	0.0	34.2280110523577	0.0013706945320763977	22.205937078677724	0.0011492192989062408	0.767190831605694	8.695773716426933e-06	9.747862000000142e-05	7.997872813850596e-06
p01-s02-c0021-v210-m010-g250-sb0003	p01-s02-c0021	c0021	sb0003	100	100	3.533059440860462	0.9549658670965111	34.22852774180012	22.205379242963698	0.7671941097009434	8.576499999999175e-05	100	34.22852774180012	22.205379242963698	0	0.0	100	0	0	0	0.1	reused-control	100.0	0.0	34.22798345971242	0.0010223039549290879	22.20601126285603	0.000859099292724603	0.7671906566297761	6.485652015799008e-06	9.365317999999777e-05	7.374825927215734e-06
p01-s02-c0021-v210-m010-g250-sb0004	p01-s02-c0021	c0021	sb0004	100	100	3.5331016597481475	0.954971190911999	34.22997286267397	22.208004614238686	0.7672032774159203	9.331199999999948e-05	100	34.22997286267397	22.208004614238686	0	0.0	100	0	0	0	0.1	reused-control	100.0	0.0	34.22833112066183	0.0012712871573557565	22.20650622848325	0.0009504160736302202	0.7671928621776862	8.065188135065232e-06	8.938153999999862e-05	7.1927028532457715e-06
p01-s02-c0021-v210-m010-g250-sb0005	p01-s02-c0021	c0021	sb0005	100	100	3.533050656840817	0.9549676340234208	34.22822707906053	22.20625051146742	0.767192202275313	8.238799999999395e-05	100	34.22822707906053	22.20625051146742	0	0.0	100	0	0	0	0.1	reused-control	100.0	0.0	34.22805071970339	0.0008075290953531369	22.206139432532467	0.0007225595400983531	0.7671910833720892	5.123053167480424e-06	8.245952000000275e-05	8.13950169522428e-06
p01-s02-c0021-v210-m010-g250-sb0006	p01-s02-c0021	c0021	sb0006	100	100	3.5331093099683946	0.9549708324047035	34.23023473050709	22.207827801472693	0.7672049386401397	8.920699999999274e-05	100	34.23023473050709	22.207827801472693	0	0.0	100	0	0	0	0.1	reused-control	100.0	0.0	34.22805977530058	0.0010140255853111264	22.206138279168076	0.0006924650872844847	0.7671911407878139	6.433184606184801e-06	8.849465999999858e-05	1.0962052170100176e-05
p01-s02-c0021-v210-m010-g250-sb0007	p01-s02-c0021	c0021	sb0007	100	100	3.5329965024555707	0.9549647572747479	34.226373520654604	22.20483202679139	0.7671804427999713	8.49470000000108e-05	100	34.226373520654604	22.20483202679139	0	0.0	100	0	0	0	0.1	reused-control	100.0	0.0	34.22796222326098	0.0009815419875165686	22.205869405347507	0.0006553774249726784	0.7671905219100543	6.227131428173157e-06	8.691598000000266e-05	9.3642840001989e-06
p01-s02-c0021-v210-m010-g250-sb0008	p01-s02-c0021	c0021	sb0008	100	100	3.532997178535454	0.9549653963855806	34.22639666042504	22.2051471477772	0.7671805896088526	9.253500000000058e-05	100	34.22639666042504	22.2051471477772	0	0.0	100	0	0	0	0.1	reused-control	100.0	0.0	34.22717201149072	0.0011813754296902822	22.205546147050235	0.001066593819067661	0.7671855085928975	7.495028478768876e-06	9.328757999999794e-05	6.367092371638514e-06
p01-s02-c0021-v210-m010-g250-sb0009	p01-s02-c0021	c0021	sb0009	100	100	3.5329927582181178	0.9549632173053892	34.2262453692249	22.20407276383141	0.767179629749139	0.00011024200000001741	100	34.2262453692249	22.20407276383141	0	0.0	100	0	0	0	0.1	reused-control	100.0	0.0	34.22743350826557	0.0012522784855869395	22.20585124234776	0.0011237542031885086	0.7671871675833034	7.944708048453799e-06	9.905577999999835e-05	8.495397892905077e-06
p01-s02-c0021-v210-m010-g250-sb0010	p01-s02-c0021	c0021	sb0010	100	100	3.5330659528427693	0.9549675903472349	34.22875063809292	22.206228973993987	0.7671955237599345	0.00010895699999999503	100	34.22875063809292	22.206228973993987	0	0.0	100	0	0	0	0.1	reused-control	100.0	0.0	34.22796273805551	0.0009285638704745578	22.205850126520215	0.0006037085131241948	0.7671905251851789	5.8909464975818975e-06	8.745273999999912e-05	1.0481857601004046e-05
p01-s02-c0021-v210-m010-g250-sb0011	p01-s02-c0021	c0021	sb0011	100	100	3.5330513416968317	0.9549679507771077	34.22825052047574	22.20640670937186	0.767192350989907	9.825700000000974e-05	100	34.22825052047574	22.20640670937186	0	0.0	100	0	0	0	0.1	reused-control	100.0	0.0	34.22739383559431	0.0009806214270281482	22.206100761433	0.0009110668303915628	0.7671869159450831	6.221281488822455e-06	9.348838000000208e-05	9.387147983323878e-06
p01-s02-c0021-v210-m010-g250-sb0012	p01-s02-c0021	c0021	sb0012	100	100	3.5329993206115224	0.9549658486684244	34.22646997604876	22.20537015646728	0.7671810547547608	9.719900000000758e-05	100	34.22646997604876	22.20537015646728	0	0.0	100	0	0	0	0.1	reused-control	100.0	0.0	34.22817514715358	0.000914746298949483	22.206312655925682	0.0005236126741863179	0.7671918727379406	5.803212676486409e-06	9.079832000000338e-05	8.902323841169784e-06
p01-s02-c0022-v210-m010-g250-sb0001	p01-s02-c0022	c0022	sb0001	100	100	3.4217007125593826	0.954618279755803	30.62144904402565	22.035303964218343	0.7430128690944823	0.18409745900000002	100	30.62144904402565	22.035303964218343	0	0.0	100	1e-2	0.5	0	0.1	supplementary-reference	100.0	0.0	30.533674376157602	1.825095256015438	21.3936542882858	1.4322132139829853	0.7420109337189131	0.012942502773571623	0.17329169245999998	0.01634955683243322
p01-s02-c0022-v210-m010-g250-sb0002	p01-s02-c0022	c0022	sb0002	100	100	3.2651002437651675	0.9467273339855167	26.18273551526509	18.77135264317591	0.7090075093640873	0.15607835899999997	100	26.18273551526509	18.77135264317591	0	0.0	100	1e-2	0.5	0	0.1	supplementary-reference	100.0	0.0	28.088213904340094	1.419995809960507	19.363806274806006	1.0963798919204757	0.7239917694169494	0.010929877379439033	0.17082752786	0.015309548224347049
p01-s02-c0022-v210-m010-g250-sb0003	p01-s02-c0022	c0022	sb0003	100	100	3.319632525002818	0.9455599329180535	27.650187938641924	18.368823802048947	0.7208490437776411	0.19790571599999998	100	27.650187938641924	18.368823802048947	0	0.0	100	1e-2	0.5	0	0.1	supplementary-reference	100.0	0.0	30.124135558126042	1.6282568679203617	20.647485776839567	1.152116896230363	0.7391453808935193	0.01176766038502517	0.17564593254	0.020646834568912628
p01-s02-c0022-v210-m010-g250-sb0004	p01-s02-c0022	c0022	sb0004	100	100	3.2881739557077134	0.946242671983659	26.793892123632283	18.602115039944355	0.7140179022509237	0.136612196	100	26.793892123632283	18.602115039944355	0	0.0	100	1e-2	0.5	0	0.1	supplementary-reference	100.0	0.0	29.24370515641839	2.140832622938053	19.58990045037437	1.197277520447215	0.7324480407217187	0.015856614821352148	0.17024051758	0.015707091594001514
p01-s02-c0022-v210-m010-g250-sb0005	p01-s02-c0022	c0022	sb0005	100	100	3.404964309863796	0.9530306011041033	30.113220959781053	21.290457691749634	0.7393786054256803	0.155423049	100	30.113220959781053	21.290457691749634	0	0.0	100	1e-2	0.5	0	0.1	supplementary-reference	100.0	0.0	28.25067586785901	1.6938558018631582	18.66356637010148	1.5965791440639914	0.7251216986450199	0.013282028344120985	0.17427519802	0.016498668639819553
p01-s02-c0022-v210-m010-g250-sb0006	p01-s02-c0022	c0022	sb0006	100	100	3.519865179178155	0.9552482697959356	33.779873926468625	22.34550475344927	0.7643290121802366	0.17047428800000006	100	33.779873926468625	22.34550475344927	0	0.0	100	1e-2	0.5	0	0.1	supplementary-reference	100.0	0.0	32.42242552529933	1.4860794871354992	22.49402565747564	1.5830090240051031	0.7551987019997668	0.009971257345092938	0.18248162802	0.01879477371759721
p01-s02-c0022-v210-m010-g250-sb0007	p01-s02-c0022	c0022	sb0007	100	100	3.3496725783822447	0.9508766848689014	28.493402760257037	20.35693229032354	0.7273721584870233	0.184544243	100	28.493402760257037	20.35693229032354	0	0.0	100	1e-2	0.5	0	0.1	supplementary-reference	100.0	0.0	29.576783748000583	1.3621929951780614	20.433060098580533	1.4371977498017952	0.7352500587234794	0.009993384340710688	0.1763106562	0.01856567289601804
p01-s02-c0022-v210-m010-g250-sb0008	p01-s02-c0022	c0022	sb0008	100	100	3.3053852274609934	0.9425233791583802	27.259040497397233	17.39837842512627	0.7177552824254171	0.17783667300000003	100	27.259040497397233	17.39837842512627	0	0.0	100	1e-2	0.5	0	0.1	supplementary-reference	100.0	0.0	30.655756482633816	1.6499313159673379	21.06013484989382	1.4693082997433438	0.7429442354350563	0.011791095200825174	0.17217635508	0.02001369359039193
p01-s02-c0022-v210-m010-g250-sb0009	p01-s02-c0022	c0022	sb0009	100	100	3.2667884897569035	0.9391484450633409	26.226975747240875	16.43343380528088	0.7093741073232404	0.177277132	100	26.226975747240875	16.43343380528088	0	0.0	100	1e-2	0.5	0	0.1	supplementary-reference	100.0	0.0	30.481685169610262	1.9164100172524214	20.78646829084516	1.9459802026388437	0.7415825223536763	0.014052271482317276	0.17053275652	0.015300666737756395
p01-s02-c0022-v210-m010-g250-sb0010	p01-s02-c0022	c0022	sb0010	100	100	3.3336491605697702	0.9486194113068921	28.040479443329644	19.462603007001707	0.7238927175184293	0.152436045	100	28.040479443329644	19.462603007001707	0	0.0	100	1e-2	0.5	0	0.1	supplementary-reference	100.0	0.0	31.281510433454713	2.438700517941527	21.899123906253926	1.9926367298858578	0.7470206441934547	0.016472578257697504	0.17707699176	0.016037137078083574
p01-s02-c0022-v210-m010-g250-sb0011	p01-s02-c0022	c0022	sb0011	100	100	3.4299053630111693	0.9521034134013177	30.873720815445722	20.878314531656226	0.7447944863030602	0.186309885	100	30.873720815445722	20.878314531656226	0	0.0	100	1e-2	0.5	0	0.1	supplementary-reference	100.0	0.0	29.11126750868249	1.3720837522460578	19.116402535789177	1.3912482675426807	0.7317947620651278	0.010217229276779198	0.18839845893999999	0.021099185890988897
p01-s02-c0022-v210-m010-g250-sb0012	p01-s02-c0022	c0022	sb0012	100	100	3.4135206921550645	0.9527334144710015	30.371986660744362	21.156594850425357	0.7412366002327566	0.16561923800000003	100	30.371986660744362	21.156594850425357	0	0.0	100	1e-2	0.5	0	0.1	supplementary-reference	100.0	0.0	29.70075976358125	1.447989503738339	20.032701273210765	1.4748186824555674	0.7361340098460407	0.010490652165386038	0.18994245814	0.010626782087689465
p01-s02-c0023-v210-m010-g250-sb0001	p01-s02-c0023	c0023	sb0001	100	137	3.3606478945667813	0.9514924141640769	28.807849283281985	20.615332277769905	0.6830611632912218	0.193281117	100	28.807825504988653	20.615330331670236	37	4.5e-08	100	1e-2	0.5	1e-10	0.1	supplementary-reference	136.62	4.266097963799553	32.48278277027814	1.5585318660371281	23.055220622944667	1.4160428964770233	0.7077346502510495	0.010989206330648614	0.18471785338	0.028081670788534994
p01-s02-c0023-v210-m010-g250-sb0002	p01-s02-c0023	c0023	sb0002	100	132	3.358122980389094	0.9497268269881266	28.735203686740412	19.8913245393089	0.6877450762144229	0.162388508	100	28.735181637528814	19.891322534536975	32	4.2e-08	100	1e-2	0.5	1e-10	0.1	supplementary-reference	137.66	6.560892174273937	29.233751691583485	1.3269662831921951	20.181986644703457	0.9807409986061055	0.6853779340062635	0.011047868539005468	0.16695856518	0.015388358306590147
p01-s02-c0023-v210-m010-g250-sb0003	p01-s02-c0023	c0023	sb0003	100	139	3.4854860505608434	0.9561991384050349	32.6382871129217	22.830601124863502	0.706354131725946	0.20105005399999998	100	32.6382566865701	22.830598537781736	39	5.2e-08	100	1e-2	0.5	1e-10	0.1	supplementary-reference	134.62	5.201608856294133	29.386380185958092	1.6309886538950025	19.990298970131388	1.4178908866649855	0.6894176855566468	0.0136742397040634	0.18280580364	0.012226613121679967
p01-s02-c0023-v210-m010-g250-sb0004	p01-s02-c0023	c0023	sb0004	100	128	3.3476493584489546	0.9471853827320907	28.43581261823192	18.934152167142788	0.6899481611527752	0.179983762	100	28.435796219348347	18.934150923332325	28	3.2e-08	100	1e-2	0.5	1e-10	0.1	supplementary-reference	136.78	5.16775718138094	28.57188241665257	1.1284732586092319	19.058825854905983	0.9328100333368271	0.6815823638493456	0.008706897202259868	0.17709065148	0.016322007788445333
p01-s02-c0023-v210-m010-g250-sb0005	p01-s02-c0023	c0023	sb0005	100	144	3.3118213820173654	0.9465567773379836	27.43504969872383	18.71144646953949	0.6663874842742912	0.180471349	100	27.435012952568826	18.711443813763516	44	7.7e-08	100	1e-2	0.5	1e-10	0.1	supplementary-reference	136.34	4.479477010289737	29.0780959619879	1.195381973495413	19.72422619087551	1.1092900843755138	0.6855753115922633	0.010299694789934841	0.17023907404	0.01613427604555505
p01-s02-c0023-v210-m010-g250-sb0006	p01-s02-c0023	c0023	sb0006	100	130	3.3514018378307586	0.9484930404613061	28.542717873223975	19.414852069626885	0.6885214417983381	0.12379342	100	28.542697563976354	19.41485069931524	30	4e-08	100	1e-2	0.5	1e-10	0.1	supplementary-reference	135.14	5.935056693847471	31.932055275948255	2.444682316284538	22.34046948841391	2.2538417634211396	0.7055744056627015	0.01696606213138659	0.16994745015999999	0.02071366198101018
p01-s02-c0023-v210-m010-g250-sb0007	p01-s02-c0023	c0023	sb0007	100	134	3.4177308804532553	0.9511967985469233	30.500128003885234	20.49045903190348	0.6978037298172778	0.158414012	100	30.500105513479156	20.490457322365895	34	4.1e-08	100	1e-2	0.5	1e-10	0.1	supplementary-reference	137.62	5.823562273301489	30.417499525152035	1.6052188128585334	21.233487889202095	1.4120037968085013	0.6933575809507292	0.01159110899344537	0.18414685324000002	0.02061919364760689
p01-s02-c0023-v210-m010-g250-sb0008	p01-s02-c0023	c0023	sb0008	100	135	3.3206897211352073	0.9461740098882733	27.679435067642288	18.578385607478783	0.67696303899867	0.18824696000000002	100	27.679411021346905	18.578384162434734	35	4.9e-08	100	1e-2	0.5	1e-10	0.1	supplementary-reference	137.76	4.359179851714292	29.756076462627703	1.4305822666905732	20.25112686271046	1.119066825520317	0.6887119632329004	0.009320381980274323	0.16968930264	0.020055070697743885
p01-s02-c0023-v210-m010-g250-sb0009	p01-s02-c0023	c0023	sb0009	100	134	3.3948144815637162	0.9538061993288309	29.80912282008214	21.647926463520673	0.6931248510001778	0.18813601699999996	100	29.809098232039183	21.647924316383527	34	4.6e-08	100	1e-2	0.5	1e-10	0.1	supplementary-reference	134.9	5.319390789117391	30.08586623665279	1.9092474906142567	20.82821956012455	1.630613608765921	0.6938340094580708	0.015033563385498945	0.1992112041	0.02856115344168733
p01-s02-c0023-v210-m010-g250-sb0010	p01-s02-c0023	c0023	sb0010	100	139	3.2799247796187565	0.9455301037937662	26.573773735302016	18.35876455893735	0.6646959380202457	0.158583598	100	26.573750526202495	18.358762463411818	39	4.7e-08	100	1e-2	0.5	1e-10	0.1	supplementary-reference	134.08	6.203488156361907	29.24807169654236	1.6998799282615127	20.27299788515789	1.5124036308803714	0.6890535225009344	0.01490931276301179	0.18264425528	0.02022246749540025
p01-s02-c0023-v210-m010-g250-sb0011	p01-s02-c0023	c0023	sb0011	100	139	3.380642010052922	0.9491966335854525	29.389633497878616	19.683734968272713	0.6851068737753092	0.15695426499999998	100	29.389607659041022	19.683733150541098	39	4.9e-08	100	1e-2	0.5	1e-10	0.1	supplementary-reference	135.82	5.11775620476675	30.384797303678397	1.4415946170922853	21.331546452673777	1.446364446116654	0.6950100623435721	0.009275271684304788	0.18731988074	0.019700811866365305
p01-s02-c0023-v210-m010-g250-sb0012	p01-s02-c0023	c0023	sb0012	100	143	3.3176666094053457	0.9421777964132902	27.595883399460394	17.29439450539805	0.6685010022632116	0.198673699	100	27.59585364675792	17.29439254456875	43	6e-08	100	1e-2	0.5	1e-10	0.1	supplementary-reference	134.96	4.915448367449426	30.1647430415941	1.6769143273129261	20.178112765977897	1.4695632749898127	0.6943400520355195	0.011528590805859435	0.18503868782000002	0.020854978334426146
p01-s02-c0024-v210-m010-g250-sb0001	p01-s02-c0024	c0024	sb0001	100	100	3.5271715867928704	0.9547582725902076	34.0275873000036	22.103488466347848	0.7659155784350401	0.017880115	100	34.0275873000036	22.103488466347848	0	0.0	10000	1e-4	0.5	0	0.1	supplementary-reference	100.0	0.0	34.17956082461749	0.22267452517446348	22.247134001769144	0.16294113467545	0.7668787269164864	0.0014137690107343713	0.018996035199999997	0.001858864010186723
p01-s02-c0024-v210-m010-g250-sb0002	p01-s02-c0024	c0024	sb0002	100	100	3.5339855781699	0.9551998732514378	34.26024274234465	22.321365419621173	0.7673952178624301	0.022569954000000007	100	34.26024274234465	22.321365419621173	0	0.0	10000	1e-4	0.5	0	0.1	supplementary-reference	100.0	0.0	34.15528872123207	0.21889150936963722	22.19697710120487	0.15553864598174302	0.7667246088677594	0.001391984417106158	0.01952824234	0.0016073348544614714
p01-s02-c0024-v210-m010-g250-sb0003	p01-s02-c0024	c0024	sb0003	100	100	3.523708794489138	0.9541471241258941	33.909960608525324	21.808882887642834	0.7651636426402961	0.019727493999999995	100	33.909960608525324	21.808882887642834	0	0.0	10000	1e-4	0.5	0	0.1	supplementary-reference	100.0	0.0	34.30768796944524	0.2132563428176215	22.23068777857848	0.1756062822710302	0.7676916041954327	0.0013523351708792897	0.02088351518	0.001234304550901481
p01-s02-c0024-v210-m010-g250-sb0004	p01-s02-c0024	c0024	sb0004	100	100	3.538322228688336	0.9554655395007167	34.409140066269956	22.454521482663818	0.76833690955748	0.021300894000000004	100	34.409140066269956	22.454521482663818	0	0.0	10000	1e-4	0.5	0	0.1	supplementary-reference	100.0	0.0	34.34210627776818	0.1929028536865576	22.28630417850957	0.15812534829156552	0.7679101173103535	0.0012168663900825715	0.020021768899999993	0.0022632178782843967
p01-s02-c0024-v210-m010-g250-sb0005	p01-s02-c0024	c0024	sb0005	100	100	3.543453423450874	0.9551314012564128	34.58615382320757	22.287301765645722	0.7694511343429505	0.02198511700000001	100	34.58615382320757	22.287301765645722	0	0.0	10000	1e-4	0.5	0	0.1	supplementary-reference	100.0	0.0	34.20730985587797	0.3008817544368077	22.19847048912375	0.17231754033425278	0.76705122477305	0.0019106949387697981	0.01926998308	0.0019308193439495334
p01-s02-c0024-v210-m010-g250-sb0006	p01-s02-c0024	c0024	sb0006	100	100	3.5301477240952868	0.95480698835477	34.129008919349765	22.127314901031724	0.766561838438953	0.01990389700000002	100	34.129008919349765	22.127314901031724	0	0.0	10000	1e-4	0.5	0	0.1	supplementary-reference	100.0	0.0	34.20023748252682	0.23616006238557483	22.256634679223513	0.15795232861634312	0.7670094663019804	0.0015041331806622798	0.01968681182	0.001118312486933515
p01-s02-c0024-v210-m010-g250-sb0007	p01-s02-c0024	c0024	sb0007	100	100	3.5321773734019417	0.9548215101820587	34.19834918304501	22.134427335436992	0.7670025711859925	0.017236631000000006	100	34.19834918304501	22.134427335436992	0	0.0	10000	1e-4	0.5	0	0.1	supplementary-reference	100.0	0.0	34.15793145777161	0.33167920571230247	22.179067769263643	0.24972385283681026	0.7667357024202931	0.002115889586300101	0.019635395879999996	0.0017318671817620175
p01-s02-c0024-v210-m010-g250-sb0008	p01-s02-c0024	c0024	sb0008	100	100	3.5262732851618384	0.954628987852098	33.99703398793154	22.040504556966162	0.7657205147143191	0.018791934000000003	100	33.99703398793154	22.040504556966162	0	0.0	10000	1e-4	0.5	0	0.1	supplementary-reference	100.0	0.0	34.207468787653106	0.270570594488659	22.17261874252698	0.1940908562003974	0.7670538298000289	0.0017142837208676332	0.020165985980000002	0.0013007973314694897
p01-s02-c0024-v210-m010-g250-sb0009	p01-s02-c0024	c0024	sb0009	100	100	3.543289372484198	0.9557177599909048	34.580480396617546	22.582416783672382	0.7694155111281614	0.020238896000000006	100	34.580480396617546	22.582416783672382	0	0.0	10000	1e-4	0.5	0	0.1	supplementary-reference	100.0	0.0	34.20428124253809	0.21176774492036327	22.227523918331684	0.14378971752974712	0.7670361624033936	0.0013427806733974684	0.01909750478	0.001475243278245794
p01-s02-c0024-v210-m010-g250-sb0010	p01-s02-c0024	c0024	sb0010	100	100	3.527237165551959	0.9547950186527868	34.0298188601242	22.121455870518748	0.7659298186816412	0.016882883000000005	100	34.0298188601242	22.121455870518748	0	0.0	10000	1e-4	0.5	0	0.1	supplementary-reference	100.0	0.0	33.92028775804721	0.17617864210269676	22.05091726421756	0.16645453471831922	0.7652268915448185	0.001128440130668216	0.020378127399999998	0.0028389019418239188
p01-s02-c0024-v210-m010-g250-sb0011	p01-s02-c0024	c0024	sb0011	100	100	3.5204072355001514	0.9541173119051651	33.798189484270196	21.7947125925382	0.7644467182149985	0.019640209	100	33.798189484270196	21.7947125925382	0	0.0	10000	1e-4	0.5	0	0.1	supplementary-reference	100.0	0.0	34.20532953050451	0.15476133905882555	22.2836961206197	0.17870596128081914	0.7670447048960822	0.0009846168512642293	0.018934929620000002	0.002027736143578904
p01-s02-c0024-v210-m010-g250-sb0012	p01-s02-c0024	c0024	sb0012	100	100	3.5396275696652286	0.9551794015283909	34.454085054663764	22.311170178448926	0.7686203607491133	0.018261771000000013	100	34.454085054663764	22.311170178448926	0	0.0	10000	1e-4	0.5	0	0.1	supplementary-reference	100.0	0.0	34.17600816919431	0.18631309998179882	22.204673010008097	0.1447443311129935	0.766857504923757	0.0011838663970082193	0.01915189358	0.002031396803575105
p01-s02-c0025-v210-m010-g250-sb0001	p01-s02-c0025	c0025	sb0001	100	100	3.5136204080524718	0.9543284644044854	33.56958363590401	21.89547574787938	0.7629729773599202	0.029264194	100	33.56958363590401	21.89547574787938	0	0.0	100	1e-3	0.0909090909091	0	0.1	supplementary-reference	100.0	0.0	33.90151903533521	0.3548666088976529	22.179380617174857	0.3243711755121201	0.7650978691861782	0.0022805428530767776	0.0347560334	0.003256946693099367
p01-s02-c0025-v210-m010-g250-sb0002	p01-s02-c0025	c0025	sb0002	100	100	3.529472148290214	0.9546684115199554	34.10595997320455	22.059672593211918	0.7664151390168278	0.035533300999999996	100	34.10595997320455	22.059672593211918	0	0.0	100	1e-3	0.0909090909091	0	0.1	supplementary-reference	100.0	0.0	33.97848198144128	0.33704870809707105	21.950957794116142	0.25301240863624713	0.7655915315430296	0.0021517089782722323	0.035947437799999996	0.003148509451200647
p01-s02-c0025-v210-m010-g250-sb0003	p01-s02-c0025	c0025	sb0003	100	100	3.529645310902411	0.9545404242108001	34.11186636169305	21.997565587437265	0.7664527408003023	0.03758845000000001	100	34.11186636169305	21.997565587437265	0	0.0	100	1e-3	0.0909090909091	0	0.1	supplementary-reference	100.0	0.0	34.07514660329242	0.19969142464726242	22.14512829877049	0.22200856149604317	0.7662152149078829	0.0012718730752103026	0.03561424772	0.003121691663968634
p01-s02-c0025-v210-m010-g250-sb0004	p01-s02-c0025	c0025	sb0004	100	100	3.559193789639292	0.9563772248372426	35.134859635784295	22.92380519737639	0.7728691114323337	0.038601721000000006	100	35.134859635784295	22.92380519737639	0	0.0	100	1e-3	0.0909090909091	0	0.1	supplementary-reference	100.0	0.0	34.33198660818361	0.39531412378450886	22.3206334733262	0.32095597511602403	0.7678353077316893	0.002507320481657007	0.03387120378	0.00372465874809831
p01-s02-c0025-v210-m010-g250-sb0005	p01-s02-c0025	c0025	sb0005	100	100	3.519309890728994	0.9536499666774356	33.76112155963134	21.574957520325526	0.764208432825569	0.040561341000000015	100	33.76112155963134	21.574957520325526	0	0.0	100	1e-3	0.0909090909091	0	0.1	supplementary-reference	100.0	0.0	34.03956358565687	0.3585350187834952	22.011377469999967	0.22843461346685215	0.7659802250273695	0.0022817105129234114	0.035968071399999996	0.0029652077724753195
p01-s02-c0025-v210-m010-g250-sb0006	p01-s02-c0025	c0025	sb0006	100	100	3.5152197247383805	0.954435862892901	33.62331498642174	21.94708521856764	0.7633202645656731	0.03063434	100	33.62331498642174	21.94708521856764	0	0.0	100	1e-3	0.0909090909091	0	0.1	supplementary-reference	100.0	0.0	34.20735098446219	0.37422881941861225	22.28238966819283	0.23275883000647762	0.7670469520993727	0.002380533721077165	0.0345250763	0.002386321988546598
p01-s02-c0025-v210-m010-g250-sb0007	p01-s02-c0025	c0025	sb0007	100	100	3.53120457568854	0.9555922000145268	34.16509728346586	22.518566565493508	0.7667913308465233	0.038079202	100	34.16509728346586	22.518566565493508	0	0.0	100	1e-3	0.0909090909091	0	0.1	supplementary-reference	100.0	0.0	34.3076737061119	0.3974907430179155	22.51816849745891	0.26860808927119184	0.7676812812627712	0.002525280299713254	0.03692786016	0.0035392000047748777
p01-s02-c0025-v210-m010-g250-sb0008	p01-s02-c0025	c0025	sb0008	100	100	3.510387184270297	0.9534571748037521	33.4612209345658	21.485588719281655	0.7622708917362417	0.039713494999999994	100	33.4612209345658	21.485588719281655	0	0.0	100	1e-3	0.0909090909091	0	0.1	supplementary-reference	100.0	0.0	33.779442229562754	0.4733637902310392	21.698873229806928	0.38568797481876166	0.7643053005233645	0.003047565970630742	0.0372628607	0.004429593404277519
p01-s02-c0025-v210-m010-g250-sb0009	p01-s02-c0025	c0025	sb0009	100	100	3.5173181602464356	0.9546554097370998	33.69394542528017	22.053347360780457	0.7637759340465623	0.04026917499999999	100	33.69394542528017	22.053347360780457	0	0.0	100	1e-3	0.0909090909091	0	0.1	supplementary-reference	100.0	0.0	34.2635899559053	0.47308405151406424	22.40288138305462	0.36703431016993443	0.7673960647241664	0.0030073972626794977	0.03681485778	0.0035259273572039117
p01-s02-c0025-v210-m010-g250-sb0010	p01-s02-c0025	c0025	sb0010	100	100	3.496923251942338	0.9534521801197281	33.013720637274844	21.483283268091892	0.759347235978866	0.03408207600000001	100	33.013720637274844	21.483283268091892	0	0.0	100	1e-3	0.0909090909091	0	0.1	supplementary-reference	100.0	0.0	33.571351763013666	0.42966165734316303	21.788668876276848	0.3322456707055477	0.7629669724543708	0.002780736365843052	0.035763942240000006	0.0029317207631782173
p01-s02-c0025-v210-m010-g250-sb0011	p01-s02-c0025	c0025	sb0011	100	100	3.5170675127353968	0.9543990057398454	33.685501180030975	21.929346415014095	0.7637215066310887	0.033777481	100	33.685501180030975	21.929346415014095	0	0.0	100	1e-3	0.0909090909091	0	0.1	supplementary-reference	100.0	0.0	33.916883240443006	0.5001469975551008	21.968409978387875	0.35428528798402614	0.7651850583775988	0.0031784774149199806	0.03413155956	0.00363730841265125
p01-s02-c0025-v210-m010-g250-sb0012	p01-s02-c0025	c0025	sb0012	100	100	3.53799942475453	0.9554818136094516	34.39803445306194	22.462729977973893	0.7682668135738857	0.043240103	100	34.39803445306194	22.462729977973893	0	0.0	100	1e-3	0.0909090909091	0	0.1	supplementary-reference	100.0	0.0	33.801374736849276	0.5044245689637591	22.130849434575598	0.2964853965625241	0.7644435545060294	0.0032335345846901406	0.037208961	0.003959901060759793
p01-s02-c0026-v210-m010-g250-sb0001	p01-s02-c0026	c0026	sb0001	100	100	3.026248849179341	0.9296440634404002	20.619739583221126	14.21344166391532	0.6571415880323269	0.30594704600000006	100	20.619739583221126	14.21344166391532	0	0.0	100	1e-1	0.909090909091	0	0.1	supplementary-reference	100.0	0.0	21.819042821626667	1.4098134726646294	14.395902078153695	1.192729557445411	0.6689754312248174	0.013994596253094353	0.3152726963	0.029906860425663883
p01-s02-c0026-v210-m010-g250-sb0002	p01-s02-c0026	c0026	sb0002	100	100	3.245134548168194	0.950187146850716	25.665163028599675	20.075139984515733	0.7046720136515244	0.243042789	100	25.665163028599675	20.075139984515733	0	0.0	100	1e-1	0.909090909091	0	0.1	supplementary-reference	100.0	0.0	22.309652367351937	2.017916160054944	15.531198685526695	2.122868633569104	0.6733664531949916	0.019806025737897907	0.29844965562	0.029773807975225747
p01-s02-c0026-v210-m010-g250-sb0003	p01-s02-c0026	c0026	sb0003	100	100	3.16196186362304	0.9379689171834241	23.616883614010955	16.120950249360824	0.6866112946800044	0.28730445500000007	100	23.616883614010955	16.120950249360824	0	0.0	100	1e-1	0.909090909091	0	0.1	supplementary-reference	100.0	0.0	23.223152308704694	2.232155241805979	16.0948252701648	2.366117154203594	0.6819548985245046	0.021248071195129208	0.28978424634	0.02758531765542331
p01-s02-c0026-v210-m010-g250-sb0004	p01-s02-c0026	c0026	sb0004	100	100	3.0160380810450462	0.9290563142159121	20.41026745894982	14.095687148866613	0.654924347903968	0.337504647	100	20.41026745894982	14.095687148866613	0	0.0	100	1e-1	0.909090909091	0	0.1	supplementary-reference	100.0	0.0	22.76597460822653	1.7655923433252936	15.999182596888911	1.8088884398310778	0.6780071086585575	0.016767847308381822	0.28378252206	0.033621819986068675
p01-s02-c0026-v210-m010-g250-sb0005	p01-s02-c0026	c0026	sb0005	100	100	3.233120139226252	0.9485176716319267	25.35865620051178	19.42414089841647	0.7020631178981172	0.301541971	100	25.35865620051178	19.42414089841647	0	0.0	100	1e-1	0.909090909091	0	0.1	supplementary-reference	100.0	0.0	23.62963512715078	2.0148695090140247	16.326215468835883	1.8927856620270522	0.6859360960391335	0.018859320974053375	0.31337757254	0.023701379333586046
p01-s02-c0026-v210-m010-g250-sb0006	p01-s02-c0026	c0026	sb0006	100	100	3.1866551403220935	0.9443156846006703	24.207321780648456	17.95837827633663	0.6919733715852588	0.307347256	100	24.207321780648456	17.95837827633663	0	0.0	100	1e-1	0.909090909091	0	0.1	supplementary-reference	100.0	0.0	24.877935982260006	2.1201635468251223	17.822738916144086	1.78344728048696	0.6971332112006569	0.018531327329771204	0.26585413036	0.032388564531731966
p01-s02-c0026-v210-m010-g250-sb0007	p01-s02-c0026	c0026	sb0007	100	100	3.0660190679882655	0.9290610868170525	21.456316294859832	14.096635473129602	0.6657775813187273	0.314901391	100	21.456316294859832	14.096635473129602	0	0.0	100	1e-1	0.909090909091	0	0.1	supplementary-reference	100.0	0.0	23.647183319806505	1.9161459967324823	16.637445042490196	1.8627654614943807	0.6861925487170716	0.017579055410593018	0.28626385252	0.030822475212152728
p01-s02-c0026-v210-m010-g250-sb0008	p01-s02-c0026	c0026	sb0008	100	100	3.1325700239512835	0.9372388363625898	22.93284182406396	15.933420319885956	0.6802289377887899	0.262343927	100	22.93284182406396	15.933420319885956	0	0.0	100	1e-1	0.909090909091	0	0.1	supplementary-reference	100.0	0.0	23.438620660269326	1.3142797108167954	16.296563652405624	1.4532890451976352	0.6846253097380343	0.01234932465698959	0.27380052826	0.02866042699848286
p01-s02-c0026-v210-m010-g250-sb0009	p01-s02-c0026	c0026	sb0009	100	100	3.1133486499153316	0.9399157029431696	22.496250478316533	16.643283669511124	0.6760550694495837	0.305953108	100	22.496250478316533	16.643283669511124	0	0.0	100	1e-1	0.909090909091	0	0.1	supplementary-reference	100.0	0.0	24.162919171052792	2.0661222430879636	17.92646018157417	2.139971183665181	0.6907760794943053	0.0189503961725101	0.26698594528	0.03175633446022432
p01-s02-c0026-v210-m010-g250-sb0010	p01-s02-c0026	c0026	sb0010	100	100	3.21579934158744	0.9419239355228206	24.923206106115856	17.218797606248664	0.6983019544797677	0.354348539	100	24.923206106115856	17.218797606248664	0	0.0	100	1e-1	0.909090909091	0	0.1	supplementary-reference	100.0	0.0	24.090857168678312	1.7495664781768516	17.06695595494107	1.5387720269768768	0.6903416950526053	0.016269756044245336	0.29301061268	0.027733376568420277
p01-s02-c0026-v210-m010-g250-sb0011	p01-s02-c0026	c0026	sb0011	100	100	3.2063274313682877	0.9424224864023777	24.688250232601998	17.36789134363202	0.6962451553091373	0.295458092	100	24.688250232601998	17.36789134363202	0	0.0	100	1e-1	0.909090909091	0	0.1	supplementary-reference	100.0	0.0	23.461318567530366	1.408606261454531	15.60311413894613	1.925759514136616	0.6847891787793607	0.013129824015087738	0.29170990754000004	0.0332755149405969
p01-s02-c0026-v210-m010-g250-sb0012	p01-s02-c0026	c0026	sb0012	100	100	3.237326332846149	0.9456491620526624	25.46554425677252	18.39898036105596	0.7029764812375862	0.24315024800000004	100	25.46554425677252	18.39898036105596	0	0.0	100	1e-1	0.909090909091	0	0.1	supplementary-reference	100.0	0.0	24.805190919371462	1.6496313582694195	17.686898313449323	1.8068748773127783	0.6967861909527524	0.014781686223729286	0.28522544356	0.045305712933842605
