run_id	cell_id	cell	seed_block_id	generation	D0	shannon	simpson	D1	D2	evenness	TV	turnover	root_D0	root_D1	root_D2	mutant_richness	mutant_abundance_fraction
p01-s03-c0027-v210-m010-g100-sb0001	p01-s03-c0027	c0027	sb0001	100	100	3.5328516157719267	0.9549632532838884	34.22141493412729	22.204090501995697	0.7671489810563674	0.0004596910000000114	0.00020026099999999385	100	34.22141493412729	22.204090501995697	0	0.0
p01-s03-c0027-v210-m010-g100-sb0002	p01-s03-c0027	c0027	sb0002	100	100	3.5328682861217335	0.9549586566385859	34.22198542184022	22.201824487692328	0.7671526009768337	0.0003554859999999903	0.00014856799999999972	100	34.22198542184022	22.201824487692328	0	0.0
p01-s03-c0027-v210-m010-g100-sb0003	p01-s03-c0027	c0027	sb0003	100	100	3.5331303193016583	0.9549662577360989	34.23095389247077	22.205571860759967	0.7672095007588922	0.0004690159999999971	0.00022147399999999977	100	34.23095389247077	22.205571860759967	0	0.0
p01-s03-c0027-v210-m010-g100-sb0004	p01-s03-c0027	c0027	sb0004	100	100	3.533354606801817	0.9549838203991265	34.23863232860379	22.214235167583983	0.7672582041707315	0.0003911090000000032	0.00016734499999999716	100	34.23863232860379	22.214235167583983	0	0.0
p01-s03-c0027-v210-m010-g100-sb0005	p01-s03-c0027	c0027	sb0005	100	100	3.5329950203674008	0.9549684274600743	34.226322794188896	22.206641775909215	0.7671801209686144	0.00040734100000000746	0.00015297199999999154	100	34.226322794188896	22.206641775909215	0	0.0
p01-s03-c0027-v210-m010-g100-sb0006	p01-s03-c0027	c0027	sb0006	100	100	3.533164519676058	0.9549682616265711	34.232124623929565	22.206559997915907	0.7672169272758326	0.00039870100000000217	0.0001666150000000054	100	34.232124623929565	22.206559997915907	0	0.0
p01-s03-c0027-v210-m010-g100-sb0007	p01-s03-c0027	c0027	sb0007	100	100	3.532809541990992	0.9549610735022809	34.21997514010107	22.203015874515643	0.767139844850921	0.0003755819999999943	0.0001946579999999981	100	34.21997514010107	22.203015874515643	0	0.0
p01-s03-c0027-v210-m010-g100-sb0008	p01-s03-c0027	c0027	sb0008	100	100	3.5327757017085992	0.9549511749016031	34.21881714607239	22.198137194827428	0.7671324965269665	0.000555687999999994	0.00019539899999998676	100	34.21881714607239	22.198137194827428	0	0.0
p01-s03-c0027-v210-m010-g100-sb0009	p01-s03-c0027	c0027	sb0009	100	100	3.5329587725616216	0.9549616378966179	34.22508218757249	22.203294109687583	0.7671722498575989	0.0005048279999999947	0.00019531999999999956	100	34.22508218757249	22.203294109687583	0	0.0
p01-s03-c0027-v210-m010-g100-sb0010	p01-s03-c0027	c0027	sb0010	100	100	3.53310764513909	0.9549662169149954	34.23017774305664	22.205551732405528	0.7672045771270495	0.0003694080000000023	0.00015423899999998978	100	34.23017774305664	22.205551732405528	0	0.0
p01-s03-c0027-v210-m010-g100-sb0011	p01-s03-c0027	c0027	sb0011	100	100	3.532904709819241	0.9549569958306078	34.22323193578652	22.201005870730157	0.7671605102822526	0.0003704060000000023	0.0001847149999999898	100	34.22323193578652	22.201005870730157	0	0.0
p01-s03-c0027-v210-m010-g100-sb0012	p01-s03-c0027	c0027	sb0012	100	100	3.533167743314054	0.9549763507628654	34.23223497608505	22.210549720950194	0.7672176272799291	0.00045173699999999405	0.00014190000000000125	100	34.23223497608505	22.210549720950194	0	0.0
p01-s03-c0028-v210-m010-g100-sb0001	p01-s03-c0028	c0028	sb0001	100	100	3.5329766733570005	0.9549674211156118	34.2256948492491	22.20614552338416	0.7671761369659262	0.0004230189999999956	0.00015522600000000573	100	34.2256948492491	22.20614552338416	0	0.0
p01-s03-c0028-v210-m010-g100-sb0002	p01-s03-c0028	c0028	sb0002	100	100	3.5329179404985713	0.9549668841425871	34.22368473538933	22.205880738216557	0.7671633832877652	0.0003077729999999978	0.00018775099999999404	100	34.22368473538933	22.205880738216557	0	0.0
p01-s03-c0028-v210-m010-g100-sb0003	p01-s03-c0028	c0028	sb0003	100	100	3.5329361000152155	0.9549629109967968	34.224306226604874	22.20392174833668	0.7671673265767015	0.0004149600000000055	0.00019290700000000358	100	34.224306226604874	22.20392174833668	0	0.0
p01-s03-c0028-v210-m010-g100-sb0004	p01-s03-c0028	c0028	sb0004	100	102	3.533410765768781	0.9549798522089631	34.24055518881806	22.21227714847909	0.7639851969766817	0.00041130799999999023	0.00021042499999999933	100	34.240553905480354	22.212277048536524	2	2e-09
p01-s03-c0028-v210-m010-g100-sb0005	p01-s03-c0028	c0028	sb0005	100	100	3.53310869025169	0.9549745833302322	34.2302135174654	22.209677865600916	0.7672048040703671	0.00039769600000000445	0.00015335900000000455	100	34.2302135174654	22.209677865600916	0	0.0
p01-s03-c0028-v210-m010-g100-sb0006	p01-s03-c0028	c0028	sb0006	100	102	3.533137822816941	0.9549686431713691	34.2312107459201	22.20674815119496	0.7639261819374893	0.00039856300000000087	0.00015011000000000494	100	34.231209544940796	22.206748110412892	2	2e-09
p01-s03-c0028-v210-m010-g100-sb0007	p01-s03-c0028	c0028	sb0007	100	101	3.5329321010122006	0.9549723794995095	34.22416936377475	22.208590835687357	0.7655124255412198	0.0004370089999999856	0.00019128700000000493	100	34.22416876489696	22.208590821254315	1	1e-09
p01-s03-c0028-v210-m010-g100-sb0008	p01-s03-c0028	c0028	sb0008	100	100	3.5329931485462556	0.9549633798887743	34.22625872869413	22.204152921119036	0.7671797145078172	0.0004363469999999867	0.00023101699999999504	100	34.22625872869413	22.204152921119036	0	0.0
p01-s03-c0028-v210-m010-g100-sb0009	p01-s03-c0028	c0028	sb0009	100	101	3.532965412690709	0.9549691153566187	34.22530944729076	22.206981006911676	0.7655196434845838	0.0004005270000000048	0.00019126299999999623	100	34.22530879546705	22.206980939165128	1	1e-09
p01-s03-c0028-v210-m010-g100-sb0010	p01-s03-c0028	c0028	sb0010	100	100	3.533025813960002	0.9549633582383844	34.2273767618569	22.204142246953538	0.7671868077122868	0.00038292700000000084	0.00016453099999999673	100	34.2273767618569	22.204142246953538	0	0.0
p01-s03-c0028-v210-m010-g100-sb0011	p01-s03-c0028	c0028	sb0011	100	100	3.5327833254216063	0.9549540039708435	34.219078021508174	22.199531326885076	0.7671341519952117	0.00040857500000000813	0.00017144399999999624	100	34.219078021508174	22.199531326885076	0	0.0
p01-s03-c0028-v210-m010-g100-sb0012	p01-s03-c0028	c0028	sb0012	100	100	3.533128617847581	0.9549737862499061	34.23089565012425	22.209284696915358	0.7672091312928336	0.00043138699999999564	0.0001625300000000025	100	34.23089565012425	22.209284696915358	0	0.0
p01-s03-c0029-v210-m010-g100-sb0001	p01-s03-c0029	c0029	sb0001	100	100	3.5310519559809426	0.954916927938962	34.15988341418814	22.18127457343855	0.7667581898981036	0.004030491000000009	0.0019613710000000086	100	34.15988341418814	22.18127457343855	0	0.0
p01-s03-c0029-v210-m010-g100-sb0002	p01-s03-c0029	c0029	sb0002	100	100	3.531615351879954	0.954898396041462	34.17913437486134	22.17216046061914	0.7668805297631375	0.003951432999999992	0.0013114360000000018	100	34.17913437486134	22.17216046061914	0	0.0
p01-s03-c0029-v210-m010-g100-sb0003	p01-s03-c0029	c0029	sb0003	100	100	3.534003262955539	0.9549713936061897	34.260848632751	22.20810458254513	0.7673990580648385	0.004672355000000002	0.0020923979999999944	100	34.260848632751	22.20810458254513	0	0.0
p01-s03-c0029-v210-m010-g100-sb0004	p01-s03-c0029	c0029	sb0004	100	100	3.536085009893179	0.955100539174334	34.33224533862594	22.271982371520323	0.7678511036687066	0.003755464000000015	0.0017369129999999957	100	34.33224533862594	22.271982371520323	0	0.0
p01-s03-c0029-v210-m010-g100-sb0005	p01-s03-c0029	c0029	sb0005	100	100	3.533680267600834	0.9550047416359673	34.2497843247506	22.22456401760228	0.7673289205147241	0.004205229000000013	0.0015495669999999943	100	34.2497843247506	22.22456401760228	0	0.0
p01-s03-c0029-v210-m010-g100-sb0006	p01-s03-c0029	c0029	sb0006	100	100	3.53265936489294	0.9549347764495566	34.21483646940411	22.19005967829402	0.767107234308425	0.0036562569999999952	0.0017305810000000014	100	34.21483646940411	22.19005967829402	0	0.0
p01-s03-c0029-v210-m010-g100-sb0007	p01-s03-c0029	c0029	sb0007	100	100	3.5328707763581066	0.954997874227725	34.222070642779194	22.221172507723637	0.7671531417247914	0.0035554659999999924	0.0020098890000000043	100	34.222070642779194	22.221172507723637	0	0.0
p01-s03-c0029-v210-m010-g100-sb0008	p01-s03-c0029	c0029	sb0008	100	100	3.5311193660147273	0.9548276733258656	34.162186210698096	22.137447274164852	0.7667728278009525	0.004761412999999989	0.0020057510000000005	100	34.162186210698096	22.137447274164852	0	0.0
p01-s03-c0029-v210-m010-g100-sb0009	p01-s03-c0029	c0029	sb0009	100	100	3.5316505632494253	0.9549079745158766	34.180337890178606	22.176870283906293	0.7668881758148682	0.005171654999999979	0.0019970549999999998	100	34.180337890178606	22.176870283906293	0	0.0
p01-s03-c0029-v210-m010-g100-sb0010	p01-s03-c0029	c0029	sb0010	100	100	3.533245980429792	0.9549515259592284	34.23491331218613	22.19831018238132	0.7672346162537517	0.0038498659999999987	0.0014796059999999942	100	34.23491331218613	22.19831018238132	0	0.0
p01-s03-c0029-v210-m010-g100-sb0011	p01-s03-c0029	c0029	sb0011	100	100	3.5298557804480652	0.9547821151051759	34.11904662629463	22.115143207736935	0.7664984436814455	0.0037833789999999977	0.0016991869999999922	100	34.11904662629463	22.115143207736935	0	0.0
p01-s03-c0029-v210-m010-g100-sb0012	p01-s03-c0029	c0029	sb0012	100	100	3.53475652007976	0.9550623332092296	34.286665583245714	22.253046751536864	0.7675626257710902	0.004108553999999996	0.0013438710000000078	100	34.286665583245714	22.253046751536864	0	0.0
p01-s03-c0030-v210-m010-g100-sb0001	p01-s03-c0030	c0030	sb0001	100	104	3.532718022723852	0.9550039569562108	34.216843496359765	22.224176446511525	0.7606418364520007	0.004134895999999996	0.0016164070000000094	100	34.21684101339659	22.224176298774637	4	4e-09
p01-s03-c0030-v210-m010-g100-sb0002	p01-s03-c0030	c0030	sb0002	100	111	3.5314863691545595	0.9549648997265259	34.174726141257146	22.204902263513016	0.7498595864552463	0.0033633040000000014	0.0018390240000000116	100	34.174719264752916	22.204901753823464	11	1.1e-08
p01-s03-c0030-v210-m010-g100-sb0003	p01-s03-c0030	c0030	sb0003	100	102	3.5315397137905813	0.9549399106880836	34.17654922820982	22.192588058975375	0.7635806428195576	0.003865202000000003	0.0018778820000000126	100	34.176548047550035	22.192588031756127	2	2e-09
p01-s03-c0030-v210-m010-g100-sb0004	p01-s03-c0030	c0030	sb0004	100	104	3.5366064980032808	0.9550563065037204	34.350153865499195	22.250062738674973	0.7614790776239587	0.003967749999999993	0.002174321999999992	100	34.35015144983445	22.250062586557394	4	4e-09
p01-s03-c0030-v210-m010-g100-sb0005	p01-s03-c0030	c0030	sb0005	100	102	3.5330712708268037	0.9549875292171648	34.22893266652635	22.21606551714408	0.7639117922334143	0.0038572380000000015	0.001509776000000002	100	34.22893139453833	22.21606543191918	2	2e-09
p01-s03-c0030-v210-m010-g100-sb0006	p01-s03-c0030	c0030	sb0006	100	107	3.532788405480352	0.9549425249445677	34.21925185687629	22.193875683662714	0.7560277790246015	0.004011867999999996	0.0012534570000000075	100	34.219247565306254	22.193875420802858	7	7e-09
p01-s03-c0030-v210-m010-g100-sb0007	p01-s03-c0030	c0030	sb0007	100	104	3.53250525852434	0.9550546714207154	34.20956415146289	22.249253295278027	0.7605960254502714	0.004128609999999986	0.0016848809999999948	100	34.209561605743986	22.249253082147646	4	4e-09
p01-s03-c0030-v210-m010-g100-sb0008	p01-s03-c0030	c0030	sb0008	100	109	3.5331984342514358	0.954940645836157	34.233285611587554	22.19295013336945	0.753130768160514	0.004540514999999984	0.0023174910000000023	100	34.23328009741289	22.192949833545434	9	9e-09
p01-s03-c0030-v210-m010-g100-sb0009	p01-s03-c0030	c0030	sb0009	100	107	3.5326971017270545	0.9550133893722892	34.21612765337465	22.228836225861876	0.7560082397355473	0.0036240889999999875	0.0017488430000000014	100	34.21612324688868	22.228835914125384	7	7e-09
p01-s03-c0030-v210-m010-g100-sb0010	p01-s03-c0030	c0030	sb0010	100	105	3.533565020521304	0.954968668412202	34.24583736457483	22.206760598457745	0.7592598034062974	0.0033675580000000027	0.0015968459999999912	100	34.245834196500134	22.2067603422913	5	5e-09
p01-s03-c0030-v210-m010-g100-sb0011	p01-s03-c0030	c0030	sb0011	100	105	3.530525910422	0.9548515796753749	34.14191848482404	22.149169180445828	0.7586067875078699	0.004093245000000009	0.0016492089999999983	100	34.14191537536431	22.149168964596324	5	5e-09
p01-s03-c0030-v210-m010-g100-sb0012	p01-s03-c0030	c0030	sb0012	100	108	3.533284035880291	0.9550318563255984	34.23621616202512	22.23796488555643	0.7546315693612982	0.0041929779999999904	0.001594025000000004	100	34.23621122994938	22.23796456247452	8	8e-09
p01-s03-c0031-v210-m010-g100-sb0001	p01-s03-c0031	c0031	sb0001	100	100	3.528500282021802	0.9552654401236411	34.072829642887726	22.354081559400257	0.7662041009380682	0.035768442	0.013301567000000009	100	34.072829642887726	22.354081559400257	0	0.0
p01-s03-c0031-v210-m010-g100-sb0002	p01-s03-c0031	c0031	sb0002	100	100	3.5001333002117345	0.9536400560262943	33.11986654967651	21.570345308596067	0.760044289103887	0.03913374099999999	0.015150253999999986	100	33.11986654967651	21.570345308596067	0	0.0
p01-s03-c0031-v210-m010-g100-sb0003	p01-s03-c0031	c0031	sb0003	100	100	3.5386902750501785	0.9549651157423531	34.42180655587021	22.20500877228746	0.7684168298094964	0.03600344600000001	0.020653478	100	34.42180655587021	22.20500877228746	0	0.0
p01-s03-c0031-v210-m010-g100-sb0004	p01-s03-c0031	c0031	sb0004	100	100	3.560897187457601	0.9564560756441354	35.19475928101345	22.96531639701228	0.7732389995688227	0.03946456200000001	0.016697023	100	35.19475928101345	22.96531639701228	0	0.0
p01-s03-c0031-v210-m010-g100-sb0005	p01-s03-c0031	c0031	sb0005	100	100	3.5090531616881115	0.9536075462439754	33.41661267104251	21.555229763421114	0.761981212413153	0.04269783600000002	0.016132810999999997	100	33.41661267104251	21.555229763421114	0	0.0
p01-s03-c0031-v210-m010-g100-sb0006	p01-s03-c0031	c0031	sb0006	100	100	3.5173876041641554	0.9545357516753944	33.69628534609963	21.99530481314021	0.763791013601696	0.030834201000000002	0.013091375	100	33.69628534609963	21.99530481314021	0	0.0
p01-s03-c0031-v210-m010-g100-sb0007	p01-s03-c0031	c0031	sb0007	100	100	3.52573966039461	0.9553244713019597	33.97889716814176	22.383618709001805	0.765604639568412	0.038109758	0.017607277000000015	100	33.97889716814176	22.383618709001805	0	0.0
p01-s03-c0031-v210-m010-g100-sb0008	p01-s03-c0031	c0031	sb0008	100	100	3.5128527621235266	0.9534401023209403	33.543823970105784	21.477710429972667	0.762806285164422	0.04216581	0.02063076599999999	100	33.543823970105784	21.477710429972667	0	0.0
p01-s03-c0031-v210-m010-g100-sb0009	p01-s03-c0031	c0031	sb0009	100	100	3.5235515786886964	0.9545833559816688	33.90462984597634	22.01835960394557	0.7651295036629961	0.04284006099999998	0.01684477600000001	100	33.90462984597634	22.01835960394557	0	0.0
p01-s03-c0031-v210-m010-g100-sb0010	p01-s03-c0031	c0031	sb0010	100	100	3.51955240210165	0.9544402060099398	33.76931000841903	21.949177386934	0.7642610935010408	0.03659030500000002	0.017620819000000003	100	33.76931000841903	21.949177386934	0	0.0
p01-s03-c0031-v210-m010-g100-sb0011	p01-s03-c0031	c0031	sb0011	100	100	3.5062386928692684	0.9537190892415047	33.3226948829869	21.60718066284903	0.7613700582743969	0.036013557	0.013523246000000001	100	33.3226948829869	21.60718066284903	0	0.0
p01-s03-c0031-v210-m010-g100-sb0012	p01-s03-c0031	c0031	sb0012	100	100	3.5347527172491384	0.9556403419018467	34.286535197111846	22.543005128383303	0.767561799996913	0.04747657400000001	0.01661919099999999	100	34.286535197111846	22.543005128383303	0	0.0
p01-s03-c0032-v210-m010-g100-sb0001	p01-s03-c0032	c0032	sb0001	100	147	3.543707614828567	0.9560838224827723	34.594946442753695	22.770652104403116	0.7101002875416031	0.04620885800000001	0.017969408999999995	100	34.59490924787101	22.770649815231916	47	6.3e-08
p01-s03-c0032-v210-m010-g100-sb0002	p01-s03-c0032	c0032	sb0002	100	167	3.532338386040719	0.9553940152351477	34.20385599280989	22.41851637782826	0.6901802767855872	0.038273795	0.015882103	100	34.20381193536541	22.418513207872344	67	7.1e-08
p01-s03-c0032-v210-m010-g100-sb0003	p01-s03-c0032	c0032	sb0003	100	152	3.5189282291260557	0.9547006026128939	33.74823869446377	22.07534884966566	0.7004402701307255	0.028262152999999988	0.018176956000000005	100	33.74820453232018	22.07534640081132	52	5.6e-08
p01-s03-c0032-v210-m010-g100-sb0004	p01-s03-c0032	c0032	sb0004	100	157	3.547704451973316	0.9558037567905265	34.73349350029229	22.6263575222984	0.7016479397067064	0.041399878999999994	0.021174440999999995	100	34.73345615162316	22.626355026841548	57	6e-08
p01-s03-c0032-v210-m010-g100-sb0005	p01-s03-c0032	c0032	sb0005	100	164	3.542829257417096	0.9556933350533121	34.56457305644353	22.569967773544974	0.6946905977944612	0.03536613500000001	0.015003445999999998	100	34.56453034040392	22.56996423283887	64	6.7e-08
p01-s03-c0032-v210-m010-g100-sb0006	p01-s03-c0032	c0032	sb0006	100	145	3.526523502800266	0.9544794662546273	34.005541709836194	21.96810796625716	0.7086020039089016	0.032337402	0.017051483999999985	100	34.005513641822056	21.968105827037043	45	4.5e-08
p01-s03-c0032-v210-m010-g100-sb0007	p01-s03-c0032	c0032	sb0007	100	165	3.5277301071225486	0.9552503727975988	34.04659770763595	22.346554876916205	0.6909063414708996	0.036552786000000004	0.014534366	100	34.04655398946742	22.34655169747543	65	7.1e-08
p01-s03-c0032-v210-m010-g100-sb0008	p01-s03-c0032	c0032	sb0008	100	149	3.52162349492332	0.9541820860009694	33.83932185946539	21.825524401245286	0.7037692412364794	0.041342148999999995	0.01840628100000001	100	33.83929073452013	21.82552234284436	49	5.1e-08
p01-s03-c0032-v210-m010-g100-sb0009	p01-s03-c0032	c0032	sb0009	100	160	3.515811559332764	0.9544599771871698	33.643220317159205	21.958706610886118	0.6927470245018162	0.042218186	0.015532396000000006	100	33.64318163275241	21.95870388367915	60	6.3e-08
p01-s03-c0032-v210-m010-g100-sb0010	p01-s03-c0032	c0032	sb0010	100	151	3.5387415114954046	0.9554259800333416	34.42357025205877	22.43459308242791	0.7053107712927316	0.03415387	0.014023098000000006	100	34.42353575966651	22.434590414440482	51	5.5e-08
p01-s03-c0032-v210-m010-g100-sb0011	p01-s03-c0032	c0032	sb0011	100	153	3.5121214928367825	0.9537002743871251	33.51930336855061	21.59840013656416	0.6981741048629461	0.043526588000000005	0.014424800999999984	100	33.51926663761622	21.59839719757935	53	6e-08
p01-s03-c0032-v210-m010-g100-sb0012	p01-s03-c0032	c0032	sb0012	100	167	3.536815689608948	0.9555979604182498	34.35734038099438	22.52148796360727	0.691055092921036	0.040188868999999995	0.015352979999999997	100	34.357295368581866	22.5214850755753	67	7.3e-08
p01-s03-c0033-v210-m010-g100-sb0001	p01-s03-c0033	c0033	sb0001	100	100	3.3697182377895034	0.9522227633009438	29.07033498189819	20.930469593687345	0.7317250181203655	0.289529938	0.111760753	100	29.07033498189819	20.930469593687345	0	0.0
p01-s03-c0033-v210-m010-g100-sb0002	p01-s03-c0033	c0033	sb0002	100	100	3.065284290354637	0.9333731173922439	21.440556464240892	15.008956758297876	0.6656180263828719	0.216500228	0.11327077999999999	100	21.440556464240892	15.008956758297876	0	0.0
p01-s03-c0033-v210-m010-g100-sb0003	p01-s03-c0033	c0033	sb0003	100	100	2.9844596015121736	0.9232185686452223	19.775812529093393	13.023982261796894	0.6480671681999574	0.31168889499999997	0.15226110500000006	100	19.775812529093393	13.023982261796894	0	0.0
p01-s03-c0033-v210-m010-g100-sb0004	p01-s03-c0033	c0033	sb0004	100	100	3.3019277665907625	0.9531176376704773	27.16495617167871	21.329983181548908	0.7170045043367482	0.31632103	0.14154268700000003	100	27.16495617167871	21.329983181548908	0	0.0
p01-s03-c0033-v210-m010-g100-sb0005	p01-s03-c0033	c0033	sb0005	100	100	3.203505241503335	0.9396762797145103	24.618673528526784	16.577226922798733	0.6956323245665211	0.3040942610000001	0.11117351599999999	100	24.618673528526784	16.577226922798733	0	0.0
p01-s03-c0033-v210-m010-g100-sb0006	p01-s03-c0033	c0033	sb0006	100	100	3.3537126990219965	0.9542654670177382	28.608752401177828	21.865315655193193	0.7282494595370571	0.27258056999999997	0.12401896999999999	100	28.608752401177828	21.865315655193193	0	0.0
p01-s03-c0033-v210-m010-g100-sb0007	p01-s03-c0033	c0033	sb0007	100	100	3.122806139847746	0.9380209556486183	22.71001779852161	16.134485622763684	0.6781087372947352	0.33658743300000005	0.109071577	100	22.71001779852161	16.134485622763684	0	0.0
p01-s03-c0033-v210-m010-g100-sb0008	p01-s03-c0033	c0033	sb0008	100	100	3.0811386983065194	0.9262745143680029	21.783192763854363	13.563830626922275	0.6690607673265447	0.333660306	0.125292402	100	21.783192763854363	13.563830626922275	0	0.0
p01-s03-c0033-v210-m010-g100-sb0009	p01-s03-c0033	c0033	sb0009	100	100	3.220035414326099	0.9458885607267353	25.029006551042556	18.480380737055704	0.6992218059874379	0.25372730000000004	0.14211018600000005	100	25.029006551042556	18.480380737055704	0	0.0
p01-s03-c0033-v210-m010-g100-sb0010	p01-s03-c0033	c0033	sb0010	100	100	2.928090140543169	0.9070948521620682	18.691897487838766	10.763666204422256	0.6358266952766077	0.34720266	0.12407377100000001	100	18.691897487838766	10.763666204422256	0	0.0
p01-s03-c0033-v210-m010-g100-sb0011	p01-s03-c0033	c0033	sb0011	100	100	2.9503926374677873	0.9134195064046114	19.113456914442786	11.549945703396427	0.6406696209501206	0.30555047099999993	0.11698752600000001	100	19.113456914442786	11.549945703396427	0	0.0
p01-s03-c0033-v210-m010-g100-sb0012	p01-s03-c0033	c0033	sb0012	100	100	3.118833752073694	0.9410070079982034	22.619983744950815	16.951165995607493	0.6772461442496098	0.26069159899999994	0.155772307	100	22.619983744950815	16.951165995607493	0	0.0
p01-s03-c0034-v210-m010-g100-sb0001	p01-s03-c0034	c0034	sb0001	100	123	3.0506462835207744	0.9350214137147603	21.128995332380267	15.389685389741338	0.6339421057539022	0.2930029639999999	0.09974233499999999	100	21.12897643088662	15.389683678766955	23	5e-08
p01-s03-c0034-v210-m010-g100-sb0002	p01-s03-c0034	c0034	sb0002	100	136	2.984663240445909	0.9263203436242688	19.77984006453816	13.572267423459138	0.6075458809679286	0.32457842299999995	0.11362004099999999	100	19.779820662006227	13.572266091423932	36	5.4e-08
p01-s03-c0034-v210-m010-g100-sb0003	p01-s03-c0034	c0034	sb0003	100	133	3.206395628938325	0.9444470803856352	24.689933968689036	18.000854085469552	0.6556578160104177	0.275319182	0.129346702	100	24.68989874064992	18.000850973355494	33	8.4e-08
p01-s03-c0034-v210-m010-g100-sb0004	p01-s03-c0034	c0034	sb0004	100	121	3.1711734538061407	0.9451292170542036	23.83543773735434	18.224635157618216	0.6612410245309308	0.256280994	0.128579497	100	23.835421770161194	18.22463378464903	21	3.8e-08
p01-s03-c0034-v210-m010-g100-sb0005	p01-s03-c0034	c0034	sb0005	100	125	3.0011338990554375	0.9250841952449406	20.108324811673857	13.348318198937388	0.6215697782580809	0.307119266	0.09456371499999999	100	20.108306371249164	13.348316765984782	25	5.1e-08
p01-s03-c0034-v210-m010-g100-sb0006	p01-s03-c0034	c0034	sb0006	100	126	3.1654342047227564	0.9397855123502951	23.699032030753322	16.607298991190525	0.6545181330668273	0.275166421	0.120815074	100	23.699011628390707	16.607297621264568	26	4.9e-08
p01-s03-c0034-v210-m010-g100-sb0007	p01-s03-c0034	c0034	sb0007	100	125	3.153135443864507	0.9432186438136445	23.40934832995763	17.611414505810973	0.6530510682237153	0.27294044999999995	0.125096681	100	23.409330600712103	17.611412906064444	25	4.2e-08
p01-s03-c0034-v210-m010-g100-sb0008	p01-s03-c0034	c0034	sb0008	100	119	3.1289927620609124	0.9387290829243978	22.85095160168242	16.320956951992414	0.6547210522119671	0.337368776	0.14897718299999999	100	22.85093732160553	16.320955928218005	19	3.5e-08
p01-s03-c0034-v210-m010-g100-sb0009	p01-s03-c0034	c0034	sb0009	100	116	3.2962477040079445	0.9475832084125125	27.01109490504588	19.077855963979136	0.6934227755213299	0.32006343000000004	0.128116538	100	27.01108275804083	19.077854910298484	16	2.5e-08
p01-s03-c0034-v210-m010-g100-sb0010	p01-s03-c0034	c0034	sb0010	100	133	3.283989803659943	0.9493474175637197	26.682016620311792	19.742330043250515	0.6715246125697532	0.336168177	0.13558874999999998	100	26.681991015168542	19.742328125544244	33	5.4e-08
p01-s03-c0034-v210-m010-g100-sb0011	p01-s03-c0034	c0034	sb0011	100	134	3.269217093613341	0.9479411622343656	26.290748089216418	19.209034295040105	0.6674814259229358	0.264562987	0.118728482	100	26.290724924202713	19.209032352148427	34	4.9e-08
p01-s03-c0034-v210-m010-g100-sb0012	p01-s03-c0034	c0034	sb0012	100	124	2.994875901595767	0.9290814412642513	19.982879892471807	14.10068137067088	0.6213072537018598	0.28600501	0.11663534299999997	100	19.982863961968388	14.100680060283723	24	4.5e-08
p01-s03-c0035-v210-m010-g100-sb0001	p01-s03-c0035	c0035	sb0001	100	100	3.533010721942398	0.9549640453905358	34.22686020558221	22.204481034578805	0.7671835305223036	0.00014267300000000386	7.031299999999804e-05	100	34.22686020558221	22.204481034578805	0	0.0
p01-s03-c0035-v210-m010-g100-sb0002	p01-s03-c0035	c0035	sb0002	100	100	3.5329556465557705	0.9549635123593467	34.22497519993254	22.20421823253655	0.7671715710540532	0.000122924000000004	7.047899999999179e-05	100	34.22497519993254	22.20421823253655	0	0.0
p01-s03-c0035-v210-m010-g100-sb0003	p01-s03-c0035	c0035	sb0003	100	100	3.5331144885767776	0.9549714860856139	34.23041199594661	22.208150193482403	0.767206063160662	0.00014370299999999842	7.004199999999388e-05	100	34.23041199594661	22.208150193482403	0	0.0
p01-s03-c0035-v210-m010-g100-sb0004	p01-s03-c0035	c0035	sb0004	100	100	3.5330648863053704	0.9549714193895869	34.228714131869715	22.208117298921547	0.7671952921642811	0.00017056800000001562	6.401499999999713e-05	100	34.228714131869715	22.208117298921547	0	0.0
p01-s03-c0035-v210-m010-g100-sb0005	p01-s03-c0035	c0035	sb0005	100	100	3.5330874082915256	0.9549702698962723	34.22948503917665	22.207550382746287	0.7672001827514353	0.00016686400000001523	5.963300000000159e-05	100	34.22948503917665	22.207550382746287	0	0.0
p01-s03-c0035-v210-m010-g100-sb0006	p01-s03-c0035	c0035	sb0006	100	100	3.533174621814442	0.95497213935455	34.232470443336446	22.208472391660244	0.7672191209273104	0.00014610800000001295	6.896900000001593e-05	100	34.232470443336446	22.208472391660244	0	0.0
p01-s03-c0035-v210-m010-g100-sb0007	p01-s03-c0035	c0035	sb0007	100	100	3.532950046307376	0.9549629589096528	34.22478353210682	22.203945370077385	0.7671703549755656	0.00016626000000000238	6.24189999999997e-05	100	34.22478353210682	22.203945370077385	0	0.0
p01-s03-c0035-v210-m010-g100-sb0008	p01-s03-c0035	c0035	sb0008	100	100	3.5330547150776557	0.954966625084598	34.228365985594436	22.205752997161778	0.7671930835102456	0.00018690799999999036	7.498599999999377e-05	100	34.228365985594436	22.205752997161778	0	0.0
p01-s03-c0035-v210-m010-g100-sb0009	p01-s03-c0035	c0035	sb0009	100	100	3.533010532762553	0.9549632297120291	34.22685373055073	22.20407888056517	0.7671834894424223	0.00016498399999998785	8.337400000000097e-05	100	34.22685373055073	22.20407888056517	0	0.0
p01-s03-c0035-v210-m010-g100-sb0010	p01-s03-c0035	c0035	sb0010	100	100	3.5330891462568794	0.9549696474566393	34.22954452888743	22.207243415140436	0.7672005601458168	0.00018116500000000884	7.05430000000034e-05	100	34.22954452888743	22.207243415140436	0	0.0
p01-s03-c0035-v210-m010-g100-sb0011	p01-s03-c0035	c0035	sb0011	100	100	3.533021639593322	0.9549632977947985	34.227233884534016	22.204112446859043	0.7671859012600795	0.00019246500000000632	6.760899999999677e-05	100	34.227233884534016	22.204112446859043	0	0.0
p01-s03-c0035-v210-m010-g100-sb0012	p01-s03-c0035	c0035	sb0012	100	100	3.5329789281741553	0.9549648266270244	34.22577202201999	22.20486622130056	0.7671766265932503	0.00019359099999999592	5.202799999999482e-05	100	34.22577202201999	22.20486622130056	0	0.0
p01-s03-c0036-v210-m010-g100-sb0001	p01-s03-c0036	c0036	sb0001	100	101	3.5330312925528458	0.9549652660203481	34.22756428023196	22.20508286896582	0.7655339182715359	0.0001300469999999878	7.774499999999806e-05	100	34.227563638029004	22.20508281789231	1	1e-09
p01-s03-c0036-v210-m010-g100-sb0002	p01-s03-c0036	c0036	sb0002	100	101	3.532981165606393	0.9549625450190982	34.22584859995134	22.203741317622228	0.7655230568116305	0.00015159900000000492	7.278300000000232e-05	100	34.22584794026563	22.203741232431625	1	1e-09
p01-s03-c0036-v210-m010-g100-sb0003	p01-s03-c0036	c0036	sb0003	100	100	3.5331580179378923	0.9549718065235365	34.231902056341944	22.208308235210577	0.7672155154413285	0.00012025300000000582	6.107600000001306e-05	100	34.231902056341944	22.208308235210577	0	0.0
p01-s03-c0036-v210-m010-g100-sb0004	p01-s03-c0036	c0036	sb0004	100	100	3.533101145221308	0.9549713590052725	34.22995525043875	22.208087517389046	0.7672031656878368	0.00014879700000000015	6.433300000000428e-05	100	34.22995525043875	22.208087517389046	0	0.0
p01-s03-c0036-v210-m010-g100-sb0005	p01-s03-c0036	c0036	sb0005	100	100	3.53301946895103	0.9549674471568989	34.22715958953324	22.206158364686118	0.7671854299110946	0.00017082300000000153	6.270800000001309e-05	100	34.22715958953324	22.206158364686118	0	0.0
p01-s03-c0036-v210-m010-g100-sb0006	p01-s03-c0036	c0036	sb0006	100	101	3.533111097197474	0.9549705812608402	34.23029590783267	22.207703941120432	0.7655512102673434	0.00013940699999999027	6.692700000000064e-05	100	34.23029527234316	22.207703899195575	1	1e-09
p01-s03-c0036-v210-m010-g100-sb0007	p01-s03-c0036	c0036	sb0007	100	101	3.5329792004854146	0.9549649947070386	34.22578134208434	22.2049490944834	0.7655226310110536	0.00014017699999999773	5.402300000000742e-05	100	34.22578069242695	22.204949030920265	1	1e-09
p01-s03-c0036-v210-m010-g100-sb0008	p01-s03-c0036	c0036	sb0008	100	100	3.5330593587094867	0.954968023738751	34.2285249298933	22.206442688603964	0.7671940918620858	0.00017150399999999366	7.28509999999927e-05	100	34.2285249298933	22.206442688603964	0	0.0
p01-s03-c0036-v210-m010-g100-sb0009	p01-s03-c0036	c0036	sb0009	100	100	3.5329505674755772	0.954959706311532	34.22480136898034	22.202341905599912	0.7671704681458026	0.0001835289999999986	7.902700000000725e-05	100	34.22480136898034	22.202341905599912	0	0.0
p01-s03-c0036-v210-m010-g100-sb0010	p01-s03-c0036	c0036	sb0010	100	100	3.5330682207564883	0.9549696974714889	34.22882826603411	22.207268080574078	0.7671960162311413	0.00018841200000000653	7.42009999999942e-05	100	34.22882826603411	22.207268080574078	0	0.0
p01-s03-c0036-v210-m010-g100-sb0011	p01-s03-c0036	c0036	sb0011	100	100	3.5330054631352485	0.9549639723043118	34.22668021359834	22.20444500028015	0.7671823885868404	0.00018247700000001353	6.40200000000051e-05	100	34.22668021359834	22.20444500028015	0	0.0
p01-s03-c0036-v210-m010-g100-sb0012	p01-s03-c0036	c0036	sb0012	100	100	3.5329885480109042	0.9549649632750582	34.2261012699431	22.20493359664942	0.7671787155142588	0.00018257699999999177	8.149900000000926e-05	100	34.2261012699431	22.20493359664942	0	0.0
p01-s03-c0037-v210-m010-g100-sb0001	p01-s03-c0037	c0037	sb0001	100	100	3.532656877742958	0.9549430218960844	34.21475137208002	22.1941204688358	0.7671066942306686	0.0011308990000000099	0.0005390640000000112	100	34.21475137208002	22.1941204688358	0	0.0
p01-s03-c0037-v210-m010-g100-sb0002	p01-s03-c0037	c0037	sb0002	100	100	3.5323673651024627	0.9549399337120731	34.20484720282668	22.192599398548435	0.7670438273595643	0.0010789940000000028	0.0005145229999999929	100	34.20484720282668	22.192599398548435	0	0.0
p01-s03-c0037-v210-m010-g100-sb0003	p01-s03-c0037	c0037	sb0003	100	100	3.53356868340908	0.9550125104003258	34.24596280346362	22.22840191570149	0.767304690315351	0.0011985250000000013	0.0005183830000000064	100	34.24596280346362	22.22840191570149	0	0.0
p01-s03-c0037-v210-m010-g100-sb0004	p01-s03-c0037	c0037	sb0004	100	100	3.5328805429400454	0.9549787469020133	34.2224048770684	22.21173181971516	0.767155262511113	0.0014438540000000083	0.0005088650000000197	100	34.2224048770684	22.21173181971516	0	0.0
p01-s03-c0037-v210-m010-g100-sb0005	p01-s03-c0037	c0037	sb0005	100	100	3.5335168998729567	0.9549931961051185	34.24418947232679	22.218862782072055	0.7672934456633551	0.0012743940000000085	0.0005047079999999904	100	34.24418947232679	22.218862782072055	0	0.0
p01-s03-c0037-v210-m010-g100-sb0006	p01-s03-c0037	c0037	sb0006	100	100	3.5338132452832793	0.9549883317592707	34.254339084528354	22.21646162172543	0.7673577962515753	0.0014499550000000106	0.000507529000000004	100	34.254339084528354	22.21646162172543	0	0.0
p01-s03-c0037-v210-m010-g100-sb0007	p01-s03-c0037	c0037	sb0007	100	100	3.532616852998781	0.954948415464317	34.21338196281458	22.19677754525931	0.7670980029679006	0.0014408409999999954	0.0005544149999999915	100	34.21338196281458	22.19677754525931	0	0.0
p01-s03-c0037-v210-m010-g100-sb0008	p01-s03-c0037	c0037	sb0008	100	100	3.5334563154333427	0.9549738977590521	34.242114870142515	22.20933969919729	0.7672802899194483	0.0015528659999999965	0.0005831799999999924	100	34.242114870142515	22.20933969919729	0	0.0
p01-s03-c0037-v210-m010-g100-sb0009	p01-s03-c0037	c0037	sb0009	100	100	3.5333349297506484	0.9549708567908377	34.23795861991184	22.207839828418624	0.7672539313533602	0.001291378999999998	0.0007111999999999915	100	34.23795861991184	22.207839828418624	0	0.0
p01-s03-c0037-v210-m010-g100-sb0010	p01-s03-c0037	c0037	sb0010	100	100	3.5331822931604133	0.9549795967603051	34.23273305346796	22.21215111459267	0.7672207867389224	0.0012360110000000024	0.0005731829999999995	100	34.23273305346796	22.21215111459267	0	0.0
p01-s03-c0037-v210-m010-g100-sb0011	p01-s03-c0037	c0037	sb0011	100	100	3.5329321312208193	0.9549278621447782	34.22417039763965	22.186655605557142	0.7671664647639485	0.0015628620000000064	0.0005651400000000061	100	34.22417039763965	22.186655605557142	0	0.0
p01-s03-c0037-v210-m010-g100-sb0012	p01-s03-c0037	c0037	sb0012	100	100	3.5326526758475136	0.9549504925542037	34.214607605574145	22.197800968261518	0.767105781800666	0.0016507080000000072	0.0004416639999999931	100	34.214607605574145	22.197800968261518	0	0.0
p01-s03-c0038-v210-m010-g100-sb0001	p01-s03-c0038	c0038	sb0001	100	106	3.532791489808509	0.9549462014344705	34.21935740044107	22.195686753149726	0.7575506870603106	0.0009284240000000051	0.0006161579999999922	100	34.219353652009715	22.195686503838715	6	6e-09
p01-s03-c0038-v210-m010-g100-sb0002	p01-s03-c0038	c0038	sb0002	100	108	3.5326090196086444	0.9549354446773533	34.21311395709547	22.19038871770379	0.7544874007682147	0.0011505350000000068	0.0005372349999999911	100	34.213108882081215	22.190388267482756	8	8e-09
p01-s03-c0038-v210-m010-g100-sb0003	p01-s03-c0038	c0038	sb0003	100	105	3.5339690745376284	0.9550201572212024	34.2596773285626	22.23218086638965	0.7593466228000876	0.0011759790000000082	0.0005413180000000021	100	34.2596742496259	22.232180692342233	5	5e-09
p01-s03-c0038-v210-m010-g100-sb0004	p01-s03-c0038	c0038	sb0004	100	106	3.5332478471172335	0.9549795154862486	34.23497721812851	22.212111015698888	0.757648545593362	0.0011997650000000058	0.0006263300000000057	100	34.234973590891386	22.212110782144826	6	6e-09
p01-s03-c0038-v210-m010-g100-sb0005	p01-s03-c0038	c0038	sb0005	100	103	3.5329631771057275	0.9549717736583029	34.2252329337885	22.208292025794876	0.7622804237481945	0.0014134109999999998	0.0005322809999999921	100	34.22523102500967	22.208291861587384	3	3e-09
p01-s03-c0038-v210-m010-g100-sb0006	p01-s03-c0038	c0038	sb0006	100	107	3.5331805281209614	0.9549689566807802	34.232672631396895	22.206902756196822	0.7561116944973271	0.0010447540000000015	0.0005254600000000042	100	34.2326665582328	22.206902298092444	7	1e-08
p01-s03-c0038-v210-m010-g100-sb0007	p01-s03-c0038	c0038	sb0007	100	104	3.5329676132180534	0.9549749438656238	34.22538476110293	22.209855708242188	0.7606955766516569	0.001200756999999996	0.0004755990000000072	100	34.225382301554966	22.209855533962116	4	4e-09
p01-s03-c0038-v210-m010-g100-sb0008	p01-s03-c0038	c0038	sb0008	100	103	3.533390043228803	0.9549831279712047	34.23984564489608	22.21389347887929	0.7623725253843764	0.0014100179999999996	0.0005629160000000016	100	34.239843701622306	22.213893284936766	3	3e-09
p01-s03-c0038-v210-m010-g100-sb0009	p01-s03-c0038	c0038	sb0009	100	102	3.532540845942941	0.954924844014406	34.210781603205355	22.185170037339407	0.7637971050978837	0.00145683800000001	0.0006184769999999964	100	34.21077969624753	22.18516982498356	2	3e-09
p01-s03-c0038-v210-m010-g100-sb0010	p01-s03-c0038	c0038	sb0010	100	105	3.533116428989815	0.9549899377536172	34.23047841714877	22.217254322512385	0.7591634142027508	0.0013467089999999915	0.0006173840000000038	100	34.23047524841192	22.217254080978762	5	5e-09
p01-s03-c0038-v210-m010-g100-sb0011	p01-s03-c0038	c0038	sb0011	100	107	3.5325847608596574	0.9549291041562011	34.21228399981883	22.187266999654845	0.755984198438214	0.0013939750000000056	0.0005849460000000053	100	34.21227902047862	22.187266620969815	7	8e-09
p01-s03-c0038-v210-m010-g100-sb0012	p01-s03-c0038	c0038	sb0012	100	106	3.5327183705545186	0.9549514951586947	34.21685539802931	22.198295004967452	0.7575350078046122	0.0012998459999999984	0.0006759430000000079	100	34.2168516793103	22.198294766508948	6	6e-09
p01-s03-c0039-v210-m010-g100-sb0001	p01-s03-c0039	c0039	sb0001	100	100	3.5255950736446384	0.9546390077109623	33.97398462498549	22.045373117679073	0.7655732429545775	0.012714616000000003	0.005576853000000001	100	33.97398462498549	22.045373117679073	0	0.0
p01-s03-c0039-v210-m010-g100-sb0002	p01-s03-c0039	c0039	sb0002	100	100	3.5302272926532114	0.9550104590433769	34.13172462341377	22.22738838265	0.7665791165317728	0.012218784	0.004458691000000011	100	34.13172462341377	22.22738838265	0	0.0
p01-s03-c0039-v210-m010-g100-sb0003	p01-s03-c0039	c0039	sb0003	100	100	3.537148414674568	0.9553892194422375	34.36877383131946	22.416106319977757	0.768082019083	0.011415797000000002	0.004903638000000006	100	34.36877383131946	22.416106319977757	0	0.0
p01-s03-c0039-v210-m010-g100-sb0004	p01-s03-c0039	c0039	sb0004	100	100	3.5295682622872633	0.9551658893582785	34.10923819087955	22.304446005212483	0.7664360099061038	0.014123821000000019	0.004961215000000011	100	34.10923819087955	22.304446005212483	0	0.0
p01-s03-c0039-v210-m010-g100-sb0005	p01-s03-c0039	c0039	sb0005	100	100	3.5430564028349716	0.9554052968303809	34.57242513258193	22.424187827788174	0.7693649224116065	0.013391741000000007	0.005447521999999995	100	34.57242513258193	22.424187827788174	0	0.0
p01-s03-c0039-v210-m010-g100-sb0006	p01-s03-c0039	c0039	sb0006	100	100	3.536924629104207	0.9551051592521043	34.361083456194585	22.274274356277115	0.7680334246638313	0.013763686000000008	0.005419082999999988	100	34.361083456194585	22.274274356277115	0	0.0
p01-s03-c0039-v210-m010-g100-sb0007	p01-s03-c0039	c0039	sb0007	100	100	3.525459732190743	0.9546727786934214	33.969386847653674	22.06179799190258	0.7655438539312778	0.011392979999999999	0.005205974000000002	100	33.969386847653674	22.06179799190258	0	0.0
p01-s03-c0039-v210-m010-g100-sb0008	p01-s03-c0039	c0039	sb0008	100	100	3.5338191717576795	0.9549759804173724	34.25454209259359	22.210367027866337	0.7673590831691399	0.015544789999999996	0.005826600999999999	100	34.25454209259359	22.210367027866337	0	0.0
p01-s03-c0039-v210-m010-g100-sb0009	p01-s03-c0039	c0039	sb0009	100	100	3.5328757738195407	0.9549175953239637	34.222241666684766	22.181602937687888	0.7671542269097535	0.012377706999999998	0.006183463000000003	100	34.222241666684766	22.181602937687888	0	0.0
p01-s03-c0039-v210-m010-g100-sb0010	p01-s03-c0039	c0039	sb0010	100	100	3.5314797089174403	0.9549529854413994	34.17449853023554	22.199029387377553	0.7668510752680731	0.011945235000000004	0.0059469089999999915	100	34.17449853023554	22.199029387377553	0	0.0
p01-s03-c0039-v210-m010-g100-sb0011	p01-s03-c0039	c0039	sb0011	100	100	3.522799849350495	0.9543931578608549	33.87915231832253	21.92653455262325	0.7649662677112633	0.013141060000000013	0.006019574000000011	100	33.87915231832253	21.92653455262325	0	0.0
p01-s03-c0039-v210-m010-g100-sb0012	p01-s03-c0039	c0039	sb0012	100	100	3.524838461531911	0.9546636243760376	33.948289218654246	22.057343275395247	0.7654089467218281	0.01647261299999999	0.004123688000000002	100	33.948289218654246	22.057343275395247	0	0.0
p01-s03-c0040-v210-m010-g100-sb0001	p01-s03-c0040	c0040	sb0001	100	152	3.530677504539913	0.9548734658868616	34.147094591164326	22.159911450165044	0.7027789554089888	0.009987318000000002	0.005803351000000001	100	34.147062329962345	22.15990931941226	52	5.2e-08
p01-s03-c0040-v210-m010-g100-sb0002	p01-s03-c0040	c0040	sb0002	100	153	3.527357485007209	0.954726187886539	34.03391355572253	22.08782413758076	0.7012028654616275	0.01195866800000001	0.005466172999999993	100	34.033879363293885	22.08782156369809	53	5.5e-08
p01-s03-c0040-v210-m010-g100-sb0003	p01-s03-c0040	c0040	sb0003	100	151	3.538792970289613	0.9553807053084888	34.42534169305401	22.4118289388884	0.7053210276060891	0.012191038000000003	0.005364677999999998	100	34.42530871296102	22.41182705667664	51	5.4e-08
p01-s03-c0040-v210-m010-g100-sb0004	p01-s03-c0040	c0040	sb0004	100	151	3.5265876684090802	0.9547470993608984	34.0077237661288	22.098030974304674	0.7028883744000679	0.013350988000000018	0.005674379999999983	100	34.00769228256113	22.098029037237342	51	5.2e-08
p01-s03-c0040-v210-m010-g100-sb0005	p01-s03-c0040	c0040	sb0005	100	153	3.530126453007292	0.9548833028752394	34.12828296591881	22.164743071389122	0.7017533081951136	0.015458431	0.005092391000000004	100	34.1282486565843	22.16474038173056	53	5.5e-08
p01-s03-c0040-v210-m010-g100-sb0006	p01-s03-c0040	c0040	sb0006	100	158	3.5324676572910314	0.9549426564166122	34.20827785384318	22.193940442789266	0.6977582908066301	0.011845660000000003	0.005692378	100	34.20824061494261	22.193938270017867	58	6.1e-08
p01-s03-c0040-v210-m010-g100-sb0007	p01-s03-c0040	c0040	sb0007	100	173	3.5278019902647033	0.9549538665836838	34.04904517202351	22.199463620062634	0.6845725543711465	0.011890954	0.005042680999999992	100	34.04899986208492	22.19946025959013	73	7.3e-08
p01-s03-c0040-v210-m010-g100-sb0008	p01-s03-c0040	c0040	sb0008	100	157	3.535365866710997	0.9551222159631537	34.307564414084645	22.2827401455242	0.6992076736007216	0.012858731999999994	0.0065355619999999965	100	34.30752096036363	22.282736774933134	57	7.1e-08
p01-s03-c0040-v210-m010-g100-sb0009	p01-s03-c0040	c0040	sb0009	100	156	3.524535398556196	0.9544390073227358	33.93800230797282	21.948599914922827	0.6979477025674392	0.013079551000000009	0.004795759999999992	100	33.93796223830575	21.948596681334838	56	6.6e-08
p01-s03-c0040-v210-m010-g100-sb0010	p01-s03-c0040	c0040	sb0010	100	147	3.532608672427502	0.9551063672596395	34.21310207894955	22.274873717247097	0.7078762433915089	0.013302603999999992	0.005967917000000003	100	34.21307220308072	22.274871503399407	47	4.8e-08
p01-s03-c0040-v210-m010-g100-sb0011	p01-s03-c0040	c0040	sb0011	100	155	3.5232040955700774	0.9544820669186905	33.89285060612386	21.969363112636994	0.6985736902786038	0.014452953000000008	0.006012718999999992	100	33.89281602758368	21.969360541787612	55	5.6e-08
p01-s03-c0040-v210-m010-g100-sb0012	p01-s03-c0040	c0040	sb0012	100	156	3.5322959243608336	0.9549515388122476	34.202403670460114	22.198316515900796	0.6994844841694288	0.013884715000000002	0.006170091000000002	100	34.20236878338931	22.198313980588996	56	5.6e-08
p01-s03-c0041-v210-m010-g100-sb0001	p01-s03-c0041	c0041	sb0001	100	100	3.4426340943193896	0.9524942894538934	31.26921584734043	21.050100893227373	0.7475584951874549	0.11699692999999999	0.06047837799999999	100	31.26921584734043	21.050100893227373	0	0.0
p01-s03-c0041-v210-m010-g100-sb0002	p01-s03-c0041	c0041	sb0002	100	100	3.4325043364074412	0.9533271766592802	30.95406515566547	21.425744757282505	0.7453588462053674	0.11350824300000001	0.045318665999999994	100	30.95406515566547	21.425744757282505	0	0.0
p01-s03-c0041-v210-m010-g100-sb0003	p01-s03-c0041	c0041	sb0003	100	100	3.529550346281278	0.9565031771526169	34.10862709503818	22.990184904049006	0.7664321194948353	0.11065125199999999	0.05361375799999999	100	34.10862709503818	22.990184904049006	0	0.0
p01-s03-c0041-v210-m010-g100-sb0004	p01-s03-c0041	c0041	sb0004	100	100	3.5032419610402057	0.955435575478838	33.22298517884237	22.43942361524573	0.7607193262258439	0.11840550100000001	0.053202739000000006	100	33.22298517884237	22.43942361524573	0	0.0
p01-s03-c0041-v210-m010-g100-sb0005	p01-s03-c0041	c0041	sb0005	100	100	3.4488489960804873	0.954592560310505	31.464156091748784	22.022822842208136	0.7489080439576626	0.12006093100000001	0.049108096	100	31.464156091748784	22.022822842208136	0	0.0
p01-s03-c0041-v210-m010-g100-sb0006	p01-s03-c0041	c0041	sb0006	100	100	3.344340253583575	0.9458599639466464	28.34187104932031	18.470619395497387	0.7262142588691342	0.134731423	0.04595723300000001	100	28.34187104932031	18.470619395497387	0	0.0
p01-s03-c0041-v210-m010-g100-sb0007	p01-s03-c0041	c0041	sb0007	100	100	3.372092259204616	0.9500735478280117	29.139430564434264	20.029462469217027	0.7322405303206172	0.13638059499999997	0.044592536	100	29.139430564434264	20.029462469217027	0	0.0
p01-s03-c0041-v210-m010-g100-sb0008	p01-s03-c0041	c0041	sb0008	100	100	3.5092989440159243	0.957002786219375	33.4248268933064	23.257320930190353	0.7620345833675123	0.12086648300000001	0.052434448000000015	100	33.4248268933064	23.257320930190353	0	0.0
p01-s03-c0041-v210-m010-g100-sb0009	p01-s03-c0041	c0041	sb0009	100	100	3.4813537938245207	0.9538476267157172	32.50369560598645	21.667358119166348	0.7559663711054702	0.11799142999999997	0.050451932	100	32.50369560598645	21.667358119166348	0	0.0
p01-s03-c0041-v210-m010-g100-sb0010	p01-s03-c0041	c0041	sb0010	100	100	3.478654426161734	0.9531076739260478	32.41607449514807	21.325450958072235	0.7553802108651819	0.124524588	0.050375983	100	32.41607449514807	21.325450958072235	0	0.0
p01-s03-c0041-v210-m010-g100-sb0011	p01-s03-c0041	c0041	sb0011	100	100	3.4472629453498915	0.9510675163732563	31.414291898015353	20.436322170523464	0.7485636374175044	0.126290951	0.05122787700000001	100	31.414291898015353	20.436322170523464	0	0.0
p01-s03-c0041-v210-m010-g100-sb0012	p01-s03-c0041	c0041	sb0012	100	100	3.435220692979288	0.9497484011776766	31.03826173617281	19.899864351296333	0.7459486955403847	0.11372075799999999	0.050251349999999986	100	31.03826173617281	19.899864351296333	0	0.0
p01-s03-c0042-v210-m010-g100-sb0001	p01-s03-c0042	c0042	sb0001	100	129	3.4082576557106457	0.9498248037054016	30.21255769629364	19.93016617470922	0.7013146541730173	0.12144363799999999	0.048356011000000004	100	30.21254144560495	19.930165045660402	29	3e-08
p01-s03-c0042-v210-m010-g100-sb0002	p01-s03-c0042	c0042	sb0002	100	134	3.386106364761575	0.948471728260115	29.55066845543528	19.40682204611881	0.6913469004836607	0.12412871700000001	0.060564981999999996	100	29.55064977400899	19.40682053157488	34	3.4e-08
p01-s03-c0042-v210-m010-g100-sb0003	p01-s03-c0042	c0042	sb0003	100	131	3.4882682288475078	0.9559173510427669	32.729219082461775	22.684662189201756	0.7155132392789061	0.11848273399999998	0.053928803	100	32.729198989443866	22.684660797887815	31	3.4e-08
p01-s03-c0042-v210-m010-g100-sb0004	p01-s03-c0042	c0042	sb0004	100	129	3.3998178055780675	0.9506601319115157	29.958641252806213	20.267585600485106	0.6995779924605192	0.123257436	0.044543137999999996	100	29.958624527895008	20.267584421109056	29	3.1e-08
p01-s03-c0042-v210-m010-g100-sb0005	p01-s03-c0042	c0042	sb0005	100	129	3.4652797567335756	0.954749059866915	31.98540665448478	22.098988375909048	0.7130480496785213	0.12341743499999999	0.047036374000000006	100	31.98538953340893	22.098986887899496	29	2.9e-08
p01-s03-c0042-v210-m010-g100-sb0006	p01-s03-c0042	c0042	sb0006	100	135	3.434158339351498	0.9523944132489985	31.005305634833512	21.005937921329448	0.7000949986424095	0.10944417099999998	0.04765174299999999	100	31.00528571451133	21.00593650644191	35	3.5e-08
p01-s03-c0042-v210-m010-g100-sb0007	p01-s03-c0042	c0042	sb0007	100	134	3.4669251221297706	0.9519775982273311	32.038077655415755	20.82361487736193	0.7078477989754827	0.145471945	0.05463037700000001	100	32.03805674604408	20.823613437914656	34	3.6e-08
p01-s03-c0042-v210-m010-g100-sb0008	p01-s03-c0042	c0042	sb0008	100	130	3.464363033494213	0.9523123198564899	31.956098324750148	20.969776617160335	0.7117285082943711	0.10472020300000001	0.04281352	100	31.95608100277062	20.969775458292286	30	3e-08
p01-s03-c0042-v210-m010-g100-sb0009	p01-s03-c0042	c0042	sb0009	100	140	3.4583942333013344	0.9539795190933906	31.765926871206172	21.729455674948902	0.6998471231909209	0.131670135	0.042874986000000004	100	31.765902232834613	21.729453487863918	40	4.2e-08
p01-s03-c0042-v210-m010-g100-sb0010	p01-s03-c0042	c0042	sb0010	100	133	3.4966454215337053	0.955624046798808	33.00454969582191	22.534727208364263	0.7150093643324742	0.10679205400000003	0.060449608	100	33.00452959171087	22.534725492790347	33	3.3e-08
p01-s03-c0042-v210-m010-g100-sb0011	p01-s03-c0042	c0042	sb0011	100	131	3.4322274278227187	0.9528821572118903	30.945494895935816	21.223382498579745	0.7040181556321191	0.10833516699999998	0.049407134	100	30.945476582995376	21.223380945672798	31	3.2e-08
p01-s03-c0042-v210-m010-g100-sb0012	p01-s03-c0042	c0042	sb0012	100	125	3.4510830190738875	0.9478410978119232	31.53452631500677	19.172182658180873	0.7147594806053538	0.13390301200000007	0.047832976	100	31.53451144045596	19.172181815611818	25	2.6e-08
p01-s03-c0043-v210-m010-g100-sb0001	p01-s03-c0043	c0043	sb0001	100	100	3.5330451003837275	0.954966859824617	34.228036891913895	22.205868747004278	0.7671909957059866	9.331599999999778e-05	4.537500000000003e-05	100	34.228036891913895	22.205868747004278	0	0.0
p01-s03-c0043-v210-m010-g100-sb0002	p01-s03-c0043	c0043	sb0002	100	100	3.533022862125981	0.9549657869025379	34.22727572847085	22.20533970108057	0.7671861667296733	0.0001053760000000136	5.138699999999454e-05	100	34.22727572847085	22.20533970108057	0	0.0
p01-s03-c0043-v210-m010-g100-sb0003	p01-s03-c0043	c0043	sb0003	100	100	3.5330474064838935	0.9549647920367303	34.228115825286466	22.20484916635873	0.767191496469275	0.00010356599999999691	4.241599999999464e-05	100	34.228115825286466	22.20484916635873	0	0.0
p01-s03-c0043-v210-m010-g100-sb0004	p01-s03-c0043	c0043	sb0004	100	100	3.5331038203321143	0.9549717921682233	34.230046819484414	22.208301155043777	0.7672037465807676	0.00011023400000000227	4.460299999998961e-05	100	34.230046819484414	22.208301155043777	0	0.0
p01-s03-c0043-v210-m010-g100-sb0005	p01-s03-c0043	c0043	sb0005	100	100	3.533037325126528	0.9549668457462739	34.227770761158254	22.2058618049669	0.7671893073303381	9.419800000000077e-05	3.95059999999965e-05	100	34.227770761158254	22.2058618049669	0	0.0
p01-s03-c0043-v210-m010-g100-sb0006	p01-s03-c0043	c0043	sb0006	100	100	3.5331138800589654	0.954970671109288	34.23039116613754	22.207748252856298	0.7672059310226981	9.90659999999948e-05	4.422099999999395e-05	100	34.23039116613754	22.207748252856298	0	0.0
p01-s03-c0043-v210-m010-g100-sb0007	p01-s03-c0043	c0043	sb0007	100	100	3.5329938604916973	0.9549645026445506	34.22628309593169	22.204706480919914	0.7671798691048055	0.00010181300000000303	4.046100000000896e-05	100	34.22628309593169	22.204706480919914	0	0.0
p01-s03-c0043-v210-m010-g100-sb0008	p01-s03-c0043	c0043	sb0008	100	100	3.5329983891820462	0.9549649292943114	34.2264380965206	22.20491684214645	0.76718085249742	0.0001069369999999977	4.9347999999999894e-05	100	34.2264380965206	22.20491684214645	0	0.0
p01-s03-c0043-v210-m010-g100-sb0009	p01-s03-c0043	c0043	sb0009	100	100	3.533027159708048	0.9549646138116461	34.22742282331328	22.20476129187936	0.7671870999377619	0.00011322199999999982	4.363199999999137e-05	100	34.22742282331328	22.20476129187936	0	0.0
p01-s03-c0043-v210-m010-g100-sb0010	p01-s03-c0043	c0043	sb0010	100	100	3.5330670723641893	0.9549674458640368	34.228788957933894	22.20615772715843	0.7671957668609221	0.00010986700000001237	4.501300000000794e-05	100	34.228788957933894	22.20615772715843	0	0.0
p01-s03-c0043-v210-m010-g100-sb0011	p01-s03-c0043	c0043	sb0011	100	100	3.5330496615366322	0.9549669440187356	34.22819301157983	22.20591026325285	0.7671919861477554	0.00011358400000000381	3.89799999999928e-05	100	34.22819301157983	22.20591026325285	0	0.0
p01-s03-c0043-v210-m010-g100-sb0012	p01-s03-c0043	c0043	sb0012	100	100	3.53303380624688	0.9549672593279964	34.22765031796423	22.206065744110713	0.7671885432153313	0.00011421600000000571	3.8325000000010784e-05	100	34.22765031796423	22.206065744110713	0	0.0
p01-s03-c0044-v210-m010-g100-sb0001	p01-s03-c0044	c0044	sb0001	100	100	3.5330496907356794	0.9549670252619856	34.22819401101047	22.205950324570846	0.7671919924882479	9.514600000001141e-05	5.078800000000324e-05	100	34.22819401101047	22.205950324570846	0	0.0
p01-s03-c0044-v210-m010-g100-sb0002	p01-s03-c0044	c0044	sb0002	100	100	3.533002429758117	0.954964359713533	34.22657639132675	22.20463600914972	0.7671817298973655	0.00010321200000001134	4.7550999999994314e-05	100	34.22657639132675	22.20463600914972	0	0.0
p01-s03-c0044-v210-m010-g100-sb0003	p01-s03-c0044	c0044	sb0003	100	100	3.5331067528642195	0.9549680859499624	34.23014720034286	22.206473366618184	0.7672043833720232	8.702800000000806e-05	4.49520000000031e-05	100	34.23014720034286	22.206473366618184	0	0.0
p01-s03-c0044-v210-m010-g100-sb0004	p01-s03-c0044	c0044	sb0004	100	100	3.5331146808808627	0.9549714206493269	34.230418578595305	22.208117920226	0.7672061049189635	0.00011010899999999707	4.20750000000012e-05	100	34.230418578595305	22.208117920226	0	0.0
p01-s03-c0044-v210-m010-g100-sb0005	p01-s03-c0044	c0044	sb0005	100	100	3.5330083767601836	0.954965229622355	34.226779937452534	22.20506492237815	0.7671830212724563	9.659800000000148e-05	3.959200000000826e-05	100	34.226779937452534	22.20506492237815	0	0.0
p01-s03-c0044-v210-m010-g100-sb0006	p01-s03-c0044	c0044	sb0006	100	101	3.5331278571549607	0.9549716285804658	34.230869610944445	22.20822047244154	0.7655548417992667	0.00011236200000001898	4.619099999999865e-05	100	34.23086901539396	22.208220459390606	1	1e-09
p01-s03-c0044-v210-m010-g100-sb0007	p01-s03-c0044	c0044	sb0007	100	101	3.5330093671371823	0.9549655295493116	34.22681383488491	22.205212806820356	0.765529167492963	9.73399999999984e-05	3.698899999999151e-05	100	34.226813183043184	22.205212739105637	1	1e-09
p01-s03-c0044-v210-m010-g100-sb0008	p01-s03-c0044	c0044	sb0008	100	101	3.5329693781519937	0.9549636592626846	34.22544516669942	22.2042906601299	0.7655205027170285	9.86509999999957e-05	5.257599999999429e-05	100	34.225444517044295	22.204290596562924	1	1e-09
p01-s03-c0044-v210-m010-g100-sb0009	p01-s03-c0044	c0044	sb0009	100	100	3.53302140815148	0.9549648894492985	34.22722596292087	22.204897196248186	0.767185851003122	0.00011272100000000925	4.419899999998637e-05	100	34.22722596292087	22.204897196248186	0	0.0
p01-s03-c0044-v210-m010-g100-sb0010	p01-s03-c0044	c0044	sb0010	100	100	3.533040106078621	0.9549667437226782	34.22786594708134	22.205811497215425	0.7671899112064122	0.000115999999999999	4.396399999999085e-05	100	34.22786594708134	22.205811497215425	0	0.0
p01-s03-c0044-v210-m010-g100-sb0011	p01-s03-c0044	c0044	sb0011	100	101	3.5330256401024114	0.9549663543608229	34.227370811168164	22.205619505298216	0.765532693503859	0.0001013420000000133	3.927699999998893e-05	100	34.22737017049671	22.205619456452062	1	1e-09
p01-s03-c0044-v210-m010-g100-sb0012	p01-s03-c0044	c0044	sb0012	100	100	3.532993311722588	0.9549658052786064	34.22626431360996	22.2053487619031	0.7671797499411076	0.00010903500000000296	4.071300000000144e-05	100	34.22626431360996	22.2053487619031	0	0.0
p01-s03-c0045-v210-m010-g100-sb0001	p01-s03-c0045	c0045	sb0001	100	100	3.532931018941041	0.9549625894955885	34.22413233080815	22.20376324482619	0.7671662232354634	0.00037031499999999606	0.000182894999999995	100	34.22413233080815	22.20376324482619	0	0.0
p01-s03-c0045-v210-m010-g100-sb0002	p01-s03-c0045	c0045	sb0002	100	100	3.5330279377333778	0.9549689726858201	34.22744945312558	22.20691064902954	0.7671872688838157	0.0004568769999999997	0.00017288699999999497	100	34.22744945312558	22.20691064902954	0	0.0
p01-s03-c0045-v210-m010-g100-sb0003	p01-s03-c0045	c0045	sb0003	100	100	3.5329571166121183	0.9549562274383463	34.225025512611566	22.20062714843099	0.7671718902727331	0.0003934409999999958	0.0001938240000000012	100	34.225025512611566	22.20062714843099	0	0.0
p01-s03-c0045-v210-m010-g100-sb0004	p01-s03-c0045	c0045	sb0004	100	100	3.5331518456208624	0.9549781626508985	34.231690766841986	22.211443576723717	0.7672141751397151	0.00046143099999999793	0.00017801299999999873	100	34.231690766841986	22.211443576723717	0	0.0
p01-s03-c0045-v210-m010-g100-sb0005	p01-s03-c0045	c0045	sb0005	100	100	3.5330821286508898	0.9549665866734521	34.22930432027356	22.205734056816084	0.7671990362920381	0.00041788899999999676	0.00019450799999999423	100	34.22930432027356	22.205734056816084	0	0.0
p01-s03-c0045-v210-m010-g100-sb0006	p01-s03-c0045	c0045	sb0006	100	100	3.533117532410822	0.9549673294042115	34.23051618779857	22.20610029940174	0.7672067241208267	0.0003939620000000075	0.00015474600000000654	100	34.23051618779857	22.20610029940174	0	0.0
p01-s03-c0045-v210-m010-g100-sb0007	p01-s03-c0045	c0045	sb0007	100	100	3.532982219370254	0.9549627002922286	34.22588466593271	22.203817868491008	0.7671773412674026	0.0004731880000000059	0.00018599799999999367	100	34.22588466593271	22.203817868491008	0	0.0
p01-s03-c0045-v210-m010-g100-sb0008	p01-s03-c0045	c0045	sb0008	100	100	3.5330861948448358	0.9549651184485206	34.22944350354654	22.205010106597005	0.7671999192548347	0.00043593900000000834	0.0001893519999999838	100	34.22944350354654	22.205010106597005	0	0.0
p01-s03-c0045-v210-m010-g100-sb0009	p01-s03-c0045	c0045	sb0009	100	100	3.5333384220404427	0.9549791093542881	34.238078188994095	22.211910640982527	0.7672546896944537	0.0004172290000000005	0.00015617099999999358	100	34.238078188994095	22.211910640982527	0	0.0
p01-s03-c0045-v210-m010-g100-sb0010	p01-s03-c0045	c0045	sb0010	100	100	3.5330555426467534	0.9549655531790444	34.228394311944115	22.20522445797374	0.7671932632145919	0.000377361000000007	0.00017247200000001508	100	34.228394311944115	22.20522445797374	0	0.0
p01-s03-c0045-v210-m010-g100-sb0011	p01-s03-c0045	c0045	sb0011	100	100	3.5330158787616077	0.9549569774827935	34.22703670776751	22.200996827377633	0.7671846503113672	0.0004888480000000061	0.00018693800000000238	100	34.22703670776751	22.200996827377633	0	0.0
p01-s03-c0045-v210-m010-g100-sb0012	p01-s03-c0045	c0045	sb0012	100	100	3.5333476270054627	0.9549798324162476	34.2383933507567	22.212267383049355	0.7672566885272107	0.0003994920000000086	0.00015721099999999622	100	34.2383933507567	22.212267383049355	0	0.0
p01-s03-c0046-v210-m010-g100-sb0001	p01-s03-c0046	c0046	sb0001	100	107	3.5331116813476573	0.9549714103217556	34.23031590347214	22.208112826663754	0.7560969610722984	0.00038366200000000824	0.00022849400000000026	100	34.23031160290629	22.20811258659814	7	7e-09
p01-s03-c0046-v210-m010-g100-sb0002	p01-s03-c0046	c0046	sb0002	100	106	3.532975067402579	0.9549622286254758	34.22563988438727	22.203585334723133	0.7575900523421049	0.00038616300000000913	0.00015918100000000617	100	34.22563602773816	22.203584982547003	6	6e-09
p01-s03-c0046-v210-m010-g100-sb0003	p01-s03-c0046	c0046	sb0003	100	106	3.533543379053669	0.9549871780119281	34.245096242413396	22.2158921798992	0.7577119176950389	0.00040669299999999286	0.00017956400000000364	100	34.24509274046728	22.215892030172345	6	6e-09
p01-s03-c0046-v210-m010-g100-sb0004	p01-s03-c0046	c0046	sb0004	100	106	3.533208175755945	0.9549724368591422	34.23361909691803	22.20861912672788	0.7576400387038139	0.00041774799999999427	0.0002250260000000068	100	34.23361533940062	22.20861888705215	6	6e-09
p01-s03-c0046-v210-m010-g100-sb0005	p01-s03-c0046	c0046	sb0005	100	106	3.5327848559411787	0.9549494436919165	34.21913039451692	22.19728416140705	0.7575492645334595	0.00045237899999999413	0.00015229900000000398	100	34.21912670300474	22.19728395852443	6	6e-09
p01-s03-c0046-v210-m010-g100-sb0006	p01-s03-c0046	c0046	sb0006	100	103	3.5332651799534225	0.9549770806922687	34.23557061252316	22.210909807180833	0.7623455845911395	0.0004520300000000064	0.00017116099999999826	100	34.23556871927796	22.210909682987122	3	3e-09
p01-s03-c0046-v210-m010-g100-sb0007	p01-s03-c0046	c0046	sb0007	100	108	3.533105872161361	0.9549723046600913	34.23011705376764	22.20855392333807	0.7545935175190307	0.00039684800000000053	0.00017393899999998936	100	34.23011192857355	22.208553453578638	8	8e-09
p01-s03-c0046-v210-m010-g100-sb0008	p01-s03-c0046	c0046	sb0008	100	105	3.5327456601801543	0.9549509346735752	34.21778917594472	22.19801882134545	0.7590837468266315	0.00040433000000001025	0.00021792300000000016	100	34.21778608213997	22.198018622224723	5	5e-09
p01-s03-c0046-v210-m010-g100-sb0009	p01-s03-c0046	c0046	sb0009	100	103	3.533279622088761	0.9549753952378023	34.236065050837695	22.210078362300077	0.7623487006601427	0.00047379500000000824	0.00016246099999999688	100	34.236063199373135	22.21007826153215	3	3e-09
p01-s03-c0046-v210-m010-g100-sb0010	p01-s03-c0046	c0046	sb0010	100	106	3.532782613091727	0.9549574087131248	34.21905364624513	22.201209376055324	0.7575487835902314	0.0003802689999999959	0.000192266000000006	100	34.21904987743171	22.201209131275995	6	6e-09
p01-s03-c0046-v210-m010-g100-sb0011	p01-s03-c0046	c0046	sb0011	100	108	3.532894167444629	0.9549564920903242	34.22287114355683	22.200757587647626	0.7545483020591339	0.00033500300000000776	0.00016693799999999487	100	34.222866082882994	22.200757161169907	8	8e-09
p01-s03-c0046-v210-m010-g100-sb0012	p01-s03-c0046	c0046	sb0012	100	107	3.532911834854673	0.9549646421515038	34.22347577839535	22.204775264895385	0.7560541932971319	0.000362016000000011	0.00018540299999999233	100	34.223471488493395	22.204774983436984	7	7e-09
p01-s03-c0047-v210-m010-g100-sb0001	p01-s03-c0047	c0047	sb0001	100	100	3.5314089117550407	0.9549198980897569	34.1720791583565	22.1827360104698	0.7668357018595908	0.004007423999999997	0.0017731670000000006	100	34.1720791583565	22.1827360104698	0	0.0
p01-s03-c0047-v210-m010-g100-sb0002	p01-s03-c0047	c0047	sb0002	100	100	3.5337016007162885	0.9550292710408432	34.25051498714752	22.236686465727917	0.767333552941886	0.004432450999999996	0.0017573609999999855	100	34.25051498714752	22.236686465727917	0	0.0
p01-s03-c0047-v210-m010-g100-sb0003	p01-s03-c0047	c0047	sb0003	100	100	3.5314026437748574	0.9548443937493402	34.17186496911279	22.145644428932634	0.7668343407849877	0.003625150999999998	0.0018292429999999993	100	34.17186496911279	22.145644428932634	0	0.0
p01-s03-c0047-v210-m010-g100-sb0004	p01-s03-c0047	c0047	sb0004	100	100	3.5328243691881798	0.9550167726256753	34.22048253018181	22.23050808868319	0.7671430645358814	0.004549696999999995	0.0017182959999999948	100	34.22048253018181	22.23050808868319	0	0.0
p01-s03-c0047-v210-m010-g100-sb0005	p01-s03-c0047	c0047	sb0005	100	100	3.534118545757567	0.9549663334629337	34.26479854705546	22.205609200772514	0.7674240914072281	0.003923605000000003	0.0019030469999999915	100	34.26479854705546	22.205609200772514	0	0.0
p01-s03-c0047-v210-m010-g100-sb0006	p01-s03-c0047	c0047	sb0006	100	100	3.5328170349081214	0.9549482833419581	34.22023154849959	22.196712449169198	0.7671414719172024	0.0038920980000000083	0.0015679389999999965	100	34.22023154849959	22.196712449169198	0	0.0
p01-s03-c0047-v210-m010-g100-sb0007	p01-s03-c0047	c0047	sb0007	100	100	3.533020504421491	0.954957354801634	34.22719503076431	22.201182803453058	0.7671856547606484	0.004111921000000001	0.0019728090000000007	100	34.22719503076431	22.201182803453058	0	0.0
p01-s03-c0047-v210-m010-g100-sb0008	p01-s03-c0047	c0047	sb0008	100	100	3.5329762860964937	0.95494130135269	34.225681594991734	22.1932729976812	0.7671760528733756	0.004112271000000001	0.0018524849999999975	100	34.225681594991734	22.1932729976812	0	0.0
p01-s03-c0047-v210-m010-g100-sb0009	p01-s03-c0047	c0047	sb0009	100	100	3.5369289934090364	0.955130748529456	34.3612334187643	22.286977545334903	0.7680343723605837	0.003947095000000004	0.0015657050000000064	100	34.3612334187643	22.286977545334903	0	0.0
p01-s03-c0047-v210-m010-g100-sb0010	p01-s03-c0047	c0047	sb0010	100	100	3.532748202979151	0.9549485723122607	34.21787618501533	22.196854824029245	0.7671265252537371	0.004050679000000016	0.0015852109999999983	100	34.21787618501533	22.196854824029245	0	0.0
p01-s03-c0047-v210-m010-g100-sb0011	p01-s03-c0047	c0047	sb0011	100	100	3.532362957952251	0.9548591986677494	34.20469645725926	22.152907579989147	0.7670428703590554	0.003964701999999987	0.001968185	100	34.20469645725926	22.152907579989147	0	0.0
p01-s03-c0047-v210-m010-g100-sb0012	p01-s03-c0047	c0047	sb0012	100	100	3.5361736684922844	0.9551012425324436	34.33528932233747	22.272331271585735	0.767870355638889	0.0036395970000000005	0.0017442049999999987	100	34.33528932233747	22.272331271585735	0	0.0
p01-s03-c0048-v210-m010-g100-sb0001	p01-s03-c0048	c0048	sb0001	100	166	3.534596021889137	0.9550259674416716	34.28116307704006	22.235053054294475	0.6914327983998327	0.0036412490000000053	0.002069605	100	34.281121623555876	22.235049751018018	66	6.6e-08
p01-s03-c0048-v210-m010-g100-sb0002	p01-s03-c0048	c0048	sb0002	100	157	3.533992879758813	0.9549750135932253	34.260492897466484	22.209890103365698	0.6989361308385537	0.0039040179999999943	0.0016456299999999902	100	34.26045749206888	22.209887587740745	57	5.7e-08
p01-s03-c0048-v210-m010-g100-sb0003	p01-s03-c0048	c0048	sb0003	100	157	3.5366377966405227	0.9551318407676679	34.351228995329194	22.28752008349383	0.6994592297905294	0.003800322000000001	0.0016937489999999922	100	34.35119299025725	22.287517545211017	57	5.8e-08
p01-s03-c0048-v210-m010-g100-sb0004	p01-s03-c0048	c0048	sb0004	100	164	3.5348552085373135	0.9549867442957554	34.290049448358246	22.21567812313791	0.6931270178472929	0.0037802640000000067	0.002155072000000004	100	34.29000907019954	22.215675255038235	64	6.5e-08
p01-s03-c0048-v210-m010-g100-sb0005	p01-s03-c0048	c0048	sb0005	100	165	3.530496873510439	0.9547718860558732	34.14092712334958	22.110141520280163	0.6914482129816771	0.004512928000000005	0.0014743240000000004	100	34.14088723580758	22.11013898334912	65	6.5e-08
p01-s03-c0048-v210-m010-g100-sb0006	p01-s03-c0048	c0048	sb0006	100	154	3.533959085324382	0.955001088773868	34.2593351030493	22.22275990133905	0.7016065792699665	0.004323952000000004	0.0016294819999999963	100	34.259299240492	22.222756911929242	54	5.7e-08
p01-s03-c0048-v210-m010-g100-sb0007	p01-s03-c0048	c0048	sb0007	100	158	3.534262948328859	0.955048907416066	34.2697468293342	22.246400310131975	0.698112909539931	0.0034516369999999935	0.0018206600000000035	100	34.26970802249638	22.24639763416926	58	6.3e-08
p01-s03-c0048-v210-m010-g100-sb0008	p01-s03-c0048	c0048	sb0008	100	157	3.530697810166671	0.9548256199620845	34.147787976361755	22.13644103495578	0.6982844478075079	0.003928403999999999	0.0020020430000000063	100	34.14775135451439	22.13643825511639	57	5.9e-08
p01-s03-c0048-v210-m010-g100-sb0009	p01-s03-c0048	c0048	sb0009	100	153	3.535579413168057	0.9550728416991159	34.31489145521963	22.25825175282278	0.7028373013277145	0.004517343000000005	0.0017333000000000099	100	34.314856363263246	22.258248937122154	53	5.6e-08
p01-s03-c0048-v210-m010-g100-sb0010	p01-s03-c0048	c0048	sb0010	100	148	3.531324530896204	0.9548939114109873	34.16919581062028	22.169956014399116	0.7066589004905847	0.003575596999999992	0.0019048269999999926	100	34.169165065542025	22.169953798846027	48	5e-08
p01-s03-c0048-v210-m010-g100-sb0011	p01-s03-c0048	c0048	sb0011	100	158	3.5310432909957528	0.9548370616789096	34.15958742058666	22.142049148582878	0.6974769397828989	0.0033262570000000017	0.00184038300000001	100	34.15955103038243	22.142046674407272	58	5.9e-08
p01-s03-c0048-v210-m010-g100-sb0012	p01-s03-c0048	c0048	sb0012	100	163	3.5326361835009292	0.9549780311200551	34.21404333106039	22.21137868640506	0.6935236405863445	0.003461871999999994	0.0019461420000000005	100	34.21400375481136	22.21137564086862	63	6.3e-08
p01-s03-c0049-v210-m010-g100-sb0001	p01-s03-c0049	c0049	sb0001	100	100	3.510894523386645	0.9539588225069872	33.47820142789669	21.719687776268536	0.7623810590255836	0.03610970499999999	0.01637991799999999	100	33.47820142789669	21.719687776268536	0	0.0
p01-s03-c0049-v210-m010-g100-sb0002	p01-s03-c0049	c0049	sb0002	100	100	3.530828823872034	0.9554791158651951	34.152262097673685	22.46136884820383	0.7667097373762863	0.044664581000000016	0.015850365	100	34.152262097673685	22.46136884820383	0	0.0
p01-s03-c0049-v210-m010-g100-sb0003	p01-s03-c0049	c0049	sb0003	100	100	3.5029883549953373	0.9536627207624245	33.21456069726732	21.580895910459258	0.7606642563729121	0.040857992	0.018617834999999992	100	33.21456069726732	21.580895910459258	0	0.0
p01-s03-c0049-v210-m010-g100-sb0004	p01-s03-c0049	c0049	sb0004	100	100	3.5290076241678636	0.9550714300537426	34.09012061124875	22.257552403652692	0.766314268885304	0.038149395999999995	0.015078336000000003	100	34.09012061124875	22.257552403652692	0	0.0
p01-s03-c0049-v210-m010-g100-sb0005	p01-s03-c0049	c0049	sb0005	100	100	3.5454426461172757	0.9551164269616765	34.655021858555536	22.279866158297132	0.7698830885565981	0.039924983	0.020731340999999993	100	34.655021858555536	22.279866158297132	0	0.0
p01-s03-c0049-v210-m010-g100-sb0006	p01-s03-c0049	c0049	sb0006	100	100	3.5193581108040624	0.9542691832820986	33.76274956269825	21.867092515943423	0.7642189036818287	0.038575155000000014	0.014876084999999997	100	33.76274956269825	21.867092515943423	0	0.0
p01-s03-c0049-v210-m010-g100-sb0007	p01-s03-c0049	c0049	sb0007	100	100	3.502365562985579	0.9536435744360374	33.193881374384375	21.571982477816405	0.7605290188063064	0.040073721	0.018180539000000006	100	33.193881374384375	21.571982477816405	0	0.0
p01-s03-c0049-v210-m010-g100-sb0008	p01-s03-c0049	c0049	sb0008	100	100	3.519118032137915	0.9546290114272704	33.754644819744634	22.040516009409924	0.7641667712618634	0.037604161000000004	0.01760439599999999	100	33.754644819744634	22.040516009409924	0	0.0
p01-s03-c0049-v210-m010-g100-sb0009	p01-s03-c0049	c0049	sb0009	100	100	3.5393185640130254	0.955490593954878	34.44344019238638	22.46716118804723	0.768553261024299	0.03750693299999999	0.018096968000000005	100	34.44344019238638	22.46716118804723	0	0.0
p01-s03-c0049-v210-m010-g100-sb0010	p01-s03-c0049	c0049	sb0010	100	100	3.518745050170972	0.9544812959888322	33.74205729353236	21.96899102739514	0.764085779256817	0.041206314	0.015404427999999998	100	33.74205729353236	21.96899102739514	0	0.0
p01-s03-c0049-v210-m010-g100-sb0011	p01-s03-c0049	c0049	sb0011	100	100	3.516675502228217	0.9537681322694402	33.672298697553785	21.630101682848277	0.7636363826310306	0.043629763	0.016749833000000006	100	33.672298697553785	21.630101682848277	0	0.0
p01-s03-c0049-v210-m010-g100-sb0012	p01-s03-c0049	c0049	sb0012	100	100	3.541514416297324	0.9561181907072321	34.5191559991519	22.788486074679916	0.7690300842893717	0.037894874999999995	0.01790715299999999	100	34.5191559991519	22.788486074679916	0	0.0
p01-s03-c0050-v210-m010-g100-sb0001	p01-s03-c0050	c0050	sb0001	100	114	3.514686173582518	0.9544897796008551	33.605380012885206	21.97308629203625	0.7420901408330867	0.037643222000000004	0.018276044999999994	100	33.6053716025653	21.973085675380553	14	1.4e-08
p01-s03-c0050-v210-m010-g100-sb0002	p01-s03-c0050	c0050	sb0002	100	115	3.5294863918342436	0.9551583774879998	34.10644576640679	22.300709563584302	0.743843388346153	0.041099998	0.017999564000000003	100	34.10643625736575	22.300708770657035	15	1.5e-08
p01-s03-c0050-v210-m010-g100-sb0003	p01-s03-c0050	c0050	sb0003	100	116	3.521709968094632	0.9548491808854576	33.842248179463894	22.147992430948253	0.7408526664085401	0.039666157999999986	0.016105336999999994	100	33.84223833775048	22.147991813861744	16	1.6e-08
p01-s03-c0050-v210-m010-g100-sb0004	p01-s03-c0050	c0050	sb0004	100	118	3.5389495762983074	0.9549166349824546	34.43073333058489	22.18113043715398	0.7418116800572797	0.04938172600000001	0.020159097000000008	100	34.43071640803446	22.181129401050033	18	2.9e-08
p01-s03-c0050-v210-m010-g100-sb0005	p01-s03-c0050	c0050	sb0005	100	109	3.515555765522989	0.9535986692700128	33.63461569021325	21.55110606243329	0.7493700859064273	0.039976962	0.015384354999999999	100	33.63461024512954	21.551105713458618	9	9e-09
p01-s03-c0050-v210-m010-g100-sb0006	p01-s03-c0050	c0050	sb0006	100	115	3.5316619502045956	0.9549391808510153	34.180727102369836	22.192228612038694	0.7443018898191978	0.04670649	0.017968896999999998	100	34.180717337440775	22.192228110306036	15	1.6e-08
p01-s03-c0050-v210-m010-g100-sb0007	p01-s03-c0050	c0050	sb0007	100	117	3.512971551089987	0.9544063001698774	33.547808842961096	21.93285484016204	0.7376823272708073	0.03140972999999999	0.018858456000000016	100	33.54779792826159	21.93285402452084	17	1.8e-08
p01-s03-c0050-v210-m010-g100-sb0008	p01-s03-c0050	c0050	sb0008	100	118	3.4911456549886495	0.952926684576944	32.82353061519199	21.243458018897268	0.7317913318111383	0.043083546	0.016004873999999992	100	32.823516023922714	21.243456779973343	18	2.5e-08
p01-s03-c0050-v210-m010-g100-sb0009	p01-s03-c0050	c0050	sb0009	100	116	3.5381326866065654	0.9558032244598548	34.40261870428566	22.626084997799683	0.7443074695892307	0.04611827599999999	0.016195786000000004	100	34.40260879897119	22.62608428119322	16	1.6e-08
p01-s03-c0050-v210-m010-g100-sb0010	p01-s03-c0050	c0050	sb0010	100	109	3.5047594594267784	0.9541716563095735	33.273439277572955	21.8205573117603	0.747068763052689	0.03712034499999999	0.01955871200000001	100	33.273433734748416	21.820556808814757	9	9e-09
p01-s03-c0050-v210-m010-g100-sb0011	p01-s03-c0050	c0050	sb0011	100	118	3.50867928069619	0.9537012340283306	33.404121170063306	21.598847809721537	0.7354666168252897	0.036174447	0.015735882000000003	100	33.40410970531364	21.598847013733305	18	1.9e-08
p01-s03-c0050-v210-m010-g100-sb0012	p01-s03-c0050	c0050	sb0012	100	115	3.5135350664906873	0.9550442832745489	33.56671887745128	22.244112047130702	0.7404816278589574	0.049262463	0.017803011999999997	100	33.56670978848474	22.24411141768406	15	1.5e-08
