run_id	cell_id	cell	seed_block_id	D0_mean	D0_sd	D1_mean	D1_sd	D2_mean	D2_sd	evenness_mean	evenness_sd	TV_mean	TV_sd	TV_late_change
p01-s03-c0027-v210-m010-g100-sb0001	p01-s03-c0027	c0027	sb0001	100.0	0.0	34.223686707515895	0.0046496997325757225	22.204830857079017	0.003974403423593332	0.7671633938368199	2.9501472888698988e-05	0.00041080833999999965	4.425389639509066e-05	-1.1689080000001906e-05
p01-s03-c0027-v210-m010-g100-sb0002	p01-s03-c0027	c0027	sb0002	100.0	0.0	34.22229698546209	0.00450388169816419	22.200864062555368	0.003000712774031747	0.7671545760756686	2.85783742902288e-05	0.00039208334000000026	3.626276830704152e-05	2.0311639999999952e-05
p01-s03-c0027-v210-m010-g100-sb0003	p01-s03-c0027	c0027	sb0003	100.0	0.0	34.226308505331865	0.002744079270168096	22.205244840656714	0.002282350684312195	0.7671800296296704	1.7410020911984507e-05	0.0004014375399999967	3.361990092933824e-05	4.573284000000834e-05
p01-s03-c0027-v210-m010-g100-sb0004	p01-s03-c0027	c0027	sb0004	100.0	0.0	34.2317677308173	0.00407556126602025	22.208940926600043	0.0031307468258850294	0.7672146618486869	2.5851563260932166e-05	0.0003896182199999977	4.526306006514051e-05	-3.873267999999195e-05
p01-s03-c0027-v210-m010-g100-sb0005	p01-s03-c0027	c0027	sb0005	100.0	0.0	34.22731850360337	0.0029906578983339054	22.20332795959544	0.002511079442095466	0.7671864372943741	1.8973220113366823e-05	0.0003982598200000015	3.179983195866889e-05	-5.152439999988126e-06
p01-s03-c0027-v210-m010-g100-sb0006	p01-s03-c0027	c0027	sb0006	100.0	0.0	34.225894764702694	0.006193122717870452	22.203419163312507	0.0031621627141807944	0.7671774018554813	3.929272436595169e-05	0.0003901359199999991	3.643560501781109e-05	1.1112720000007556e-05
p01-s03-c0027-v210-m010-g100-sb0007	p01-s03-c0027	c0027	sb0007	100.0	0.0	34.224463903713705	0.003579689437116138	22.20655925292393	0.002466580557537371	0.7671683258440747	2.2712071783305867e-05	0.0004250442399999982	5.9384797104011295e-05	-7.203248000000933e-05
p01-s03-c0027-v210-m010-g100-sb0008	p01-s03-c0027	c0027	sb0008	100.0	0.0	34.2249618946692	0.0036463630260514203	22.202275375740324	0.002532531432933289	0.7671714854283551	2.313496842686659e-05	0.0004248077199999989	5.305534401867983e-05	7.576472000000051e-05
p01-s03-c0027-v210-m010-g100-sb0009	p01-s03-c0027	c0027	sb0009	100.0	0.0	34.22632889108465	0.004562810981257205	22.206039501548585	0.004343145645372043	0.7671801577591943	2.8946935407995162e-05	0.000440841699999995	3.9089169202069874e-05	3.564251999999717e-05
p01-s03-c0027-v210-m010-g100-sb0010	p01-s03-c0027	c0027	sb0010	100.0	0.0	34.22729797649177	0.004684276358459812	22.20509313521991	0.004201803614969548	0.7671863058843315	2.9717554077657846e-05	0.00039144471999999665	3.0118023299527904e-05	6.709280000006396e-06
p01-s03-c0027-v210-m010-g100-sb0011	p01-s03-c0027	c0027	sb0011	100.0	0.0	34.22652515049157	0.0045113014525483405	22.20527948051019	0.0031170890830734344	0.767181402956005	2.8621562251891735e-05	0.0003935780000000014	3.319402616835227e-05	-2.26404000000011e-05
p01-s03-c0027-v210-m010-g100-sb0012	p01-s03-c0027	c0027	sb0012	100.0	0.0	34.22751634901435	0.0060365010170843865	22.205611127797678	0.005120191723572119	0.7671876899773339	3.829913063032284e-05	0.00040596919999999926	3.2297343501675007e-05	2.7367359999994967e-05
p01-s03-c0028-v210-m010-g100-sb0001	p01-s03-c0028	c0028	sb0001	100.94	0.8900813996254409	34.228359275417844	0.0065071312371753785	22.206273728460307	0.004906262285123192	0.7656465669711799	0.0014581314110426408	0.0004000567399999991	3.6243343500209164e-05	-2.5498360000007552e-05
p01-s03-c0028-v210-m010-g100-sb0002	p01-s03-c0028	c0028	sb0002	100.16	0.3703280399090206	34.21674848536201	0.004164839289134284	22.200033968932793	0.0023440737050242078	0.7668547408169464	0.000616423159378551	0.0004090078199999949	4.680020985243968e-05	2.0924120000003713e-05
p01-s03-c0028-v210-m010-g100-sb0003	p01-s03-c0028	c0028	sb0003	101.26	1.174734012447073	34.22600230740597	0.0037318101781692783	22.20413920059309	0.00293408280384208	0.7651133514419081	0.0019098027996033494	0.00039260579999999656	2.9932846592028774e-05	-2.4041919999994625e-05
p01-s03-c0028-v210-m010-g100-sb0004	p01-s03-c0028	c0028	sb0004	100.7	0.8144110179279557	34.23304479895361	0.0049113442695757105	22.207542338285922	0.003576481465759508	0.7660699580923297	0.0013249447187334577	0.0004011502199999975	5.402667159887514e-05	5.477020000000402e-05
p01-s03-c0028-v210-m010-g100-sb0005	p01-s03-c0028	c0028	sb0005	100.86	0.9478224237370497	34.22716416261195	0.004066308673709257	22.205915348770418	0.003210877038276189	0.7657717463768996	0.0015454822039944474	0.0003864750599999981	3.065038659436807e-05	-2.3446679999988927e-05
p01-s03-c0028-v210-m010-g100-sb0006	p01-s03-c0028	c0028	sb0006	100.62	0.8053393251117373	34.22620612631309	0.004540084171370365	22.20368123223711	0.0028390617398214102	0.7661585036676919	0.0013127212443034414	0.00039543527999999847	4.068141973524262e-05	-1.9284719999998262e-05
p01-s03-c0028-v210-m010-g100-sb0007	p01-s03-c0028	c0028	sb0007	100.52	0.5046720495044484	34.22922800783053	0.0051070722246125844	22.209533481547766	0.0032321935802581097	0.7663384092654855	0.0008282853661727912	0.00042044472000000137	3.755482541404076e-05	1.2283199999996142e-05
p01-s03-c0028-v210-m010-g100-sb0008	p01-s03-c0028	c0028	sb0008	100.14	0.35050983275386566	34.22418836777205	0.003170199499870267	22.202845860016954	0.0022997367391271568	0.7669350054987107	0.0005695535302486084	0.00039395462000000117	2.8967223371119238e-05	1.671771999999552e-05
p01-s03-c0028-v210-m010-g100-sb0009	p01-s03-c0028	c0028	sb0009	100.12	0.32826072265931594	34.227389007415894	0.0024566551722198684	22.206605401896773	0.003150839311187878	0.7669883951693542	0.0005425021103219558	0.00041864808000000096	3.807784447993645e-05	-2.5679200000021016e-06
p01-s03-c0028-v210-m010-g100-sb0010	p01-s03-c0028	c0028	sb0010	100.0	0.0	34.2266124243142	0.003386938223218397	22.206130094006795	0.003072329858267826	0.7671819574631357	2.148848592099162e-05	0.0004156662800000032	3.044433372502785e-05	-6.202879999998455e-06
p01-s03-c0028-v210-m010-g100-sb0011	p01-s03-c0028	c0028	sb0011	100.8	0.6388765649999399	34.22873952463944	0.003201882396553572	22.20741109366894	0.003149227558699707	0.7658749671115277	0.001046991907842578	0.0004208941799999996	4.578648561360103e-05	3.9406680000002726e-05
p01-s03-c0028-v210-m010-g100-sb0012	p01-s03-c0028	c0028	sb0012	100.54	0.6455499158682859	34.22810409177877	0.004635332742218345	22.207930943166424	0.004270567623931418	0.7663000909081619	0.0010732555963553511	0.00039236137999999976	3.5965374981882275e-05	1.705876000000268e-05
p01-s03-c0029-v210-m010-g100-sb0001	p01-s03-c0029	c0029	sb0001	100.0	0.0	34.198366508731965	0.040560001063351926	22.19954536546805	0.03621803533071383	0.7670025315187775	0.00025755268267260267	0.003896638419999999	0.00038340794635857695	-0.00023293260000000274
p01-s03-c0029-v210-m010-g100-sb0002	p01-s03-c0029	c0029	sb0002	100.0	0.0	34.17467851048573	0.04213005915893857	22.158837196296854	0.028018477218092423	0.7668520571269849	0.00026774549537459443	0.00382982186	0.00030538385572687635	0.00024162748000000145
p01-s03-c0029-v210-m010-g100-sb0003	p01-s03-c0029	c0029	sb0003	100.0	0.0	34.21990429298354	0.03496677242747761	22.20008705234301	0.021033775016221622	0.7671392841176017	0.0002219854462873875	0.003996955299999999	0.000319538736791932	0.0004066295600000081
p01-s03-c0029-v210-m010-g100-sb0004	p01-s03-c0029	c0029	sb0004	100.0	0.0	34.25007734833567	0.04638868936306063	22.223768627159437	0.0313714936120084	0.7673305832626692	0.00029394537959079694	0.0037341371199999967	0.00042725695113914487	-0.0004370325599999947
p01-s03-c0029-v210-m010-g100-sb0005	p01-s03-c0029	c0029	sb0005	100.0	0.0	34.22103325360408	0.030680017833341455	22.177118416457592	0.029693956206254493	0.7671464736164824	0.00019468490104843265	0.0040074734	0.00031238220222048964	1.0916000000010112e-05
p01-s03-c0029-v210-m010-g100-sb0006	p01-s03-c0029	c0029	sb0006	100.0	0.0	34.21551829601105	0.05204337440656985	22.18858603940288	0.02891506663521583	0.7671113152383906	0.000330416668435006	0.0036996356399999998	0.00027954519022277077	5.178856000000913e-05
p01-s03-c0029-v210-m010-g100-sb0007	p01-s03-c0029	c0029	sb0007	100.0	0.0	34.22417859792031	0.0251675115176475	22.23141734971054	0.020294263006974216	0.7671664592614924	0.00015966879221293042	0.00412460076	0.0005285301719036638	-0.0006870558400000081
p01-s03-c0029-v210-m010-g100-sb0008	p01-s03-c0029	c0029	sb0008	100.0	0.0	34.176831426331134	0.03242118571540457	22.153003491488594	0.02503790953077616	0.7668658024173284	0.00020596740539896078	0.004170012640000001	0.0005418610466388612	0.0007479601600000022
p01-s03-c0029-v210-m010-g100-sb0009	p01-s03-c0029	c0029	sb0009	100.0	0.0	34.222189081964125	0.0440097806762046	22.21632505814422	0.04100857409050764	0.7671537173589555	0.00027915853684907913	0.0042824234599999934	0.0003541590547525072	0.0001261431599999972
p01-s03-c0029-v210-m010-g100-sb0010	p01-s03-c0029	c0029	sb0010	100.0	0.0	34.209378851771866	0.03647327740542502	22.199741534235706	0.0367814571838601	0.7670724733780061	0.00023152135423617373	0.00382129356	0.0002688175021802265	0.00023192448000000426
p01-s03-c0029-v210-m010-g100-sb0011	p01-s03-c0029	c0029	sb0011	100.0	0.0	34.224576776634855	0.055578181192932265	22.20438199720955	0.04075462492745992	0.7671687627231124	0.0003524827029611484	0.003806581020000001	0.00032328346423726246	-2.9395560000007072e-05
p01-s03-c0029-v210-m010-g100-sb0012	p01-s03-c0029	c0029	sb0012	100.0	0.0	34.2429965072933	0.054189632597846905	22.206125496725562	0.04745142245459543	0.7672856140744571	0.0003438614109973122	0.003962428339999997	0.00027177055739644916	0.0001352575600000014
p01-s03-c0030-v210-m010-g100-sb0001	p01-s03-c0030	c0030	sb0001	105.86	1.6904292414674338	34.253185041096174	0.041055796688856255	22.22792731442561	0.03591550713668831	0.7580067935509127	0.0027270840185300168	0.003973388960000001	0.00033808742306783813	-0.00015308952000000478
p01-s03-c0030-v210-m010-g100-sb0002	p01-s03-c0030	c0030	sb0002	106.54	1.9609452114857722	34.107954711498394	0.04171564650402524	22.144925282986346	0.02504726788437652	0.7560651663641632	0.00285024263201421	0.004119240239999994	0.0005048997212789625	0.00031497440000000185
p01-s03-c0030-v210-m010-g100-sb0003	p01-s03-c0030	c0030	sb0003	104.22	1.753014895683946	34.17870798353209	0.044823398277732934	22.17707397737891	0.028542616533064155	0.7600887440120542	0.0029142377788233275	0.0037196022599999957	0.0002884334689554334	-0.0001253549999999941
p01-s03-c0030-v210-m010-g100-sb0004	p01-s03-c0030	c0030	sb0004	104.7	1.4742691028964494	34.262951380562065	0.043766580962405696	22.215441294663847	0.027646324279443957	0.7598570618853833	0.00242400418133956	0.0038512724199999985	0.0005648498016261549	0.0006093358800000025
p01-s03-c0030-v210-m010-g100-sb0005	p01-s03-c0030	c0030	sb0005	103.62	1.176122997871587	34.224661977260936	0.03095741892757442	22.197590943906352	0.02059806200975404	0.7613058221018	0.0018782665047029252	0.0037688999199999972	0.00025040061175186256	-0.00022922551999999055
p01-s03-c0030-v210-m010-g100-sb0006	p01-s03-c0030	c0030	sb0006	104.3	1.8098370656171325	34.198079651064155	0.03871997227216869	22.176694242119652	0.02586886435782666	0.7600864348484376	0.002744491458253541	0.0038737141799999974	0.00039007362598019076	2.5352520000001145e-05
p01-s03-c0030-v210-m010-g100-sb0007	p01-s03-c0030	c0030	sb0007	104.04	1.7607975929292117	34.23323992767123	0.04954060577816841	22.24174552441368	0.0348396704647163	0.7607139485031438	0.002623381195086424	0.004064600699999999	0.0004008571462264172	7.527076000000011e-05
p01-s03-c0030-v210-m010-g100-sb0008	p01-s03-c0030	c0030	sb0008	105.94	2.838582572413239	34.185708908390026	0.03642225857300395	22.17275274685639	0.024004230493905484	0.7575116569427326	0.004257375270110804	0.003931054120000002	0.00034678022134661864	0.0001664872799999966
p01-s03-c0030-v210-m010-g100-sb0009	p01-s03-c0030	c0030	sb0009	104.78	1.876710104498436	34.2506420356733	0.023286927381742713	22.228599854672307	0.024027935245932275	0.759668689613853	0.002879066025597211	0.004126728219999998	0.00034230012017855984	-0.00016236732000000486
p01-s03-c0030-v210-m010-g100-sb0010	p01-s03-c0030	c0030	sb0010	103.66	1.1177601509724888	34.21254324928833	0.02154641229166376	22.204010802430453	0.02235444850531914	0.7611647000076144	0.0017448492712615015	0.004100142140000002	0.000396524115804074	-0.00029247379999999823
p01-s03-c0030-v210-m010-g100-sb0011	p01-s03-c0030	c0030	sb0011	106.12	1.2558434843334807	34.22129346892111	0.0317024241773825	22.213256677899675	0.028607489938529164	0.7573949179384472	0.0019553623798329277	0.00403252224	0.0005368252703410645	0.0003922465600000027
p01-s03-c0030-v210-m010-g100-sb0012	p01-s03-c0030	c0030	sb0012	106.06	1.4201178450669336	34.22784599555376	0.04314079238226927	22.22332776796451	0.036705278065158234	0.7575319528578109	0.0021224878045441927	0.003963964760000001	0.00044078300867593723	0.0003407376000000022
p01-s03-c0031-v210-m010-g100-sb0001	p01-s03-c0031	c0031	sb0001	100.0	0.0	34.14360113260342	0.3007839133513697	22.272934671630214	0.3188009044399783	0.7666463593401653	0.001920849766956131	0.03868158018	0.003738972157015923	-0.0037347649199999944
p01-s03-c0031-v210-m010-g100-sb0002	p01-s03-c0031	c0031	sb0002	100.0	0.0	33.590523427331064	0.2912590102097801	21.80813823492435	0.2390655594697101	0.7631003803893555	0.0018838414227354489	0.038391846019999995	0.003467755634044098	0.00015280140000000636
p01-s03-c0031-v210-m010-g100-sb0003	p01-s03-c0031	c0031	sb0003	100.0	0.0	33.9956088643928	0.30627123775738374	22.10356197061776	0.23558457401702176	0.7657027705421418	0.0019572198231810104	0.03798099368	0.0036201991944089847	0.0032164540000000075
p01-s03-c0031-v210-m010-g100-sb0004	p01-s03-c0031	c0031	sb0004	100.0	0.0	34.23072150391059	0.45902845196929426	22.290727373921577	0.29983083747703504	0.7671888987781255	0.002911265147046339	0.03933936274	0.00303254453738489	-0.0007236698800000066
p01-s03-c0031-v210-m010-g100-sb0005	p01-s03-c0031	c0031	sb0005	100.0	0.0	33.93090110775571	0.4985452177422414	22.129842168521623	0.37162713012622106	0.7652748190489675	0.0031809190742241276	0.03864459908	0.0029724349259269657	0.002242917920000004
p01-s03-c0031-v210-m010-g100-sb0006	p01-s03-c0031	c0031	sb0006	100.0	0.0	34.23590539634336	0.3458728220425061	22.2600138298526	0.24859848315433658	0.7672300205588093	0.0021981048841110324	0.0383741634	0.003914679973706716	-0.0029927355999999974
p01-s03-c0031-v210-m010-g100-sb0007	p01-s03-c0031	c0031	sb0007	100.0	0.0	34.17372629491911	0.34682888886552043	22.441691677109606	0.27024364495681474	0.7668351703485118	0.0022096236648913685	0.04007606161999999	0.003646636065378379	-0.0012303355600000107
p01-s03-c0031-v210-m010-g100-sb0008	p01-s03-c0031	c0031	sb0008	100.0	0.0	33.871225814968355	0.3661593380484374	21.758021218416488	0.31455763191854585	0.7649030823622998	0.0023389928590501216	0.039002440400000005	0.004448382994822684	0.004351855519999996
p01-s03-c0031-v210-m010-g100-sb0009	p01-s03-c0031	c0031	sb0009	100.0	0.0	34.28724917439277	0.410666461901937	22.430148705382663	0.416375317473872	0.7675510080914765	0.002607201572504274	0.040815956699999996	0.0037202797791027063	-0.004271573800000011
p01-s03-c0031-v210-m010-g100-sb0010	p01-s03-c0031	c0031	sb0010	100.0	0.0	33.63527311222452	0.35366420435699375	21.824632850584095	0.342564714814038	0.7633857145108047	0.0022833955810889544	0.03938347882	0.004079804670469442	0.00518644972
p01-s03-c0031-v210-m010-g100-sb0011	p01-s03-c0031	c0031	sb0011	100.0	0.0	33.73080563566854	0.41268024058024755	21.91345301236704	0.3885564070196339	0.7639975070000387	0.0026471265803341987	0.03547851822	0.0029092200619188426	0.0006566757199999926
p01-s03-c0031-v210-m010-g100-sb0012	p01-s03-c0031	c0031	sb0012	100.0	0.0	33.691238764239976	0.4748171832914382	22.10894849006229	0.33812785610614515	0.7637374215948075	0.0030532358141802758	0.03992726234	0.006842043443309816	0.005246827560000014
p01-s03-c0032-v210-m010-g100-sb0001	p01-s03-c0032	c0032	sb0001	145.44	4.238598151006331	34.259726597264745	0.33147806110778094	22.343138172030873	0.3191142014525466	0.7097431848603969	0.005063890790095186	0.036360380160000004	0.004552663195300633	7.845583999999822e-05
p01-s03-c0032-v210-m010-g100-sb0002	p01-s03-c0032	c0032	sb0002	152.62	8.032815350111042	33.170853837062566	0.7258239576647856	21.505583294369817	0.39970421763330444	0.6966198009753626	0.004774868473016356	0.03857052067999999	0.002781369706022273	0.001835032559999998
p01-s03-c0032-v210-m010-g100-sb0003	p01-s03-c0032	c0032	sb0003	150.26	3.7678012859773067	33.98005760837786	0.5633026413069357	22.114265557263124	0.36818683406741326	0.7034536896795818	0.0054953636928908355	0.03739675812	0.004470140411156573	-0.004504120800000004
p01-s03-c0032-v210-m010-g100-sb0004	p01-s03-c0032	c0032	sb0004	151.42	7.6186934441489615	33.95948088784648	0.4925344984527841	22.1037857327007	0.34966081450163794	0.7024468006676843	0.00803994065221592	0.03887605196	0.00418610195487437	0.0047724251999999995
p01-s03-c0032-v210-m010-g100-sb0005	p01-s03-c0032	c0032	sb0005	159.24	4.162809098654025	33.913464171369036	0.3028440508705879	22.085536493419387	0.20790028148326142	0.695030478353079	0.003723164820018759	0.035749736239999996	0.003232307363233498	0.0009867299200000124
p01-s03-c0032-v210-m010-g100-sb0006	p01-s03-c0032	c0032	sb0006	145.66	5.509213062809295	34.02437178111987	0.573253717248029	22.074648633368582	0.41524767977678323	0.7081651542721691	0.004739495232021208	0.03893247615999999	0.0035083389950002356	0.0005190636000000012
p01-s03-c0032-v210-m010-g100-sb0007	p01-s03-c0032	c0032	sb0007	151.28	5.295512154607129	34.21742729672902	0.33300250983722973	22.471186683565712	0.20570007185841152	0.7039630295366753	0.00536652117844851	0.03962810156	0.004840888381968492	0.0016152818399999963
p01-s03-c0032-v210-m010-g100-sb0008	p01-s03-c0032	c0032	sb0008	149.4	8.060991988380506	33.15264306054576	0.5081596782001325	21.481591979220504	0.3441068989767235	0.6995573691201724	0.008491047913450624	0.0375723349	0.004175436580493697	-0.0027015896400000017
p01-s03-c0032-v210-m010-g100-sb0009	p01-s03-c0032	c0032	sb0009	147.12	8.037260168764488	33.950684848145855	0.3020396846611826	22.07001790400807	0.24228185067185093	0.7065133923760902	0.008722379112554884	0.04011791906	0.003439241920488305	-0.0012255459599999977
p01-s03-c0032-v210-m010-g100-sb0010	p01-s03-c0032	c0032	sb0010	147.44	5.945878352922729	33.66913838012131	0.34040037205114165	21.917500619607516	0.20863187708708505	0.7043934776552189	0.0066667148130610965	0.03831919192	0.002999511563880244	0.0023164472800000016
p01-s03-c0032-v210-m010-g100-sb0011	p01-s03-c0032	c0032	sb0011	153.16	8.157530638768632	34.41487183114577	0.5482565284618001	22.303038955634655	0.3510968428415769	0.703521223582999	0.008529766720461242	0.03821831311999999	0.003624042531930846	0.0032955943999999973
p01-s03-c0032-v210-m010-g100-sb0012	p01-s03-c0032	c0032	sb0012	154.7	8.308466299197342	34.384086910953926	0.5167291033329148	22.457696587148074	0.3956820180344427	0.7019212147479166	0.005614595438186438	0.03589882712	0.004914252182463288	0.0037275592800000007
p01-s03-c0033-v210-m010-g100-sb0001	p01-s03-c0033	c0033	sb0001	100.0	0.0	24.383794962531613	2.9160670885241498	17.84218734173189	2.735641848232844	0.6919684474295971	0.026754039266568396	0.29319369138	0.029449693826631318	0.030760067800000013
p01-s03-c0033-v210-m010-g100-sb0002	p01-s03-c0033	c0033	sb0002	100.0	0.0	21.465163558391268	1.686136634940359	15.004598414551927	1.3912821856085806	0.6652143524001144	0.016989357540437722	0.28721008672	0.03404365695020743	-0.013183373760000061
p01-s03-c0033-v210-m010-g100-sb0003	p01-s03-c0033	c0033	sb0003	100.0	0.0	22.973394801127352	1.839351131530113	15.924764078492665	1.9687220876019673	0.679911785886489	0.017762406799479605	0.30377622298	0.02672817592327518	-0.021841846279999966
p01-s03-c0033-v210-m010-g100-sb0004	p01-s03-c0033	c0033	sb0004	100.0	0.0	23.008359283867673	2.7601173678121915	16.151258296890713	2.977211724557165	0.6794167797273478	0.02600722816804384	0.32428640088	0.026710854774680767	0.0035324427999999797
p01-s03-c0033-v210-m010-g100-sb0005	p01-s03-c0033	c0033	sb0005	100.0	0.0	22.737530404470796	2.689270178858658	15.962650724504359	2.173797067298942	0.6768548629773621	0.02605881879131551	0.31642577314	0.03302829518369021	-0.02347058747999997
p01-s03-c0033-v210-m010-g100-sb0006	p01-s03-c0033	c0033	sb0006	100.0	0.0	24.06286488907132	2.0356251930883356	17.03198653602291	1.9102020136451856	0.6899046419550462	0.018516992068396458	0.30116417062	0.026555973709212276	0.005862616360000017
p01-s03-c0033-v210-m010-g100-sb0007	p01-s03-c0033	c0033	sb0007	100.0	0.0	22.608629908694635	1.5631185688694977	15.38628981648171	1.6449862391370955	0.6766400086895712	0.014762728841789618	0.33609429088	0.03200128028614304	-0.0045941418399999545
p01-s03-c0033-v210-m010-g100-sb0008	p01-s03-c0033	c0033	sb0008	100.0	0.0	21.65288772949611	2.048749540900693	14.769254255724613	2.2401694715367473	0.666776741506891	0.02101808581596387	0.30466745028	0.03342420194851762	-0.0015447768799999873
p01-s03-c0033-v210-m010-g100-sb0009	p01-s03-c0033	c0033	sb0009	100.0	0.0	23.247956839990206	1.4280013965880416	17.270483805853345	1.2776739849737522	0.6827896590289276	0.013372980268029104	0.29290006224	0.03051705494803658	0.016632741519999994
p01-s03-c0033-v210-m010-g100-sb0010	p01-s03-c0033	c0033	sb0010	100.0	0.0	22.627093098753924	1.6586748581547808	15.104616853087428	1.634789511209136	0.676734781783549	0.0160880314580625	0.33795657584	0.025142472378478102	0.016469203680000044
p01-s03-c0033-v210-m010-g100-sb0011	p01-s03-c0033	c0033	sb0011	100.0	0.0	22.08636581676535	1.7242572904752842	14.499021010454484	2.109879231809833	0.6713958453047207	0.01730800306525915	0.31449043904	0.037834545338997064	0.02811380520000001
p01-s03-c0033-v210-m010-g100-sb0012	p01-s03-c0033	c0033	sb0012	100.0	0.0	24.322801301835035	1.5328262675230186	17.376087286132787	1.3741268987612825	0.6925739218652726	0.013940628306699546	0.32052334214	0.029882519098743295	-0.040862789239999975
p01-s03-c0034-v210-m010-g100-sb0001	p01-s03-c0034	c0034	sb0001	124.84	5.596500364203563	26.057164382410274	2.5357946432206053	18.805259546587624	2.5788642055197863	0.6746404982487438	0.022478116809335372	0.2946130622	0.02964802356959023	0.02176140480000005
p01-s03-c0034-v210-m010-g100-sb0002	p01-s03-c0034	c0034	sb0002	126.1	4.367084676466506	22.962882146430957	2.3113809043309606	15.738041986809476	2.111820830930925	0.6470192031544597	0.022518313611407343	0.3099411396	0.020520627630958327	0.004258213120000021
p01-s03-c0034-v210-m010-g100-sb0003	p01-s03-c0034	c0034	sb0003	125.64	4.388110094799541	23.59831595267865	1.2336820046694048	16.719309474814644	1.1810963112357737	0.6538626149236745	0.012153883043935575	0.31577178606	0.029391438337250463	-0.022021715639999995
p01-s03-c0034-v210-m010-g100-sb0004	p01-s03-c0034	c0034	sb0004	125.1	4.3764210520115405	22.053826279053304	1.8310450755580818	15.537215806589645	2.19088660767289	0.6399888928472827	0.017647916351717863	0.29755473435999996	0.035290290136854884	0.037561683840000026
p01-s03-c0034-v210-m010-g100-sb0005	p01-s03-c0034	c0034	sb0005	124.82	4.98851742729731	23.445337651867828	1.870383587035678	16.474877426214572	1.9323061336324938	0.6530486608094621	0.018048167158916786	0.31621000163999996	0.037063065271191	-0.023061281919999954
p01-s03-c0034-v210-m010-g100-sb0006	p01-s03-c0034	c0034	sb0006	124.74	4.889847875435182	22.87521179734764	1.5713715153810912	16.67103573484309	1.524213300418669	0.6481965934786351	0.015252523560064369	0.29435904991999995	0.023883762133934085	0.005294889120000035
p01-s03-c0034-v210-m010-g100-sb0007	p01-s03-c0034	c0034	sb0007	125.16	5.526780810060137	23.364000391649906	1.7227428096886697	17.03432865318839	2.0721046902915985	0.6520684475928562	0.015322037608739389	0.30495967194	0.03031962821217259	-0.0055847917999999885
p01-s03-c0034-v210-m010-g100-sb0008	p01-s03-c0034	c0034	sb0008	124.76	4.653548130629105	24.473446081170245	1.9108113451933357	17.30601060311795	1.7631635546789313	0.6620056168291272	0.015494306275284558	0.32497445651999995	0.029898201533598633	0.040432914720000046
p01-s03-c0034-v210-m010-g100-sb0009	p01-s03-c0034	c0034	sb0009	124.58	5.357009522150223	23.191867576831225	1.9362596338720865	16.17634669421997	2.155236817978784	0.6510776216072464	0.019440262662871268	0.32003768992	0.021804483270746314	0.016172268880000007
p01-s03-c0034-v210-m010-g100-sb0010	p01-s03-c0034	c0034	sb0010	124.08	4.119837524040213	25.901924640500667	1.8619692551280584	18.809196124214413	1.951282324226029	0.674626166669355	0.01614926811271977	0.31440321297999996	0.04492191459258465	0.0025174218800000925
p01-s03-c0034-v210-m010-g100-sb0011	p01-s03-c0034	c0034	sb0011	126.44	6.141727470877441	23.6151148504575	2.081924504302478	17.13687101456067	2.1404944836469566	0.6527167066542249	0.020010919727042102	0.30681312573999997	0.03623126401100606	-0.016528417880000035
p01-s03-c0034-v210-m010-g100-sb0012	p01-s03-c0034	c0034	sb0012	125.24	5.666082402852818	22.42964320934108	1.160749346542352	15.61416749746718	1.175169462918252	0.6438538687460326	0.012191890445955715	0.3089193234	0.03325553937340794	0.006666712720000023
p01-s03-c0035-v210-m010-g100-sb0001	p01-s03-c0035	c0035	sb0001	100.0	0.0	34.22869672819486	0.0017935102939256816	22.20680921878165	0.0013467184978078952	0.7671951814630681	1.137802211749675e-05	0.00014506031999999885	1.520167668040344e-05	-1.967832000000197e-05
p01-s03-c0035-v210-m010-g100-sb0002	p01-s03-c0035	c0035	sb0002	100.0	0.0	34.22512832919931	0.002064068744132598	22.203335187232852	0.0016132715873569212	0.7671725422243237	1.3095829460849072e-05	0.00015517612000000273	1.3986785268551886e-05	2.7272000000020226e-06
p01-s03-c0035-v210-m010-g100-sb0003	p01-s03-c0035	c0035	sb0003	100.0	0.0	34.22942392675932	0.0017932042829854455	22.207327545560684	0.0016150943366385112	0.7671997947701286	1.1375889871086507e-05	0.00015666263999999312	1.0880946407591675e-05	3.5154400000017073e-06
p01-s03-c0035-v210-m010-g100-sb0004	p01-s03-c0035	c0035	sb0004	100.0	0.0	34.22811658715903	0.00136525644907747	22.206474983670546	0.0015335711006392442	0.7671915011334021	8.661359004106808e-06	0.0001605761599999993	1.605773977457052e-05	-6.288399999989584e-06
p01-s03-c0035-v210-m010-g100-sb0005	p01-s03-c0035	c0035	sb0005	100.0	0.0	34.22900028211654	0.0021537860384488426	22.206859885996312	0.0014307525414064912	0.7671971070749146	1.366342586634169e-05	0.0001578712400000012	1.6040035846009363e-05	4.2680800000061115e-06
p01-s03-c0035-v210-m010-g100-sb0006	p01-s03-c0035	c0035	sb0006	100.0	0.0	34.22686384038815	0.0019480324382469881	22.20541854845621	0.0012195713172785006	0.7671835532381256	1.235873779717679e-05	0.00013946152000000322	1.7051713253129762e-05	6.5643200000036275e-06
p01-s03-c0035-v210-m010-g100-sb0007	p01-s03-c0035	c0035	sb0007	100.0	0.0	34.22595746305432	0.0014362327802176157	22.204660642804274	0.0010746473694674223	0.7671778029432573	9.112207283490131e-06	0.00015345383999999652	1.8806620813503163e-05	-1.5812800000002906e-05
p01-s03-c0035-v210-m010-g100-sb0008	p01-s03-c0035	c0035	sb0008	100.0	0.0	34.22813655178261	0.003043790167314704	22.205963252001442	0.0024954926473990248	0.7671916271191663	1.9310265498853994e-05	0.00017192721999999467	1.727956363452284e-05	1.0068359999997626e-05
p01-s03-c0035-v210-m010-g100-sb0009	p01-s03-c0035	c0035	sb0009	100.0	0.0	34.22823352385137	0.0024235200184349187	22.206764019972773	0.0021750847812807197	0.7671922426282769	1.5374894478967094e-05	0.00015591463999999655	2.0168983483699655e-05	1.0915599999999134e-05
p01-s03-c0035-v210-m010-g100-sb0010	p01-s03-c0035	c0035	sb0010	100.0	0.0	34.225474864128806	0.002009691138740934	22.20478350489702	0.0014791822356270122	0.767174740884075	1.2750448610386223e-05	0.00014948679999999856	1.4422300967034787e-05	1.124800000063507e-07
p01-s03-c0035-v210-m010-g100-sb0011	p01-s03-c0035	c0035	sb0011	100.0	0.0	34.22569986846843	0.001801344319812455	22.204465592992165	0.0009633875164546959	0.7671761685159558	1.1428905972766068e-05	0.0001748953800000028	1.646342035146357e-05	-6.436599999994828e-06
p01-s03-c0035-v210-m010-g100-sb0012	p01-s03-c0035	c0035	sb0012	100.0	0.0	34.22797773670005	0.002183083189573581	22.206012799404323	0.0014616203585267405	0.7671906199842462	1.3849595694250389e-05	0.00015780742000000118	1.843808630679215e-05	1.5746600000004943e-05
p01-s03-c0036-v210-m010-g100-sb0001	p01-s03-c0036	c0036	sb0001	102.0	1.3401187885209798	34.22972991050889	0.0015284029266999688	22.207225995541304	0.0011545911550887571	0.7639368298223878	0.002171080276334206	0.00015859565999999463	1.8232852900247767e-05	-2.0175720000003455e-05
p01-s03-c0036-v210-m010-g100-sb0002	p01-s03-c0036	c0036	sb0002	100.1	0.30304576336566325	34.22540572261878	0.0021293681570966993	22.20385515949468	0.0015181246848870748	0.7670088976386985	0.0005021095435389999	0.00016419018000000572	1.3958615748704421e-05	-1.054227999999481e-05
p01-s03-c0036-v210-m010-g100-sb0003	p01-s03-c0036	c0036	sb0003	100.96	0.4932193286180591	34.227518102344355	0.002160704588280616	22.20594252631929	0.0014042791455289364	0.7656021249710687	0.0008161378395737284	0.00014107031999999834	1.0939533158788343e-05	4.779760000006344e-06
p01-s03-c0036-v210-m010-g100-sb0004	p01-s03-c0036	c0036	sb0004	100.12	0.38544964466377263	34.22767230337447	0.0017167960594659548	22.206303688430552	0.0014440414773859633	0.7669906574921292	0.0006335599619635864	0.00015790009999999785	1.9661383197390442e-05	-2.2435719999992147e-05
p01-s03-c0036-v210-m010-g100-sb0005	p01-s03-c0036	c0036	sb0005	100.14	0.35050983275386566	34.22768662853064	0.001522966735934717	22.206181413338168	0.0016113534386075115	0.7669572029530494	0.0005810573226234865	0.0001561445000000046	1.4614420360013887e-05	1.3199079999998224e-05
p01-s03-c0036-v210-m010-g100-sb0006	p01-s03-c0036	c0036	sb0006	100.5	0.5050762722761054	34.226477606404714	0.0016487554311282275	22.205040641833076	0.0010434230694328812	0.7663540695570393	0.0008343303425634249	0.00013598628000000123	1.4132923358407888e-05	1.8080000000045065e-08
p01-s03-c0036-v210-m010-g100-sb0007	p01-s03-c0036	c0036	sb0007	100.3	0.4629100498862757	34.22758831412254	0.001193139040473629	22.205550056487155	0.0008210440252135219	0.7666919280717319	0.0007679498018745927	0.00015569984000000098	1.7006496359418268e-05	-1.1729760000001851e-05
p01-s03-c0036-v210-m010-g100-sb0008	p01-s03-c0036	c0036	sb0008	100.32	0.4712120714991612	34.227901719409395	0.0022595308997542312	22.20620444605988	0.0019784774082423407	0.7666608228766176	0.0007714695720541893	0.0001599068599999996	1.2323070441349887e-05	4.022519999999721e-06
p01-s03-c0036-v210-m010-g100-sb0009	p01-s03-c0036	c0036	sb0009	100.86	0.6064281507654607	34.22621860758887	0.0011968761647149137	22.205085042332684	0.001697275342467786	0.7657597636845989	0.0009969562984234444	0.00015386704000000078	1.486170826827908e-05	2.4077599999983244e-06
p01-s03-c0036-v210-m010-g100-sb0010	p01-s03-c0036	c0036	sb0010	100.22	0.4184519575964803	34.226251898426085	0.001666743115784373	22.205257875354263	0.001017819744851748	0.7668157822663194	0.0006976219600705303	0.0001654699599999977	1.7610311933823297e-05	6.563759999999279e-06
p01-s03-c0036-v210-m010-g100-sb0011	p01-s03-c0036	c0036	sb0011	100.16	0.3703280399090206	34.22757764039634	0.001715809684442532	22.205641522939036	0.0014903892439979847	0.7669234283543251	0.0006115938647769847	0.00016013060000000273	1.2626264799044282e-05	4.9979199999995695e-06
p01-s03-c0036-v210-m010-g100-sb0012	p01-s03-c0036	c0036	sb0012	100.0	0.0	34.22814468968888	0.0014279826664035252	22.206245885120303	0.0008978832231867403	0.7671916794032121	9.059103904382237e-06	0.00014699059999999915	1.763491967891061e-05	7.836880000000655e-06
p01-s03-c0037-v210-m010-g100-sb0001	p01-s03-c0037	c0037	sb0001	100.0	0.0	34.238691061814855	0.01731913121500615	22.2178766135768	0.012837998367884771	0.767258549440309	0.00010984405689874895	0.001221907520000001	0.0001338836583963895	-0.00011598823999999668
p01-s03-c0037-v210-m010-g100-sb0002	p01-s03-c0037	c0037	sb0002	100.0	0.0	34.198728095672294	0.0136368158215917	22.179836482218672	0.011020530291943912	0.7670049602152499	8.658135469593029e-05	0.0012831415400000018	0.00010006777040773746	-1.4478679999995825e-05
p01-s03-c0037-v210-m010-g100-sb0003	p01-s03-c0037	c0037	sb0003	100.0	0.0	34.24312008121942	0.019962566599684754	22.218168998907966	0.014604095743948166	0.7672866282366299	0.00012658980718451422	0.001280684279999997	8.988900341521901e-05	2.315120000005288e-06
p01-s03-c0037-v210-m010-g100-sb0004	p01-s03-c0037	c0037	sb0004	100.0	0.0	34.223183712338546	0.008033470078764284	22.205291413760452	0.009249460475054164	0.76716019844033	5.0971380656522345e-05	0.0012660728399999965	0.00013604474227814112	6.689584000000703e-05
p01-s03-c0037-v210-m010-g100-sb0005	p01-s03-c0037	c0037	sb0005	100.0	0.0	34.23723590177379	0.0178929988846621	22.213860844455038	0.009223614370468682	0.7672493185518219	0.00011348446611585438	0.0013317485200000023	0.00014193170085862377	4.588080000004916e-06
p01-s03-c0037-v210-m010-g100-sb0006	p01-s03-c0037	c0037	sb0006	100.0	0.0	34.21800584639731	0.017682736187084314	22.198059122296044	0.01051464066035032	0.7671273196754385	0.00011220162555857299	0.0012337830000000026	0.0001512751903347573	3.920240000000611e-05
p01-s03-c0037-v210-m010-g100-sb0007	p01-s03-c0037	c0037	sb0007	100.0	0.0	34.20753948619554	0.015300300081207786	22.193300079390575	0.01165119966887852	0.7670608971853216	9.712645419622733e-05	0.0012905468599999958	0.0001507486187065027	-0.00017850587999999846
p01-s03-c0037-v210-m010-g100-sb0008	p01-s03-c0037	c0037	sb0008	100.0	0.0	34.2383821484026	0.0216318822619439	22.2097371030507	0.01607610850212818	0.767256575007273	0.00013719222099420678	0.0013723258799999958	0.00015831483767488654	0.00022202767999999888
p01-s03-c0037-v210-m010-g100-sb0009	p01-s03-c0037	c0037	sb0009	100.0	0.0	34.23358832526078	0.014429265195461219	22.215074088160492	0.011739162017915798	0.7672261929821373	9.15266740553465e-05	0.001235373479999998	0.00016521716576085486	8.585912000000102e-05
p01-s03-c0037-v210-m010-g100-sb0010	p01-s03-c0037	c0037	sb0010	100.0	0.0	34.20481010798026	0.014675124135968975	22.19555837540733	0.012437783811282183	0.7670435722829317	9.315193274251298e-05	0.0011774159200000007	0.00011023587996781657	4.2329279999999336e-05
p01-s03-c0037-v210-m010-g100-sb0011	p01-s03-c0037	c0037	sb0011	100.0	0.0	34.20882863312687	0.014994833060386528	22.190564730266306	0.009948873207055973	0.7670690812952072	9.51838299040963e-05	0.0013534161000000042	0.00010743952010303011	7.681236000000365e-05
p01-s03-c0037-v210-m010-g100-sb0012	p01-s03-c0037	c0037	sb0012	100.0	0.0	34.22417938771421	0.017231528416006944	22.202468249917775	0.012424105032915694	0.767166494829363	0.00010933779926383204	0.0012650171599999983	0.00017386347875852283	0.0001775123200000088
p01-s03-c0038-v210-m010-g100-sb0001	p01-s03-c0038	c0038	sb0001	105.12	2.6158075195992225	34.249024097937806	0.01477139209726717	22.22223730361233	0.009834596366091075	0.7591625367034637	0.003960977461297398	0.0013278678399999948	0.00016955643388274827	-0.00023387055999999793
p01-s03-c0038-v210-m010-g100-sb0002	p01-s03-c0038	c0038	sb0002	105.32	2.0247448818887515	34.20164676441611	0.0142116011873167	22.18511793649962	0.007965401426096889	0.758528264631752	0.003069989192304322	0.0012725767200000015	0.00010119221420603377	-3.713831999999843e-05
p01-s03-c0038-v210-m010-g100-sb0003	p01-s03-c0038	c0038	sb0003	105.56	1.7975039382886662	34.2234889149885	0.028636272882984017	22.2053247757661	0.020627091158908054	0.7582862452768556	0.002888263254741517	0.0011556308999999987	8.499405780243899e-05	-8.345427999999536e-05
p01-s03-c0038-v210-m010-g100-sb0004	p01-s03-c0038	c0038	sb0004	104.4	2.1189138534559038	34.217935091917795	0.012971331113184702	22.201101801246114	0.008602411822770903	0.7600675742519178	0.003283286025091461	0.0012546940399999992	0.00012923698683046952	-7.739016000000358e-05
p01-s03-c0038-v210-m010-g100-sb0005	p01-s03-c0038	c0038	sb0005	104.04	1.2771140936358292	34.229558718620275	0.0119809065172661	22.211223233966574	0.011274063349366974	0.7606761479395832	0.002010350133179179	0.0012766364400000035	0.0001532229536346845	0.00017521311999999585
p01-s03-c0038-v210-m010-g100-sb0006	p01-s03-c0038	c0038	sb0006	104.7	1.6933242273042426	34.216772748976354	0.010924632250226447	22.197398377444284	0.006486348886778609	0.7595742144960081	0.002640768911570096	0.0011342868600000035	9.117260844045743e-05	9.174468000000026e-05
p01-s03-c0038-v210-m010-g100-sb0007	p01-s03-c0038	c0038	sb0007	103.82	1.3200185527453152	34.22851503337001	0.012994037544412642	22.204154578565948	0.008678419670015864	0.7610175490377677	0.0020799908787015667	0.00129505926	0.00012306446145685416	-7.847563999999804e-05
p01-s03-c0038-v210-m010-g100-sb0008	p01-s03-c0038	c0038	sb0008	103.9	1.9086270308410553	34.23346401644625	0.0124325104461567	22.211245752258606	0.010610217018720735	0.7609424143541671	0.002968641395977428	0.00121636522	9.811348698782328e-05	4.564679999996503e-06
p01-s03-c0038-v210-m010-g100-sb0009	p01-s03-c0038	c0038	sb0009	104.32	1.5042796092672208	34.212895572205795	0.009241184352772285	22.195028878890362	0.012523751893050637	0.760138144956316	0.0023640638873806473	0.0012623228200000023	0.0001305152378736355	5.02398799999994e-05
p01-s03-c0038-v210-m010-g100-sb0010	p01-s03-c0038	c0038	sb0010	103.8	1.1065666703449764	34.21031410821961	0.017715172207161334	22.200206137203317	0.010591608822004356	0.7609291468251124	0.0017745664065882385	0.001319193379999998	0.00011904277794084322	2.1198280000000016e-05
p01-s03-c0038-v210-m010-g100-sb0011	p01-s03-c0038	c0038	sb0011	106.88	1.912792594664691	34.23015524173501	0.01229394433554187	22.203046722350635	0.011162562960425207	0.7563137006111239	0.002878006380698633	0.001236866800000002	9.306722622526786e-05	6.942800000000462e-05
p01-s03-c0038-v210-m010-g100-sb0012	p01-s03-c0038	c0038	sb0012	104.72	1.818723481467377	34.227671084229875	0.00956086428246381	22.20603482696662	0.0074375601704410686	0.7596159649888606	0.002812739413548093	0.0011771581399999968	0.00013873814801007524	5.6372439999994185e-05
p01-s03-c0039-v210-m010-g100-sb0001	p01-s03-c0039	c0039	sb0001	100.0	0.0	34.273794751811394	0.1639917874285496	22.29840964313166	0.12216997218856149	0.767478656685945	0.0010400126286228804	0.0123606433	0.0012189090436722867	-0.0008059248400000031
p01-s03-c0039-v210-m010-g100-sb0002	p01-s03-c0039	c0039	sb0002	100.0	0.0	33.993853559630494	0.10980953345950108	22.003586090191817	0.10551211501633898	0.7656990866709096	0.0007027057882888517	0.012310932500000003	0.0007874185103649503	0.0003029898800000052
p01-s03-c0039-v210-m010-g100-sb0003	p01-s03-c0039	c0039	sb0003	100.0	0.0	34.355098910679835	0.22449052949362722	22.321486173517773	0.16292891392839343	0.7679910594561064	0.0014186857083664246	0.012494901419999998	0.0012689058252669692	-0.00021225235999999988
p01-s03-c0039-v210-m010-g100-sb0004	p01-s03-c0039	c0039	sb0004	100.0	0.0	34.161919896416265	0.07735059591173911	22.215571663569662	0.07433786592114291	0.7667705889073503	0.0004920774030828745	0.012277146859999997	0.0015450120947220706	0.0003195180400000063
p01-s03-c0039-v210-m010-g100-sb0005	p01-s03-c0039	c0039	sb0005	100.0	0.0	34.223433004901544	0.1976894070482048	22.220913447892375	0.10833293403457264	0.7671582342242433	0.0012547351518179912	0.013279058920000001	0.001089478145078657	-0.00036679880000000005
p01-s03-c0039-v210-m010-g100-sb0006	p01-s03-c0039	c0039	sb0006	100.0	0.0	34.19286761387841	0.15895333907265632	22.172612699689466	0.11246311140954111	0.766965456991244	0.0010114302811372322	0.012428616480000002	0.0014204045154047557	0.0012709508000000036
p01-s03-c0039-v210-m010-g100-sb0007	p01-s03-c0039	c0039	sb0007	100.0	0.0	34.10468130332067	0.15090712304544981	22.15725574178651	0.11534190049525439	0.766404912930719	0.0009613891807899897	0.012858318099999997	0.0013911196561771735	-0.001050240199999995
p01-s03-c0039-v210-m010-g100-sb0008	p01-s03-c0039	c0039	sb0008	100.0	0.0	34.151837323958695	0.1877276348495309	22.1600283635732	0.1458808858272784	0.7667038166818695	0.0011949912344204913	0.013476745199999996	0.0014075467087835145	0.0019771232
p01-s03-c0039-v210-m010-g100-sb0009	p01-s03-c0039	c0039	sb0009	100.0	0.0	34.27218550969708	0.13678212861689495	22.2724107208747	0.11139694953584275	0.7674692081100938	0.0008655061410032334	0.012109118879999999	0.0010689460696512597	-0.0001798286399999991
p01-s03-c0039-v210-m010-g100-sb0010	p01-s03-c0039	c0039	sb0010	100.0	0.0	33.985084562970655	0.11951259878409615	22.069150876480407	0.10722034371296353	0.7656428621090252	0.000763407392371768	0.012291474459999998	0.0011975639156305519	-0.00048768764000000145
p01-s03-c0039-v210-m010-g100-sb0011	p01-s03-c0039	c0039	sb0011	100.0	0.0	34.0028579524648	0.13090327719740769	22.045375641068723	0.12411480276256265	0.7657561329588767	0.0008362357990332547	0.013139583000000003	0.0008841114555826144	2.7283600000004016e-05
p01-s03-c0039-v210-m010-g100-sb0012	p01-s03-c0039	c0039	sb0012	100.0	0.0	34.23520744900726	0.1545541943238742	22.17643983757814	0.10892353723367093	0.7672343141775407	0.0009800382708835698	0.012508195059999998	0.0015823292599803178	0.001997060040000007
p01-s03-c0040-v210-m010-g100-sb0001	p01-s03-c0040	c0040	sb0001	153.74	7.991858101741256	34.366289492599314	0.1664322016038307	22.341421215530776	0.10849865028354064	0.7027110157867305	0.006905728226166143	0.013471206719999997	0.0018406918929687746	-0.0027759753599999985
p01-s03-c0040-v210-m010-g100-sb0002	p01-s03-c0040	c0040	sb0002	148.32	6.831619164456057	33.946751090968554	0.10167349908912326	22.03280196675499	0.054997868281636796	0.7052467246437623	0.006183869409718761	0.012473528300000003	0.0009421701894028261	-0.0006943870799999974
p01-s03-c0040-v210-m010-g100-sb0003	p01-s03-c0040	c0040	sb0003	150.26	8.625567121254422	34.17693819589524	0.2415155357063319	22.177003695045823	0.18326277702372237	0.7048810564030351	0.008701059906385923	0.011540575260000002	0.0008847283950025494	0.0006372060400000028
p01-s03-c0040-v210-m010-g100-sb0004	p01-s03-c0040	c0040	sb0004	157.6	6.347102826149446	34.128175359229814	0.1491440529627171	22.151580619457246	0.10095358084648537	0.6977868151388685	0.0048392347642702204	0.01265776066	0.0014316537430778887	0.0005876849199999996
p01-s03-c0040-v210-m010-g100-sb0005	p01-s03-c0040	c0040	sb0005	152.4	4.2185208743524	34.154177029341916	0.12489977785881176	22.19423120083512	0.11094923239848746	0.7025248321476439	0.003945806844461073	0.012874139080000003	0.0010941173623099263	0.0007730082400000012
p01-s03-c0040-v210-m010-g100-sb0006	p01-s03-c0040	c0040	sb0006	160.8	4.981598792617913	34.13434760273035	0.11534577191710302	22.14252656082152	0.06873389486492379	0.6950078547218227	0.0041388422863785366	0.01114537318	0.0009276814085636718	0.0009347715599999987
p01-s03-c0040-v210-m010-g100-sb0007	p01-s03-c0040	c0040	sb0007	154.22	7.5031693983548156	34.071258889734146	0.11632709209154048	22.136908848539605	0.10769705973122351	0.7005272086386456	0.0063099587827165	0.01268851882	0.0013555513877513004	-0.0009516275599999995
p01-s03-c0040-v210-m010-g100-sb0008	p01-s03-c0040	c0040	sb0008	157.1	6.158617655657106	34.30125857295741	0.10725289584231944	22.25666067398527	0.09800361817081908	0.6992322490336135	0.005639006633618599	0.0120775061	0.0010708654501104882	0.0006173529200000014
p01-s03-c0040-v210-m010-g100-sb0009	p01-s03-c0040	c0040	sb0009	152.1	4.500566857720961	34.030168081611826	0.1664720428373884	22.043465053015783	0.13488803499272234	0.7020873727502093	0.004546319792659884	0.01321558188	0.0010792440149555473	0.00019320839999999867
p01-s03-c0040-v210-m010-g100-sb0010	p01-s03-c0040	c0040	sb0010	148.76	6.222277291625434	34.14096016079151	0.16014678328755552	22.150610865038114	0.11911598130998038	0.7059408141863548	0.006251371651969369	0.013437057339999996	0.0010941574717314776	-0.0009190055600000017
p01-s03-c0040-v210-m010-g100-sb0011	p01-s03-c0040	c0040	sb0011	155.48	5.055770596707352	34.208265991871336	0.15313297360717276	22.188264943981967	0.12070720007135008	0.7000798941096421	0.00446692302724184	0.012476994240000006	0.0013885201399958694	0.0014816196800000042
p01-s03-c0040-v210-m010-g100-sb0012	p01-s03-c0040	c0040	sb0012	155.26	7.244448965678931	34.22417305713398	0.10055679241463762	22.17809487299251	0.06408610576275775	0.7004720448238128	0.006396080307468753	0.012231680159999996	0.0012840790360490704	0.001207071359999999
p01-s03-c0041-v210-m010-g100-sb0001	p01-s03-c0041	c0041	sb0001	100.0	0.0	31.72602692904418	1.0435296402598528	21.602126577767635	0.8678920452087601	0.7505939061382585	0.007088090295737149	0.1155599717	0.016245583042987944	-0.010561394759999995
p01-s03-c0041-v210-m010-g100-sb0002	p01-s03-c0041	c0041	sb0002	100.0	0.0	30.011689461674205	1.26796867190897	20.033658709348405	1.0247310841418031	0.7384527850498988	0.009266608888743286	0.11526582848	0.0105622527153212	-0.005641629440000004
p01-s03-c0041-v210-m010-g100-sb0003	p01-s03-c0041	c0041	sb0003	100.0	0.0	32.52891782325753	1.0790413782004418	21.939618351631225	0.739219517153192	0.7560172918518806	0.007223789167365654	0.11827201958	0.011165897575593785	-0.00903509508
p01-s03-c0041-v210-m010-g100-sb0004	p01-s03-c0041	c0041	sb0004	100.0	0.0	33.247132436155226	0.7814249300757191	22.1672334567179	0.8088901164237166	0.7608182186401558	0.005110684694429249	0.11588282396	0.013283257913514543	0.0021422403199999884
p01-s03-c0041-v210-m010-g100-sb0005	p01-s03-c0041	c0041	sb0005	100.0	0.0	31.79471733109421	1.1867237662303065	21.43319662513967	1.0252905960534358	0.7510290307357966	0.008114480927641436	0.13425635230000002	0.01591290762655351	-0.02568149035999999
p01-s03-c0041-v210-m010-g100-sb0006	p01-s03-c0041	c0041	sb0006	100.0	0.0	32.02802734965829	1.3563456896675763	21.665876871993007	1.3394491094751884	0.7525708706094503	0.009320598746576711	0.11563164329999999	0.011274055475971542	0.015011442279999995
p01-s03-c0041-v210-m010-g100-sb0007	p01-s03-c0041	c0041	sb0007	100.0	0.0	30.775356931321877	1.13818642505553	20.82614115652448	0.8812608903561219	0.7439548879893004	0.008077785600457448	0.1255057625	0.010574685466783074	0.011294613080000002
p01-s03-c0041-v210-m010-g100-sb0008	p01-s03-c0041	c0041	sb0008	100.0	0.0	31.822801840436764	0.8242093737523806	21.191222232464643	0.8663314901814945	0.7512974689506184	0.005646006102195837	0.11240210054000001	0.007197050046368464	0.00027447532000000885
p01-s03-c0041-v210-m010-g100-sb0009	p01-s03-c0041	c0041	sb0009	100.0	0.0	33.05558615674105	1.2414913010099602	22.45815186448341	0.9553078980758068	0.7594732301124172	0.008119551465863973	0.12198405316000001	0.01735464117483127	-0.0031100695199999945
p01-s03-c0041-v210-m010-g100-sb0010	p01-s03-c0041	c0041	sb0010	100.0	0.0	31.568554115560946	1.4713222535968928	20.907778559484132	1.0804701466781015	0.7494000056478441	0.009997641809894858	0.11828707162	0.011261900714439324	0.007684148119999998
p01-s03-c0041-v210-m010-g100-sb0011	p01-s03-c0041	c0041	sb0011	100.0	0.0	30.92898986005405	0.7287847872257212	20.873611778460354	0.7911342773423975	0.7451235867015078	0.005130330753858584	0.11349177802	0.009373173613610926	0.002148825960000003
p01-s03-c0041-v210-m010-g100-sb0012	p01-s03-c0041	c0041	sb0012	100.0	0.0	33.0494583281064	1.926118524961227	21.867647339098745	1.4840780051362292	0.7592153867765363	0.012798252269955518	0.11600647598	0.015226205290950614	0.021989862519999973
p01-s03-c0042-v210-m010-g100-sb0001	p01-s03-c0042	c0042	sb0001	130.04	4.49925163845305	32.79851493066317	1.53680075827778	21.81489958951698	1.33285573101553	0.7169328998303176	0.011013420887114734	0.11908910794000001	0.010680360611737369	-0.004034648439999983
p01-s03-c0042-v210-m010-g100-sb0002	p01-s03-c0042	c0042	sb0002	131.62	4.3513544689309915	30.184350521134988	1.2029918857725044	20.051798504623374	0.9286675923480626	0.6981904135310683	0.009956136845962884	0.12836095428	0.012448644684972613	-0.0022114895199999984
p01-s03-c0042-v210-m010-g100-sb0003	p01-s03-c0042	c0042	sb0003	130.5	3.8345901518484427	32.39244031079874	1.4323974874371685	21.69350890059958	1.308978531451643	0.7138468859092357	0.010371284716849899	0.11195493376	0.00731767169658399	-0.0004794120000000124
p01-s03-c0042-v210-m010-g100-sb0004	p01-s03-c0042	c0042	sb0004	130.22	4.362596119051038	32.219614576057296	1.3669836905247572	21.75892134926627	1.126949201362392	0.7130944609573205	0.009456575453463536	0.11953328028	0.00827606533348507	0.00024983215999999087
p01-s03-c0042-v210-m010-g100-sb0005	p01-s03-c0042	c0042	sb0005	130.08	5.306291991011949	30.017671870531814	1.3225951820371211	20.2727768997797	1.0301969962555488	0.6987825418844676	0.01228095087214327	0.11633750576	0.01323076490654764	0.01758503536000003
p01-s03-c0042-v210-m010-g100-sb0006	p01-s03-c0042	c0042	sb0006	130.94	4.867258374242388	31.76027302750786	1.0734852291080803	21.143444349253965	0.8734588220812496	0.7094496961156321	0.009594882515298431	0.11342406154	0.00985316428875431	0.005256139320000006
p01-s03-c0042-v210-m010-g100-sb0007	p01-s03-c0042	c0042	sb0007	131.6	5.107017980491279	30.855740114457948	1.0648889967917616	20.467026353272278	0.6944063226531281	0.7027981574476686	0.009290795999591966	0.12898126842	0.018427606025857468	0.027785424120000027
p01-s03-c0042-v210-m010-g100-sb0008	p01-s03-c0042	c0042	sb0008	129.92	4.270640156573576	30.881557631909313	0.8626194485663827	20.90988225882386	0.7719725037447615	0.7048251961611292	0.007788820088742564	0.11777325966000002	0.010932496571488835	0.0066171182800000145
p01-s03-c0042-v210-m010-g100-sb0009	p01-s03-c0042	c0042	sb0009	130.52	5.171507497424553	31.952582629003565	0.7152770250164135	21.48589599171458	0.7716359672357952	0.7112301804310619	0.0073021473000590646	0.11842180106000001	0.01051823137134681	-0.0036317061200000084
p01-s03-c0042-v210-m010-g100-sb0010	p01-s03-c0042	c0042	sb0010	130.68	4.220648949038573	32.296459700479325	0.9473825120094157	21.764139450252102	0.7284980904262685	0.7131695022354952	0.008599102741711537	0.10753642236000001	0.010524038129401954	0.013236029200000013
p01-s03-c0042-v210-m010-g100-sb0011	p01-s03-c0042	c0042	sb0011	131.36	4.839294939369172	31.646773947720877	0.8954925267572539	21.361866592449115	0.7661583768065254	0.7082688366234325	0.0077061314984778785	0.11578437674	0.010911347793672754	-0.004662970120000012
p01-s03-c0042-v210-m010-g100-sb0012	p01-s03-c0042	c0042	sb0012	130.66	5.622876016228488	32.848510690682474	1.1916145599580594	21.22325259102297	1.1432405461018729	0.7166977995325777	0.009758112200251383	0.11795745178	0.010324435672241871	0.00011055796000002116
p01-s03-c0043-v210-m010-g100-sb0001	p01-s03-c0043	c0043	sb0001	100.0	0.0	34.227536925666776	0.0010303546502705037	22.205914798013634	0.0009463207674080836	0.7671878237337022	6.536824025501615e-06	9.23456599999973e-05	9.003030429964531e-06	-1.978039999999312e-06
p01-s03-c0043-v210-m010-g100-sb0002	p01-s03-c0043	c0043	sb0002	100.0	0.0	34.2277271935017	0.0013959961172948139	22.20574786091916	0.0012292468870334981	0.7671890307519831	8.856383769609742e-06	0.00010546050000000364	9.759359169429769e-06	4.642040000012309e-06
p01-s03-c0043-v210-m010-g100-sb0003	p01-s03-c0043	c0043	sb0003	100.0	0.0	34.22820352661034	0.001014754440470507	22.2061034182461	0.0009261794788397089	0.7671920527626804	6.437684331015511e-06	0.00010175209999999925	8.908933292959339e-06	8.446040000004618e-06
p01-s03-c0043-v210-m010-g100-sb0004	p01-s03-c0043	c0043	sb0004	100.0	0.0	34.22894537403387	0.0012532911228257803	22.206962104846134	0.0009913351372677333	0.7671967590188451	7.950953339917219e-06	0.00010175137999999654	8.158939281521499e-06	-7.72459999998658e-06
p01-s03-c0043-v210-m010-g100-sb0005	p01-s03-c0043	c0043	sb0005	100.0	0.0	34.22850896521871	0.001193173502353028	22.206477845410433	0.0008544292181946058	0.7671939904521827	7.569510664591329e-06	9.481300000000499e-05	9.350902366148942e-06	-8.090559999999211e-06
p01-s03-c0043-v210-m010-g100-sb0006	p01-s03-c0043	c0043	sb0006	100.0	0.0	34.22805015734305	0.0012830322452853213	22.206138563951985	0.0009012711438441798	0.7671910797141177	8.139775563554628e-06	9.591388000000058e-05	1.164377603672732e-05	-6.828319999999788e-06
p01-s03-c0043-v210-m010-g100-sb0007	p01-s03-c0043	c0043	sb0007	100.0	0.0	34.22796755469964	0.0012662596973696022	22.20596834833378	0.0008608893034713485	0.7671905556753578	8.033505843346628e-06	9.716166000000015e-05	7.638795261381915e-06	-1.5245999999991688e-06
p01-s03-c0043-v210-m010-g100-sb0008	p01-s03-c0043	c0043	sb0008	100.0	0.0	34.226977215641895	0.0012794388048888543	22.20524399258833	0.0011060566372102416	0.7671842727253326	8.117212374368534e-06	9.545219999999917e-05	8.271251641334715e-06	-8.302720000001314e-06
p01-s03-c0043-v210-m010-g100-sb0009	p01-s03-c0043	c0043	sb0009	100.0	0.0	34.22754700695351	0.0015679082850579527	22.205890176237535	0.00130436367313127	0.7671878875648049	9.94713290383915e-06	0.00010556569999999804	1.0933556243631685e-05	4.8121999999986255e-06
p01-s03-c0043-v210-m010-g100-sb0010	p01-s03-c0043	c0043	sb0010	100.0	0.0	34.22777156614334	0.0012446042029559748	22.20566017015887	0.000843266399283712	0.7671893122966209	7.896091232776691e-06	9.866017999999914e-05	1.0453577941704432e-05	-4.712759999999936e-06
p01-s03-c0043-v210-m010-g100-sb0011	p01-s03-c0043	c0043	sb0011	100.0	0.0	34.227685336853256	0.0010162060685170867	22.20632930093929	0.0009217010223717437	0.7671887652884487	6.447016791411165e-06	0.00010996766000000209	9.352285894554856e-06	-6.375319999998226e-06
p01-s03-c0043-v210-m010-g100-sb0012	p01-s03-c0043	c0043	sb0012	100.0	0.0	34.22827254713322	0.0009855124966849707	22.206380034048202	0.0006123623041053365	0.7671924906408418	6.252174919564957e-06	0.00010057404000000411	1.067490008930899e-05	-8.12655999999532e-06
p01-s03-c0044-v210-m010-g100-sb0001	p01-s03-c0044	c0044	sb0001	100.94	0.8184106049944287	34.2274926835423	0.0008590960775026637	22.205616466130138	0.0008071429625021313	0.7656397032626501	0.0013450237077067767	9.142647999999835e-05	8.435199745380409e-06	-5.672799999999076e-07
p01-s03-c0044-v210-m010-g100-sb0002	p01-s03-c0044	c0044	sb0002	100.34	0.5194188275056526	34.227882386218916	0.0015707116801552633	22.205644898676983	0.0012713717557123522	0.7666280849649162	0.000850274644820258	0.00010565796000000242	6.976336120903583e-06	-4.003279999989403e-06
p01-s03-c0044-v210-m010-g100-sb0003	p01-s03-c0044	c0044	sb0003	101.44	1.540739287167173	34.22834067519349	0.0008702908954758574	22.206358928372264	0.0006242275082893708	0.764845131651882	0.002502245574858379	0.00010156849999999849	1.1191027012836495e-05	7.771720000005286e-06
p01-s03-c0044-v210-m010-g100-sb0004	p01-s03-c0044	c0044	sb0004	100.5	0.7071067811865476	34.2284918052346	0.0015231836523213534	22.206626072352893	0.0011615928754562907	0.7663696299646924	0.0011617641949188287	0.00010050451999999863	8.6326241883405e-06	-5.6081599999929685e-06
p01-s03-c0044-v210-m010-g100-sb0005	p01-s03-c0044	c0044	sb0005	100.36	0.5252793231671495	34.2278874238792	0.0007222274252830391	22.205931699840647	0.0006309296162586908	0.7665950451621089	0.0008688605078628643	8.804742000000288e-05	9.250353725370303e-06	-1.1138680000000902e-05
p01-s03-c0044-v210-m010-g100-sb0006	p01-s03-c0044	c0044	sb0006	100.14	0.35050983275386566	34.2283748414596	0.0011078502657183747	22.206419604878178	0.0007833071007007725	0.7669615646835587	0.000576748727448553	9.798969999999905e-05	1.3346576578942518e-05	-5.775599999953277e-07
p01-s03-c0044-v210-m010-g100-sb0007	p01-s03-c0044	c0044	sb0007	100.4	0.4948716593053935	34.22853097505791	0.00117567818282409	22.206203491378528	0.0007770747766168329	0.766532497627599	0.0008228555178138383	9.640498000000127e-05	7.061754659937267e-06	-5.071080000001313e-06
p01-s03-c0044-v210-m010-g100-sb0008	p01-s03-c0044	c0044	sb0008	100.62	0.5303060340934453	34.22634350850905	0.0012195218376764825	22.204865989211243	0.0011195782031901132	0.7661551993398226	0.000875600941830284	9.804703999999713e-05	6.5820031438860014e-06	-3.2299200000025774e-06
p01-s03-c0044-v210-m010-g100-sb0009	p01-s03-c0044	c0044	sb0009	101.08	1.0659861774958646	34.227329380481244	0.0013276148782812918	22.20596926408947	0.0011644592082343493	0.7654140103137651	0.0017376373153979243	9.814449999999948e-05	1.021469696724415e-05	-5.027599999958549e-07
p01-s03-c0044-v210-m010-g100-sb0010	p01-s03-c0044	c0044	sb0010	100.26	0.44308749769345207	34.22795412536316	0.0012046383292118508	22.20588492926592	0.0007670758663917387	0.7667604073274953	0.0007316513066657816	9.801677999999776e-05	8.700115301347722e-06	-2.4357999999996896e-06
p01-s03-c0044-v210-m010-g100-sb0011	p01-s03-c0044	c0044	sb0011	100.62	0.9233921492109892	34.22744726875248	0.001035289849020328	22.205992508669116	0.0008962908673986219	0.7661686906288672	0.0015147934895050606	0.00010228120000000189	7.44073614692623e-06	-4.86039999999846e-06
p01-s03-c0044-v210-m010-g100-sb0012	p01-s03-c0044	c0044	sb0012	100.06	0.23989793748209523	34.22854401110917	0.0010918487263155408	22.20658622240551	0.0005949231543294688	0.7670949678596855	0.00039806105878861884	9.832062000000174e-05	8.539420070378585e-06	-2.806440000002226e-06
p01-s03-c0045-v210-m010-g100-sb0001	p01-s03-c0045	c0045	sb0001	100.0	0.0	34.22910223888668	0.004433405272218305	22.208254538593355	0.0033724778002385907	0.7671977525193818	2.8125597258072012e-05	0.00040211489999999924	3.150765734026431e-05	1.4960200000005278e-05
p01-s03-c0045-v210-m010-g100-sb0002	p01-s03-c0045	c0045	sb0002	100.0	0.0	34.224906589617305	0.0035012482183117023	22.204197349367067	0.0029802595236889896	0.7671711346281525	2.2213828677069255e-05	0.0003928396600000021	3.163687840364276e-05	-1.546679999995821e-06
p01-s03-c0045-v210-m010-g100-sb0003	p01-s03-c0045	c0045	sb0003	100.0	0.0	34.231350619474796	0.003966521868643294	22.20744144377556	0.003051806368790707	0.7672120159903509	2.5161478106624246e-05	0.00039726904000000267	3.4372004365179675e-05	-9.744399999997812e-06
p01-s03-c0045-v210-m010-g100-sb0004	p01-s03-c0045	c0045	sb0004	100.0	0.0	34.23516441486182	0.004240441779079215	22.21141730722268	0.0033299951154197763	0.7672362073244998	2.6895928752995835e-05	0.0004201918599999958	3.34508951748736e-05	7.628400000078282e-07
p01-s03-c0045-v210-m010-g100-sb0005	p01-s03-c0045	c0045	sb0005	100.0	0.0	34.23206231370287	0.006112154007266856	22.20936973783648	0.0034189848170880265	0.7672165286263167	3.8770226940626904e-05	0.0004137581800000027	3.476809779720785e-05	-1.5854279999996646e-05
p01-s03-c0045-v210-m010-g100-sb0006	p01-s03-c0045	c0045	sb0006	100.0	0.0	34.22732586152013	0.005427932138487445	22.206325207149302	0.003774308464411596	0.7671864821112728	3.443706330908608e-05	0.0004070700800000032	2.2320426516332042e-05	-6.23999999994863e-07
p01-s03-c0045-v210-m010-g100-sb0007	p01-s03-c0045	c0045	sb0007	100.0	0.0	34.22721691092936	0.005865955840338942	22.20648654837129	0.004511105139848555	0.7671857904493511	3.7216268206202857e-05	0.0004289024799999977	3.589689658534504e-05	6.350640000009388e-06
p01-s03-c0045-v210-m010-g100-sb0008	p01-s03-c0045	c0045	sb0008	100.0	0.0	34.226717892099316	0.004978405020583839	22.204009207988797	0.00394387789619234	0.7671826253824883	3.158502178112043e-05	0.00040009277999999954	4.04570279327937e-05	2.0127400000009073e-05
p01-s03-c0045-v210-m010-g100-sb0009	p01-s03-c0045	c0045	sb0009	100.0	0.0	34.22930852841731	0.005347365716743889	22.206706763848025	0.00398874851739229	0.7671990603913216	3.392294791991302e-05	0.00040017780000000026	3.793562664217815e-05	2.6735040000000552e-05
p01-s03-c0045-v210-m010-g100-sb0010	p01-s03-c0045	c0045	sb0010	100.0	0.0	34.2265032314717	0.00588980289805686	22.20376842453451	0.005139952329694592	0.7671812625901377	3.7369004997114234e-05	0.0004053546599999986	3.554653121146393e-05	7.950279999997638e-06
p01-s03-c0045-v210-m010-g100-sb0011	p01-s03-c0045	c0045	sb0011	100.0	0.0	34.230520770105755	0.0027370638436376403	22.208529487059696	0.003407850368786202	0.7672067525091874	1.7363276676546084e-05	0.00043553616000000054	3.495582773424352e-05	1.7364719999996274e-05
p01-s03-c0045-v210-m010-g100-sb0012	p01-s03-c0045	c0045	sb0012	100.0	0.0	34.22978276511595	0.005432967079497781	22.207013305618176	0.0035017719812144863	0.7672020687957389	3.4467856884850063e-05	0.0003888054800000028	3.1458099393296175e-05	1.1808000000500772e-07
p01-s03-c0046-v210-m010-g100-sb0001	p01-s03-c0046	c0046	sb0001	107.4	2.1570955529345	34.228494666563755	0.003564707852779302	22.205891820647494	0.00270802035801121	0.7555278032172927	0.0032359997837427316	0.00041852400000000025	3.452248776596221e-05	1.3720800000000216e-05
p01-s03-c0046-v210-m010-g100-sb0002	p01-s03-c0046	c0046	sb0002	105.16	1.7769499206247101	34.226622521042216	0.0032902584230756118	22.203390332557742	0.0018923059144407353	0.7589236125923253	0.002753812648141948	0.00039740902000000235	2.7524456042364783e-05	-3.1664399999923633e-06
p01-s03-c0046-v210-m010-g100-sb0003	p01-s03-c0046	c0046	sb0003	105.28	1.2942573317607	34.232517372431715	0.005811163421546479	22.2094942870091	0.0032323247438273235	0.7587593119477812	0.002005077801182724	0.00040975088000000154	4.3814250348693366e-05	-2.2436000000015856e-06
p01-s03-c0046-v210-m010-g100-sb0004	p01-s03-c0046	c0046	sb0004	104.36	1.6383167070664515	34.22908992179111	0.004567251145348546	22.20701833478636	0.0037402703308554624	0.7601815805589786	0.002568271208983446	0.00040495904000000226	3.503785172740752e-05	9.279600000003027e-06
p01-s03-c0046-v210-m010-g100-sb0005	p01-s03-c0046	c0046	sb0005	105.2	1.4846149779161806	34.22869799953841	0.004251791186431743	22.206290515775585	0.004110220490677745	0.7588643995867705	0.002282280042112412	0.00037976796000000173	3.824595191008409e-05	-3.2478639999999296e-05
p01-s03-c0046-v210-m010-g100-sb0006	p01-s03-c0046	c0046	sb0006	103.56	1.4730227148171704	34.23058337806248	0.003952279527711294	22.20834279034576	0.0030714054135315416	0.7614467415126732	0.002349195868712674	0.00039915263999999956	4.515105353066837e-05	4.6370880000004186e-05
p01-s03-c0046-v210-m010-g100-sb0007	p01-s03-c0046	c0046	sb0007	104.28	2.4162713727846827	34.231505020389456	0.003996389037587158	22.208513070682113	0.003143639100433578	0.7603557657514224	0.003808961600152828	0.00043126669999999853	3.220646598487094e-05	-1.5897799999996438e-05
p01-s03-c0046-v210-m010-g100-sb0008	p01-s03-c0046	c0046	sb0008	102.72	1.9382297835596147	34.220960348976206	0.0040908478252661895	22.201418421149597	0.00322299543183004	0.7627422539980877	0.0030832759331167418	0.0003857683200000009	3.739620142525595e-05	2.61940000000045e-05
p01-s03-c0046-v210-m010-g100-sb0009	p01-s03-c0046	c0046	sb0009	106.52	1.908520101961684	34.226989160349966	0.004212257071680038	22.20595372376291	0.002803089388185579	0.7568404288536739	0.0028916886078121555	0.0003885821600000017	4.499990386219291e-05	-2.6258399999935767e-06
p01-s03-c0046-v210-m010-g100-sb0010	p01-s03-c0046	c0046	sb0010	104.54	1.5146899729930592	34.22866940417347	0.0059274270938199335	22.206727260705975	0.0035192780579541157	0.7598930224636059	0.002387969391029547	0.00037984979999999293	3.1272847095672505e-05	1.1474160000002592e-05
p01-s03-c0046-v210-m010-g100-sb0011	p01-s03-c0046	c0046	sb0011	106.04	2.5149349811046156	34.22987387181938	0.004439271397884468	22.206804416026145	0.003740461887129334	0.7576192001299539	0.0038598242722518205	0.0003756372400000034	3.833105124748196e-05	3.774967999999436e-05
p01-s03-c0046-v210-m010-g100-sb0012	p01-s03-c0046	c0046	sb0012	103.06	1.5832026440872622	34.231407823772614	0.004203344062604043	22.209700221988324	0.0024971458406835264	0.7622505629040495	0.0025205224557119646	0.00041609939999999554	3.814596276067415e-05	2.6473840000002012e-05
p01-s03-c0047-v210-m010-g100-sb0001	p01-s03-c0047	c0047	sb0001	100.0	0.0	34.23308880482107	0.052516243276802856	22.23101124458391	0.03318239548766825	0.767222792987494	0.00033307879902601885	0.003974855240000002	0.00028566288495897655	0.00021904336000000153
p01-s03-c0047-v210-m010-g100-sb0002	p01-s03-c0047	c0047	sb0002	100.0	0.0	34.20230995768859	0.03821474700514661	22.19232326753396	0.025855881340849082	0.7670275864553046	0.00024253960485961048	0.0037152008200000016	0.0002946962550539184	7.560040000006117e-06
p01-s03-c0047-v210-m010-g100-sb0003	p01-s03-c0047	c0047	sb0003	100.0	0.0	34.26885739037427	0.03914251792931269	22.218708198748505	0.02978625439938632	0.7674496731934272	0.0002481499515172012	0.003898244440000004	0.0003114465590601605	-0.00015219111999999896
p01-s03-c0047-v210-m010-g100-sb0004	p01-s03-c0047	c0047	sb0004	100.0	0.0	34.28364314380753	0.04279163068332935	22.250498216345964	0.031788438327516474	0.7675433172245757	0.00027099319903272457	0.0039911039399999956	0.00038385276382304096	0.00012406772
p01-s03-c0047-v210-m010-g100-sb0005	p01-s03-c0047	c0047	sb0005	100.0	0.0	34.25926146139643	0.05040216825528639	22.22579715161109	0.025973850708059697	0.767388768042287	0.00031936912884336904	0.003971867440000002	0.00028497398775113105	4.4789360000000236e-05
p01-s03-c0047-v210-m010-g100-sb0006	p01-s03-c0047	c0047	sb0006	100.0	0.0	34.22927352746586	0.04419047312053104	22.20811488900633	0.03592816563267447	0.7671986635457192	0.00028040830525506564	0.003941449400000003	0.00026226662196011035	-5.572480000000379e-06
p01-s03-c0047-v210-m010-g100-sb0007	p01-s03-c0047	c0047	sb0007	100.0	0.0	34.21550256680781	0.056712611891999096	22.210722394925835	0.045619714076462196	0.7671111693727375	0.0003599355736005712	0.0041866315399999975	0.00037198062561135254	-0.0002442774799999948
p01-s03-c0047-v210-m010-g100-sb0008	p01-s03-c0047	c0047	sb0008	100.0	0.0	34.20948320906488	0.04979846290864884	22.192137242479816	0.03584776589539098	0.767073031332266	0.0003160425697836852	0.004015826699999999	0.00042010504467171467	9.443724000001309e-05
p01-s03-c0047-v210-m010-g100-sb0009	p01-s03-c0047	c0047	sb0009	100.0	0.0	34.252762469825676	0.05208247222521818	22.216048432658457	0.03467338569982004	0.7673475555233021	0.00033009911762986823	0.003842880700000001	0.00036838146456009496	0.00037708540000000023
p01-s03-c0047-v210-m010-g100-sb0010	p01-s03-c0047	c0047	sb0010	100.0	0.0	34.18580809624644	0.060138365448596846	22.174954883721654	0.047722044188500644	0.7669225958043068	0.00038208453675722177	0.004138240679999997	0.0004954641696922919	0.00017114560000000122
p01-s03-c0047-v210-m010-g100-sb0011	p01-s03-c0047	c0047	sb0011	100.0	0.0	34.24850634680743	0.024331810744862483	22.231215214944477	0.034123240298313026	0.7673207641273878	0.00015430693012535802	0.00395989582	0.00029560438757063117	6.427939999999535e-05
p01-s03-c0047-v210-m010-g100-sb0012	p01-s03-c0047	c0047	sb0012	100.0	0.0	34.226778617195734	0.061190502636232	22.204394066097898	0.039262903761629414	0.7671826727362682	0.00038828001240761575	0.0036908095799999996	0.0003058130394156158	-6.093211999999744e-05
p01-s03-c0048-v210-m010-g100-sb0001	p01-s03-c0048	c0048	sb0001	158.74	4.976721320512212	34.22164914890593	0.0395174680177289	22.20084542439531	0.026299095315713582	0.6972836097902148	0.004301030907657163	0.004210579840000002	0.00033831879498595727	4.7630960000000395e-05
p01-s03-c0048-v210-m010-g100-sb0002	p01-s03-c0048	c0048	sb0002	153.52	5.2769812025669465	34.208506444138905	0.031176802591056343	22.178158471819238	0.01755246035756422	0.7018586907363799	0.004712785576586123	0.0037364324000000028	0.00027334417996230343	7.277824000000198e-05
p01-s03-c0048-v210-m010-g100-sb0003	p01-s03-c0048	c0048	sb0003	156.8	5.609758261734817	34.25231871944624	0.062129248349829365	22.227436344632334	0.037971320156741165	0.6991847567899906	0.0048882961262017195	0.0038462462800000017	0.00040232000792997727	-0.00014454368000000294
p01-s03-c0048-v210-m010-g100-sb0004	p01-s03-c0048	c0048	sb0004	157.58	4.585202463649022	34.23854976581856	0.033619895710186275	22.213673994106173	0.02373977402351097	0.6983798763637126	0.00400468859136843	0.003770456560000002	0.00033065988255485344	0.00012205728000000502
p01-s03-c0048-v210-m010-g100-sb0005	p01-s03-c0048	c0048	sb0005	151.18	4.98851742729731	34.20480355917071	0.047894273351151935	22.195934544602274	0.05397664759347546	0.7039765040437832	0.004609467319906223	0.0038459628599999984	0.000393049271188688	-0.0002339480399999993
p01-s03-c0048-v210-m010-g100-sb0006	p01-s03-c0048	c0048	sb0006	155.32	4.8966460824877736	34.23419890776882	0.04152539332475662	22.220149907512372	0.03163778754923499	0.7003692669372897	0.0043608490987	0.0038817590800000017	0.0003705743444576248	0.0003208968799999997
p01-s03-c0048-v210-m010-g100-sb0007	p01-s03-c0048	c0048	sb0007	152.66	4.128596144266108	34.24798937446409	0.04403701920424986	22.22567890448296	0.03526637324917943	0.7028305996915141	0.003802049286865275	0.004057742959999996	0.0003397245993283596	-0.00014473439999999633
p01-s03-c0048-v210-m010-g100-sb0008	p01-s03-c0048	c0048	sb0008	154.14	6.743129534449665	34.16034155780628	0.03768885680876144	22.16512220064233	0.02783810977293472	0.7010905887155339	0.006117661174278431	0.003799609500000001	0.0004277625456868562	0.0002711706000000035
p01-s03-c0048-v210-m010-g100-sb0009	p01-s03-c0048	c0048	sb0009	154.26	4.212760014381963	34.23132908554366	0.04380860621460939	22.209091637524143	0.02882058763315586	0.7012807239599195	0.003859889606473144	0.0038533157799999994	0.000367018616099685	0.00014794652000000262
p01-s03-c0048-v210-m010-g100-sb0010	p01-s03-c0048	c0048	sb0010	152.7	7.293413299067893	34.22852548293537	0.04594461574714022	22.205962916247532	0.03236236717054274	0.7028241859935273	0.006433167818393993	0.003683863899999995	0.00025979801215506655	-0.0002268525999999972
p01-s03-c0048-v210-m010-g100-sb0011	p01-s03-c0048	c0048	sb0011	158.5	5.199097252879384	34.2365455004494	0.03215657316507099	22.203688372114485	0.03364642946295452	0.6975878331225518	0.004547414605022394	0.0036335039400000033	0.0003647998598932552	0.00042708251999999365
p01-s03-c0048-v210-m010-g100-sb0012	p01-s03-c0048	c0048	sb0012	150.58	9.014930925516664	34.27506740210063	0.044560274258322354	22.239488371155247	0.022000115774728202	0.7051724747282995	0.008094420581528478	0.004248714739999995	0.00045940779054986635	-2.2120519999998395e-05
p01-s03-c0049-v210-m010-g100-sb0001	p01-s03-c0049	c0049	sb0001	100.0	0.0	34.366481286292824	0.5219934662991389	22.383158410242885	0.3452806382605885	0.7680428094045937	0.0033161361450364016	0.03682869252	0.004620155615328102	8.8431600000001e-05
p01-s03-c0049-v210-m010-g100-sb0002	p01-s03-c0049	c0049	sb0002	100.0	0.0	33.499470622322164	0.5235366647073706	21.887998370308296	0.373651274834874	0.7624932377530992	0.00336886883753402	0.03958186542	0.004147791383140166	-0.0022600685199999915
p01-s03-c0049-v210-m010-g100-sb0003	p01-s03-c0049	c0049	sb0003	100.0	0.0	34.11688427374743	0.3747553976971279	22.22710953057416	0.3078110219290059	0.7664718396892346	0.0023857229705114454	0.04140101388	0.0028199162917467283	0.00044720159999999537
p01-s03-c0049-v210-m010-g100-sb0004	p01-s03-c0049	c0049	sb0004	100.0	0.0	34.505324006175094	0.4396632778800523	22.424313615772636	0.3021015661166925	0.768925835726208	0.0027601740152845156	0.03875484666	0.0035019658849381116	-0.0018067745999999982
p01-s03-c0049-v210-m010-g100-sb0005	p01-s03-c0049	c0049	sb0005	100.0	0.0	34.416516652871	0.35396905977717663	22.343627309242756	0.286912026458351	0.7683722566011477	0.0022251201369973867	0.03847100776	0.0034428660360405006	0.003095704639999995
p01-s03-c0049-v210-m010-g100-sb0006	p01-s03-c0049	c0049	sb0006	100.0	0.0	34.17005819279537	0.4654980970431736	22.13304449127243	0.3216094332755881	0.766803052837419	0.002964936834300222	0.0361599475	0.00273484414480577	-0.0010438429999999818
p01-s03-c0049-v210-m010-g100-sb0007	p01-s03-c0049	c0049	sb0007	100.0	0.0	34.060600159593186	0.6246179042324902	22.16644124454644	0.49279267937993915	0.7660901899982163	0.00399681693621189	0.03794636216	0.003040572343574984	0.0026810192000000024
p01-s03-c0049-v210-m010-g100-sb0008	p01-s03-c0049	c0049	sb0008	100.0	0.0	33.800566326008486	0.41773444456530623	22.014852745941617	0.3126586138564195	0.7644457729302754	0.0026791951379114636	0.03972694672	0.004579869689238538	-0.0009722747199999993
p01-s03-c0049-v210-m010-g100-sb0009	p01-s03-c0049	c0049	sb0009	100.0	0.0	33.86286932451751	0.38436898268489456	22.09293269175451	0.3076737840146395	0.764848200337719	0.002460521153966823	0.03862805382	0.0034614922176280766	0.0025990114800000033
p01-s03-c0049-v210-m010-g100-sb0010	p01-s03-c0049	c0049	sb0010	100.0	0.0	33.7304957278841	0.37423708876663864	22.070566730106098	0.280764943194219	0.7639982857778856	0.002406266709705088	0.040315451079999995	0.003490816845647293	0.002251098799999997
p01-s03-c0049-v210-m010-g100-sb0011	p01-s03-c0049	c0049	sb0011	100.0	0.0	34.349771149727765	0.4383138159351851	22.398564092097644	0.37089524383834227	0.7679445953428266	0.0027713395303232864	0.04110004988	0.004013877488346465	-0.001413621599999998
p01-s03-c0049-v210-m010-g100-sb0012	p01-s03-c0049	c0049	sb0012	100.0	0.0	34.24413588811276	0.3146462505075722	22.379846244374058	0.27779061239968345	0.7672840791974793	0.0020025028747433704	0.03994964866	0.0035125554274741265	0.00270403516
p01-s03-c0050-v210-m010-g100-sb0001	p01-s03-c0050	c0050	sb0001	114.02	3.07385286384554	33.73583093360722	0.44251657479971995	22.049172075621694	0.3253014333541368	0.7429457789455498	0.00561227492349015	0.040521252619999996	0.0038838498842124433	-0.0008921952400000044
p01-s03-c0050-v210-m010-g100-sb0002	p01-s03-c0050	c0050	sb0002	113.78	2.525704589509507	33.79676274358765	0.4361601372261137	22.19986165386743	0.25751447185604287	0.7436269271306662	0.00401038737962274	0.0391535671	0.0041430369187295075	0.005020318200000012
p01-s03-c0050-v210-m010-g100-sb0003	p01-s03-c0050	c0050	sb0003	114.0	2.482592456711824	33.68553915816654	0.3149765115379008	22.041202289234743	0.23558638472870308	0.7426376523359248	0.00432644203133625	0.03667765888	0.002235080908808263	0.0009592822399999978
p01-s03-c0050-v210-m010-g100-sb0004	p01-s03-c0050	c0050	sb0004	114.08	2.8488450936031846	34.14151051448598	0.42322401697635587	22.14919037564	0.23795057761985744	0.7453726610427879	0.004492873402248393	0.04074732664	0.0038300597735478853	0.00376649904000001
p01-s03-c0050-v210-m010-g100-sb0005	p01-s03-c0050	c0050	sb0005	113.84	2.6905731124556693	34.11142505017244	0.47841857135234783	22.236519473584554	0.5110980791943374	0.7455100352340958	0.005087631433953372	0.035467237219999996	0.0038606715833605226	-0.0012863360399999954
p01-s03-c0050-v210-m010-g100-sb0006	p01-s03-c0050	c0050	sb0006	114.12	2.9736255614303286	34.09284872000316	0.2950448841724693	22.247131619315336	0.2277652704860599	0.7450329724059072	0.004620382659351648	0.03785390576	0.0045672820343125664	0.004601588399999988
p01-s03-c0050-v210-m010-g100-sb0007	p01-s03-c0050	c0050	sb0007	114.54	3.189331706595267	34.043388129614556	0.6050262511645289	22.219197439201704	0.40006162665098355	0.7441380171613697	0.006269216284790238	0.04235532833999999	0.003836653864196922	-0.0014334182000000015
p01-s03-c0050-v210-m010-g100-sb0008	p01-s03-c0050	c0050	sb0008	114.7	2.8302303937369926	33.68693651249729	0.5155777320978238	21.896193203828087	0.37992966586138366	0.741685873722886	0.00493900731866129	0.03993974368	0.005369575393937847	0.004467757839999996
p01-s03-c0050-v210-m010-g100-sb0009	p01-s03-c0050	c0050	sb0009	114.08	2.625153056762324	33.94453033302529	0.4069177338523092	22.233850667001356	0.20852300136812357	0.7441441403860324	0.004605601996459352	0.040668784119999996	0.004270465677198553	-0.0005098399999999975
p01-s03-c0050-v210-m010-g100-sb0010	p01-s03-c0050	c0050	sb0010	114.02	2.6839659963173443	33.956570231418226	0.38758743788262373	22.102929031905965	0.23135172357779438	0.7443052412169735	0.0044260130764187874	0.03707696033999999	0.004640381591726195	-0.0022359535600000036
p01-s03-c0050-v210-m010-g100-sb0011	p01-s03-c0050	c0050	sb0011	115.06	2.436206485669129	33.877411763253036	0.3560268613765471	22.062087644616867	0.37586856046469025	0.7423824679286919	0.004579404559150596	0.03681638616	0.004183387694266344	0.003942234639999993
p01-s03-c0050-v210-m010-g100-sb0012	p01-s03-c0050	c0050	sb0012	114.08	2.70177568216436	33.80074201811837	0.2828666485938613	22.063145726677767	0.20877841462408253	0.7432584533112174	0.004213686619910387	0.03936111376	0.004688119977512234	0.004981057359999992
