run_id	cell_id	seed_block_id	master_seed	within_run_replicate_index	config_path	config_sha256	scratch_relative_path	status
p01-s01-c0001-sb0001	p01-s01-c0001	sb0001	666	0	p01-neutral-feedback/configs/s01-pilot/runs/p01-s01-c0001-sb0001.toml	8982962330dc6bf245ce3756d5d424cacc4bebb6e46ff4fd145790d0e8c17bfc	p01-neutral-feedback/s01-pilot/p01-s01-c0001/sb0001	prepared
p01-s01-c0001-sb0002	p01-s01-c0001	sb0002	667	0	p01-neutral-feedback/configs/s01-pilot/runs/p01-s01-c0001-sb0002.toml	662227f9f13967bff97a9a60a811170509101f7a539e17f059342f7df28e6ece	p01-neutral-feedback/s01-pilot/p01-s01-c0001/sb0002	prepared
p01-s01-c0001-sb0003	p01-s01-c0001	sb0003	668	0	p01-neutral-feedback/configs/s01-pilot/runs/p01-s01-c0001-sb0003.toml	af3ce781bc00fd4835183d19f3c5f19a4cb56b604b677520ada7f954a0f9be45	p01-neutral-feedback/s01-pilot/p01-s01-c0001/sb0003	prepared
p01-s01-c0002-sb0001	p01-s01-c0002	sb0001	666	0	p01-neutral-feedback/configs/s01-pilot/runs/p01-s01-c0002-sb0001.toml	7700a0af7d07c841221655ce4466fdfae7fb8d76ccf8a8afb1109700d45fcdf9	p01-neutral-feedback/s01-pilot/p01-s01-c0002/sb0001	prepared
p01-s01-c0002-sb0002	p01-s01-c0002	sb0002	667	0	p01-neutral-feedback/configs/s01-pilot/runs/p01-s01-c0002-sb0002.toml	fba8ca0fe5c9f8331eadb7982280fd359ff36f7ab98d07f7cccc1e8936042a8d	p01-neutral-feedback/s01-pilot/p01-s01-c0002/sb0002	prepared
p01-s01-c0002-sb0003	p01-s01-c0002	sb0003	668	0	p01-neutral-feedback/configs/s01-pilot/runs/p01-s01-c0002-sb0003.toml	234195b7a8308a8e2ea257cd921b319cec5e9192ed28034fc115a84d28e954ba	p01-neutral-feedback/s01-pilot/p01-s01-c0002/sb0003	prepared
p01-s01-c0003-sb0001	p01-s01-c0003	sb0001	666	0	p01-neutral-feedback/configs/s01-pilot/runs/p01-s01-c0003-sb0001.toml	54a3eb8c67aa3ca802e8526c3ac81a4105780e2be2c9c193ce2c05cac2f240db	p01-neutral-feedback/s01-pilot/p01-s01-c0003/sb0001	prepared
p01-s01-c0003-sb0002	p01-s01-c0003	sb0002	667	0	p01-neutral-feedback/configs/s01-pilot/runs/p01-s01-c0003-sb0002.toml	aebfa70dc2bcfc4470fec6bdbf501f9ca4af36fca1502f88b64fd7f141dc4cb8	p01-neutral-feedback/s01-pilot/p01-s01-c0003/sb0002	prepared
p01-s01-c0003-sb0003	p01-s01-c0003	sb0003	668	0	p01-neutral-feedback/configs/s01-pilot/runs/p01-s01-c0003-sb0003.toml	7ce7ba123f2ec3cf80ec509abeb15b54c8b2c9424f5d630913d8f2479e01d386	p01-neutral-feedback/s01-pilot/p01-s01-c0003/sb0003	prepared
p01-s01-c0004-sb0001	p01-s01-c0004	sb0001	666	0	p01-neutral-feedback/configs/s01-pilot/runs/p01-s01-c0004-sb0001.toml	ed3ae7f78032173b2b96220a2f6eb73ef3b5aeecf3834d821f3ac394a1324164	p01-neutral-feedback/s01-pilot/p01-s01-c0004/sb0001	prepared
p01-s01-c0004-sb0002	p01-s01-c0004	sb0002	667	0	p01-neutral-feedback/configs/s01-pilot/runs/p01-s01-c0004-sb0002.toml	800dedef7e88a9b2702f51f26bd1d17407e5dc5f414451dfaf9199f3b667575c	p01-neutral-feedback/s01-pilot/p01-s01-c0004/sb0002	prepared
p01-s01-c0004-sb0003	p01-s01-c0004	sb0003	668	0	p01-neutral-feedback/configs/s01-pilot/runs/p01-s01-c0004-sb0003.toml	19cda0f455d09de4f16387336f42043b9c00bfc8c78be9a4170be62c61375835	p01-neutral-feedback/s01-pilot/p01-s01-c0004/sb0003	prepared
p01-s01-c0005-sb0001	p01-s01-c0005	sb0001	666	0	p01-neutral-feedback/configs/s01-pilot/runs/p01-s01-c0005-sb0001.toml	6b1cf33af635f43a819e584d219413f3a2171ca7d51a3e003e0c25d3d698c6cb	p01-neutral-feedback/s01-pilot/p01-s01-c0005/sb0001	prepared
p01-s01-c0005-sb0002	p01-s01-c0005	sb0002	667	0	p01-neutral-feedback/configs/s01-pilot/runs/p01-s01-c0005-sb0002.toml	2bfd194c2d3418277f15ab9f2f7f02794072b4eac586287b0e987f4df6368054	p01-neutral-feedback/s01-pilot/p01-s01-c0005/sb0002	prepared
p01-s01-c0005-sb0003	p01-s01-c0005	sb0003	668	0	p01-neutral-feedback/configs/s01-pilot/runs/p01-s01-c0005-sb0003.toml	9bd8d2252ff5670421b095e884f8e6b48a4458f000ddff161a71a45f0208bcee	p01-neutral-feedback/s01-pilot/p01-s01-c0005/sb0003	prepared
p01-s01-c0006-sb0001	p01-s01-c0006	sb0001	666	0	p01-neutral-feedback/configs/s01-pilot/runs/p01-s01-c0006-sb0001.toml	954c94b2fef34a27c978d107f9e0d44ed5b11e9f9ca8b30f1cf6a78879462aef	p01-neutral-feedback/s01-pilot/p01-s01-c0006/sb0001	prepared
p01-s01-c0006-sb0002	p01-s01-c0006	sb0002	667	0	p01-neutral-feedback/configs/s01-pilot/runs/p01-s01-c0006-sb0002.toml	54ccbe9b958090c58ad9b71c4161a622e21e3048cefac265f001fd713b66055f	p01-neutral-feedback/s01-pilot/p01-s01-c0006/sb0002	prepared
p01-s01-c0006-sb0003	p01-s01-c0006	sb0003	668	0	p01-neutral-feedback/configs/s01-pilot/runs/p01-s01-c0006-sb0003.toml	d2baed4d4baa248f1513c354a056db7195afe04506ee7c7b6f82d3afcf01a9ed	p01-neutral-feedback/s01-pilot/p01-s01-c0006/sb0003	prepared
p01-s01-c0007-sb0001	p01-s01-c0007	sb0001	666	0	p01-neutral-feedback/configs/s01-pilot/runs/p01-s01-c0007-sb0001.toml	03b583620f95896da8cbe3541dc99f1f9b28f4d64f9e8ef9566510b3e04545e8	p01-neutral-feedback/s01-pilot/p01-s01-c0007/sb0001	prepared
p01-s01-c0007-sb0002	p01-s01-c0007	sb0002	667	0	p01-neutral-feedback/configs/s01-pilot/runs/p01-s01-c0007-sb0002.toml	cb820b282f4e0eaf9fcb10952090010a6a991b64b195e4e11ddaa8e2a714cea6	p01-neutral-feedback/s01-pilot/p01-s01-c0007/sb0002	prepared
p01-s01-c0007-sb0003	p01-s01-c0007	sb0003	668	0	p01-neutral-feedback/configs/s01-pilot/runs/p01-s01-c0007-sb0003.toml	cb76075ed1c8ea8e8ab853d369a6f3caae4a66196a9328001c602b73408802fb	p01-neutral-feedback/s01-pilot/p01-s01-c0007/sb0003	prepared
p01-s01-c0008-sb0001	p01-s01-c0008	sb0001	666	0	p01-neutral-feedback/configs/s01-pilot/runs/p01-s01-c0008-sb0001.toml	f22be8b45b88ba8a03b7439888ce7e9e46253c20db8ab360e956503b2bbf1c60	p01-neutral-feedback/s01-pilot/p01-s01-c0008/sb0001	prepared
p01-s01-c0008-sb0002	p01-s01-c0008	sb0002	667	0	p01-neutral-feedback/configs/s01-pilot/runs/p01-s01-c0008-sb0002.toml	9e6e6b9f999da0662b4439bedcbc7d240c43bd102c80c64ff4be7284420b6e84	p01-neutral-feedback/s01-pilot/p01-s01-c0008/sb0002	prepared
p01-s01-c0008-sb0003	p01-s01-c0008	sb0003	668	0	p01-neutral-feedback/configs/s01-pilot/runs/p01-s01-c0008-sb0003.toml	2a368b72f02e7ee6c6bd08751cf9a6da23cd4627a21903e2ff896674d974f1a3	p01-neutral-feedback/s01-pilot/p01-s01-c0008/sb0003	prepared
p01-s01-c0009-sb0001	p01-s01-c0009	sb0001	666	0	p01-neutral-feedback/configs/s01-pilot/runs/p01-s01-c0009-sb0001.toml	500a623dd52d3d625d78b1de56966258b5821a528b3c12817e844833ec8bc4bc	p01-neutral-feedback/s01-pilot/p01-s01-c0009/sb0001	prepared
p01-s01-c0009-sb0002	p01-s01-c0009	sb0002	667	0	p01-neutral-feedback/configs/s01-pilot/runs/p01-s01-c0009-sb0002.toml	fcf1bd8a32b0ad12e8265f2e01b321a88ade3282bdb1b590e90fb26619c6695e	p01-neutral-feedback/s01-pilot/p01-s01-c0009/sb0002	prepared
p01-s01-c0009-sb0003	p01-s01-c0009	sb0003	668	0	p01-neutral-feedback/configs/s01-pilot/runs/p01-s01-c0009-sb0003.toml	4c003c4dbe478f3c82dbfdc1d829978eae54685564db7aff736d001ed57ee1f5	p01-neutral-feedback/s01-pilot/p01-s01-c0009/sb0003	prepared
p01-s01-c0010-sb0001	p01-s01-c0010	sb0001	666	0	p01-neutral-feedback/configs/s01-pilot/runs/p01-s01-c0010-sb0001.toml	3d927cc6688f51cafab06053f6773605ff6feab0f5c5adcfeeaf001d7a0e1733	p01-neutral-feedback/s01-pilot/p01-s01-c0010/sb0001	prepared
p01-s01-c0010-sb0002	p01-s01-c0010	sb0002	667	0	p01-neutral-feedback/configs/s01-pilot/runs/p01-s01-c0010-sb0002.toml	22fdb91b1e8498ab360b9378a39c6dbe4c686ba6388ef3078c8662e703727aaa	p01-neutral-feedback/s01-pilot/p01-s01-c0010/sb0002	prepared
p01-s01-c0010-sb0003	p01-s01-c0010	sb0003	668	0	p01-neutral-feedback/configs/s01-pilot/runs/p01-s01-c0010-sb0003.toml	fc25e43e1091768734f24270e360716769a2f6d8ade4cc82cbbeef2cbca5ed84	p01-neutral-feedback/s01-pilot/p01-s01-c0010/sb0003	prepared
p01-s01-c0011-sb0001	p01-s01-c0011	sb0001	666	0	p01-neutral-feedback/configs/s01-pilot/runs/p01-s01-c0011-sb0001.toml	149356f2040183a6ff1b3ebfc6d8366ca44abe123d4c24296ea41aa129577fdf	p01-neutral-feedback/s01-pilot/p01-s01-c0011/sb0001	prepared
p01-s01-c0011-sb0002	p01-s01-c0011	sb0002	667	0	p01-neutral-feedback/configs/s01-pilot/runs/p01-s01-c0011-sb0002.toml	2e03e7eb7ad576ddeab817e0e4119668b703b87f5a437de07c01a5e882510688	p01-neutral-feedback/s01-pilot/p01-s01-c0011/sb0002	prepared
p01-s01-c0011-sb0003	p01-s01-c0011	sb0003	668	0	p01-neutral-feedback/configs/s01-pilot/runs/p01-s01-c0011-sb0003.toml	a1484b3c91fcfc2d2a9f4c5aecfa2560d4e5f3178a9782b437d0630d0a68a09d	p01-neutral-feedback/s01-pilot/p01-s01-c0011/sb0003	prepared
p01-s01-c0012-sb0001	p01-s01-c0012	sb0001	666	0	p01-neutral-feedback/configs/s01-pilot/runs/p01-s01-c0012-sb0001.toml	88fe9631ae6ee172a3b150600e051317d5b5e859a4df83394a55b2f70a09431e	p01-neutral-feedback/s01-pilot/p01-s01-c0012/sb0001	prepared
p01-s01-c0012-sb0002	p01-s01-c0012	sb0002	667	0	p01-neutral-feedback/configs/s01-pilot/runs/p01-s01-c0012-sb0002.toml	b8973f1df00f9b2bbb2d4fc5517a22f1585a0740250e602b1a85554b5f4dd324	p01-neutral-feedback/s01-pilot/p01-s01-c0012/sb0002	prepared
p01-s01-c0012-sb0003	p01-s01-c0012	sb0003	668	0	p01-neutral-feedback/configs/s01-pilot/runs/p01-s01-c0012-sb0003.toml	63a04d78e7147c153bf03887cd5dd8a2b095527f2cf24d6de466e6c3fb7d46d5	p01-neutral-feedback/s01-pilot/p01-s01-c0012/sb0003	prepared
p01-s01-c0013-sb0001	p01-s01-c0013	sb0001	666	0	p01-neutral-feedback/configs/s01-pilot/runs/p01-s01-c0013-sb0001.toml	9d134c118f059a21aac10f27e3f45914212afef2804c28ceeecc92eb8155a3b1	p01-neutral-feedback/s01-pilot/p01-s01-c0013/sb0001	prepared
p01-s01-c0013-sb0002	p01-s01-c0013	sb0002	667	0	p01-neutral-feedback/configs/s01-pilot/runs/p01-s01-c0013-sb0002.toml	65a402f6bd4b9e8e1b08bfc9310c3ee091ee755ba86f9e489c4939d8856c3353	p01-neutral-feedback/s01-pilot/p01-s01-c0013/sb0002	prepared
p01-s01-c0013-sb0003	p01-s01-c0013	sb0003	668	0	p01-neutral-feedback/configs/s01-pilot/runs/p01-s01-c0013-sb0003.toml	f833ee1a26d37090965eb957f50794d1ef9b5c2a34c3c12d919ce726343bbbc5	p01-neutral-feedback/s01-pilot/p01-s01-c0013/sb0003	prepared
p01-s01-c0014-sb0001	p01-s01-c0014	sb0001	666	0	p01-neutral-feedback/configs/s01-pilot/runs/p01-s01-c0014-sb0001.toml	b8acc6ee350378a4055f5afe6a8b736be6875131d50fe6669f8c7b7091c19a21	p01-neutral-feedback/s01-pilot/p01-s01-c0014/sb0001	prepared
p01-s01-c0014-sb0002	p01-s01-c0014	sb0002	667	0	p01-neutral-feedback/configs/s01-pilot/runs/p01-s01-c0014-sb0002.toml	a3d9a536e3ab80113e0fc33921467e77fb98d65c72b5e07dfbc1d1ceebd833c4	p01-neutral-feedback/s01-pilot/p01-s01-c0014/sb0002	prepared
p01-s01-c0014-sb0003	p01-s01-c0014	sb0003	668	0	p01-neutral-feedback/configs/s01-pilot/runs/p01-s01-c0014-sb0003.toml	7b475fbbf86e8c2709626af1aab3a4f4d9c79df3ff77e88d9297907d0ba0615e	p01-neutral-feedback/s01-pilot/p01-s01-c0014/sb0003	prepared
p01-s01-c0015-sb0001	p01-s01-c0015	sb0001	666	0	p01-neutral-feedback/configs/s01-pilot/runs/p01-s01-c0015-sb0001.toml	01fb4c56eb385c02242802d1d6ce0d93db51ed2ae72bb0abd0fcd478efb1742b	p01-neutral-feedback/s01-pilot/p01-s01-c0015/sb0001	prepared
p01-s01-c0015-sb0002	p01-s01-c0015	sb0002	667	0	p01-neutral-feedback/configs/s01-pilot/runs/p01-s01-c0015-sb0002.toml	44f966bdb2e2be753c465363183a7ac90923e30c82690b3201211c5ae652aa97	p01-neutral-feedback/s01-pilot/p01-s01-c0015/sb0002	prepared
p01-s01-c0015-sb0003	p01-s01-c0015	sb0003	668	0	p01-neutral-feedback/configs/s01-pilot/runs/p01-s01-c0015-sb0003.toml	f00132dce7c2b6f202fb0d4fec21375ac6fd94fdca57063be11cdb1fe077527c	p01-neutral-feedback/s01-pilot/p01-s01-c0015/sb0003	prepared
p01-s01-c0016-sb0001	p01-s01-c0016	sb0001	666	0	p01-neutral-feedback/configs/s01-pilot/runs/p01-s01-c0016-sb0001.toml	cf04f484ada4987ebcf6910262a5a323dcb87f8637267f033acd504602fdbbb1	p01-neutral-feedback/s01-pilot/p01-s01-c0016/sb0001	prepared
p01-s01-c0016-sb0002	p01-s01-c0016	sb0002	667	0	p01-neutral-feedback/configs/s01-pilot/runs/p01-s01-c0016-sb0002.toml	32c1fcdc37f922456b62af7029f5b2338410c6e3820b7c5ab94609bbb5bd04f3	p01-neutral-feedback/s01-pilot/p01-s01-c0016/sb0002	prepared
p01-s01-c0016-sb0003	p01-s01-c0016	sb0003	668	0	p01-neutral-feedback/configs/s01-pilot/runs/p01-s01-c0016-sb0003.toml	a08411fbdcccc39e2e80205968cb8298d19e5fa4f2ef605cdb293bf7080f233d	p01-neutral-feedback/s01-pilot/p01-s01-c0016/sb0003	prepared
p01-s01-c0017-sb0001	p01-s01-c0017	sb0001	666	0	p01-neutral-feedback/configs/s01-pilot/runs/p01-s01-c0017-sb0001.toml	0017cb5f3c16a929aa650443b51865fd2a854c5d4e50bf462a559d4a2f39b3ce	p01-neutral-feedback/s01-pilot/p01-s01-c0017/sb0001	prepared
p01-s01-c0017-sb0002	p01-s01-c0017	sb0002	667	0	p01-neutral-feedback/configs/s01-pilot/runs/p01-s01-c0017-sb0002.toml	212a632edb83b001aa59b226466b077518c78def3af13dced8e6c7b047437aae	p01-neutral-feedback/s01-pilot/p01-s01-c0017/sb0002	prepared
p01-s01-c0017-sb0003	p01-s01-c0017	sb0003	668	0	p01-neutral-feedback/configs/s01-pilot/runs/p01-s01-c0017-sb0003.toml	d2da2b080d288d398fbf81da4ab797034814e4f123567e5d7f57582eec0e81b4	p01-neutral-feedback/s01-pilot/p01-s01-c0017/sb0003	prepared
p01-s01-c0018-sb0001	p01-s01-c0018	sb0001	666	0	p01-neutral-feedback/configs/s01-pilot/runs/p01-s01-c0018-sb0001.toml	0ba995be0898fb7b8e2a57788f8265a55cc6a370a7270ae775a882e521b8778c	p01-neutral-feedback/s01-pilot/p01-s01-c0018/sb0001	prepared
p01-s01-c0018-sb0002	p01-s01-c0018	sb0002	667	0	p01-neutral-feedback/configs/s01-pilot/runs/p01-s01-c0018-sb0002.toml	6bd70c6cfbda755f0a1d9cd97e0d83df62bdfcb3c9a4614caf5a2442decca13a	p01-neutral-feedback/s01-pilot/p01-s01-c0018/sb0002	prepared
p01-s01-c0018-sb0003	p01-s01-c0018	sb0003	668	0	p01-neutral-feedback/configs/s01-pilot/runs/p01-s01-c0018-sb0003.toml	86b86127f47318945028809656a2ad4475b8f903f0fb266311c1ef4c1fc90369	p01-neutral-feedback/s01-pilot/p01-s01-c0018/sb0003	prepared
p01-s01-c0019-sb0001	p01-s01-c0019	sb0001	666	0	p01-neutral-feedback/configs/s01-pilot/runs/p01-s01-c0019-sb0001.toml	0a3e1e580a7eb3277ece7b6a6b915c95210aed14d3617df1102c502e51adc3b1	p01-neutral-feedback/s01-pilot/p01-s01-c0019/sb0001	prepared
p01-s01-c0019-sb0002	p01-s01-c0019	sb0002	667	0	p01-neutral-feedback/configs/s01-pilot/runs/p01-s01-c0019-sb0002.toml	d59335ed46cb7d154a2294e36a15427e873fed71a958b21bfe79271c6c2807a5	p01-neutral-feedback/s01-pilot/p01-s01-c0019/sb0002	prepared
p01-s01-c0019-sb0003	p01-s01-c0019	sb0003	668	0	p01-neutral-feedback/configs/s01-pilot/runs/p01-s01-c0019-sb0003.toml	3427edc0d83051055ff30e4949cd047e55e707a4bc33f18d6919c2d0a1797c95	p01-neutral-feedback/s01-pilot/p01-s01-c0019/sb0003	prepared
p01-s01-c0020-sb0001	p01-s01-c0020	sb0001	666	0	p01-neutral-feedback/configs/s01-pilot/runs/p01-s01-c0020-sb0001.toml	c60e02bc4408c80db1a7a8dfade9251172c9dc15bb8721da03f39caaef65e13b	p01-neutral-feedback/s01-pilot/p01-s01-c0020/sb0001	prepared
p01-s01-c0020-sb0002	p01-s01-c0020	sb0002	667	0	p01-neutral-feedback/configs/s01-pilot/runs/p01-s01-c0020-sb0002.toml	fdfa251dca2395add412d9a445c04a913dd0331e6431115e1882f838353059ef	p01-neutral-feedback/s01-pilot/p01-s01-c0020/sb0002	prepared
p01-s01-c0020-sb0003	p01-s01-c0020	sb0003	668	0	p01-neutral-feedback/configs/s01-pilot/runs/p01-s01-c0020-sb0003.toml	d788fda12adaae4cc3c834605c036a0db5c41e8dc6c1ce609825f4548b588ac6	p01-neutral-feedback/s01-pilot/p01-s01-c0020/sb0003	prepared
