experiment_id	run_id	cell_id	cell	variant_id	seed_block_id	master_seed	within_run_replicate_index	config_path	config_sha256	scratch_relative_path	status
phase1-second-pilot-v210-m010-g250	p01-s02-c0021-v210-m010-g250-sb0001	p01-s02-c0021	c0021	v210-m010-g250	sb0001	666	0	p01-neutral-feedback/configs/s02-equilibrium-precision-v210-m010-g250/runs/p01-s02-c0021-v210-m010-g250-sb0001.toml	8cc5769cfc845af022470cb96941e285de622468a969b21058814b2c914332f5	p01-neutral-feedback/s02-equilibrium-precision-v210-m010-g250/p01-s02-c0021/sb0001	prepared
phase1-second-pilot-v210-m010-g250	p01-s02-c0021-v210-m010-g250-sb0002	p01-s02-c0021	c0021	v210-m010-g250	sb0002	667	0	p01-neutral-feedback/configs/s02-equilibrium-precision-v210-m010-g250/runs/p01-s02-c0021-v210-m010-g250-sb0002.toml	812d9e41368bf4ff7b835bcd0c17bc43fa44d5c3f7ad58958da0377b76fd9c67	p01-neutral-feedback/s02-equilibrium-precision-v210-m010-g250/p01-s02-c0021/sb0002	prepared
phase1-second-pilot-v210-m010-g250	p01-s02-c0021-v210-m010-g250-sb0003	p01-s02-c0021	c0021	v210-m010-g250	sb0003	668	0	p01-neutral-feedback/configs/s02-equilibrium-precision-v210-m010-g250/runs/p01-s02-c0021-v210-m010-g250-sb0003.toml	48e2b46dd729f2f52751880b2e242378f7db3e7e9ec2e456b4b881a11c1e8918	p01-neutral-feedback/s02-equilibrium-precision-v210-m010-g250/p01-s02-c0021/sb0003	prepared
phase1-second-pilot-v210-m010-g250	p01-s02-c0021-v210-m010-g250-sb0004	p01-s02-c0021	c0021	v210-m010-g250	sb0004	669	0	p01-neutral-feedback/configs/s02-equilibrium-precision-v210-m010-g250/runs/p01-s02-c0021-v210-m010-g250-sb0004.toml	597656def0524f99a7707045850ec8a34c4f8603732d14dfd5a60838c9086e03	p01-neutral-feedback/s02-equilibrium-precision-v210-m010-g250/p01-s02-c0021/sb0004	prepared
phase1-second-pilot-v210-m010-g250	p01-s02-c0021-v210-m010-g250-sb0005	p01-s02-c0021	c0021	v210-m010-g250	sb0005	670	0	p01-neutral-feedback/configs/s02-equilibrium-precision-v210-m010-g250/runs/p01-s02-c0021-v210-m010-g250-sb0005.toml	903e74876855d75ff33d84097005cf31ca001c1abc433d43338cb743800f99f8	p01-neutral-feedback/s02-equilibrium-precision-v210-m010-g250/p01-s02-c0021/sb0005	prepared
phase1-second-pilot-v210-m010-g250	p01-s02-c0021-v210-m010-g250-sb0006	p01-s02-c0021	c0021	v210-m010-g250	sb0006	671	0	p01-neutral-feedback/configs/s02-equilibrium-precision-v210-m010-g250/runs/p01-s02-c0021-v210-m010-g250-sb0006.toml	1b965b224d7d1b21e41b05df5acba92003cf57067a01e2930b274080e04abc84	p01-neutral-feedback/s02-equilibrium-precision-v210-m010-g250/p01-s02-c0021/sb0006	prepared
phase1-second-pilot-v210-m010-g250	p01-s02-c0021-v210-m010-g250-sb0007	p01-s02-c0021	c0021	v210-m010-g250	sb0007	672	0	p01-neutral-feedback/configs/s02-equilibrium-precision-v210-m010-g250/runs/p01-s02-c0021-v210-m010-g250-sb0007.toml	615203b458136aae7118af61b8fc12401340b461e3fa3c3187327caa730a38c8	p01-neutral-feedback/s02-equilibrium-precision-v210-m010-g250/p01-s02-c0021/sb0007	prepared
phase1-second-pilot-v210-m010-g250	p01-s02-c0021-v210-m010-g250-sb0008	p01-s02-c0021	c0021	v210-m010-g250	sb0008	673	0	p01-neutral-feedback/configs/s02-equilibrium-precision-v210-m010-g250/runs/p01-s02-c0021-v210-m010-g250-sb0008.toml	fd143a86bf1948e00d76d1c230743ce611dafbf95d4996beb7eb5aa34c8dde2e	p01-neutral-feedback/s02-equilibrium-precision-v210-m010-g250/p01-s02-c0021/sb0008	prepared
phase1-second-pilot-v210-m010-g250	p01-s02-c0021-v210-m010-g250-sb0009	p01-s02-c0021	c0021	v210-m010-g250	sb0009	674	0	p01-neutral-feedback/configs/s02-equilibrium-precision-v210-m010-g250/runs/p01-s02-c0021-v210-m010-g250-sb0009.toml	7d95d7d668a2f68a837fffb61ed72abdd1e962870135f0baefd4cf28287a834c	p01-neutral-feedback/s02-equilibrium-precision-v210-m010-g250/p01-s02-c0021/sb0009	prepared
phase1-second-pilot-v210-m010-g250	p01-s02-c0021-v210-m010-g250-sb0010	p01-s02-c0021	c0021	v210-m010-g250	sb0010	675	0	p01-neutral-feedback/configs/s02-equilibrium-precision-v210-m010-g250/runs/p01-s02-c0021-v210-m010-g250-sb0010.toml	eb90c6d36d0b345907bf88c9a5d55f784ea1e6943f286e526d4d5621aeb5d6de	p01-neutral-feedback/s02-equilibrium-precision-v210-m010-g250/p01-s02-c0021/sb0010	prepared
phase1-second-pilot-v210-m010-g250	p01-s02-c0021-v210-m010-g250-sb0011	p01-s02-c0021	c0021	v210-m010-g250	sb0011	676	0	p01-neutral-feedback/configs/s02-equilibrium-precision-v210-m010-g250/runs/p01-s02-c0021-v210-m010-g250-sb0011.toml	66df4057c9f1c660ebea8d72bacf979e5c83338c482c7d969b51403bcab51d67	p01-neutral-feedback/s02-equilibrium-precision-v210-m010-g250/p01-s02-c0021/sb0011	prepared
phase1-second-pilot-v210-m010-g250	p01-s02-c0021-v210-m010-g250-sb0012	p01-s02-c0021	c0021	v210-m010-g250	sb0012	677	0	p01-neutral-feedback/configs/s02-equilibrium-precision-v210-m010-g250/runs/p01-s02-c0021-v210-m010-g250-sb0012.toml	060bb5e84e704ea7f441a5e93167c9ce3274907abb7e5ff0cd27c78a565160c8	p01-neutral-feedback/s02-equilibrium-precision-v210-m010-g250/p01-s02-c0021/sb0012	prepared
phase1-second-pilot-v210-m010-g250	p01-s02-c0022-v210-m010-g250-sb0001	p01-s02-c0022	c0022	v210-m010-g250	sb0001	666	0	p01-neutral-feedback/configs/s02-equilibrium-precision-v210-m010-g250/runs/p01-s02-c0022-v210-m010-g250-sb0001.toml	aab12c5528064be63f27500866b32acbed99744340789ee1aa4e4a789a4137ae	p01-neutral-feedback/s02-equilibrium-precision-v210-m010-g250/p01-s02-c0022/sb0001	prepared
phase1-second-pilot-v210-m010-g250	p01-s02-c0022-v210-m010-g250-sb0002	p01-s02-c0022	c0022	v210-m010-g250	sb0002	667	0	p01-neutral-feedback/configs/s02-equilibrium-precision-v210-m010-g250/runs/p01-s02-c0022-v210-m010-g250-sb0002.toml	823fea1008fd8432fdd99bef7ea8feba4c8faac008dd813e077493edcf98c9f0	p01-neutral-feedback/s02-equilibrium-precision-v210-m010-g250/p01-s02-c0022/sb0002	prepared
phase1-second-pilot-v210-m010-g250	p01-s02-c0022-v210-m010-g250-sb0003	p01-s02-c0022	c0022	v210-m010-g250	sb0003	668	0	p01-neutral-feedback/configs/s02-equilibrium-precision-v210-m010-g250/runs/p01-s02-c0022-v210-m010-g250-sb0003.toml	9b103dd8181d7c2d7203e4f681efc6b6541d82a3063ca1c2cdbe2635aef4f4fe	p01-neutral-feedback/s02-equilibrium-precision-v210-m010-g250/p01-s02-c0022/sb0003	prepared
phase1-second-pilot-v210-m010-g250	p01-s02-c0022-v210-m010-g250-sb0004	p01-s02-c0022	c0022	v210-m010-g250	sb0004	669	0	p01-neutral-feedback/configs/s02-equilibrium-precision-v210-m010-g250/runs/p01-s02-c0022-v210-m010-g250-sb0004.toml	ce5b988431ce4c61b9d8fb27106d95b8047aa7b7c217c8c75088f127aa095a47	p01-neutral-feedback/s02-equilibrium-precision-v210-m010-g250/p01-s02-c0022/sb0004	prepared
phase1-second-pilot-v210-m010-g250	p01-s02-c0022-v210-m010-g250-sb0005	p01-s02-c0022	c0022	v210-m010-g250	sb0005	670	0	p01-neutral-feedback/configs/s02-equilibrium-precision-v210-m010-g250/runs/p01-s02-c0022-v210-m010-g250-sb0005.toml	5b0e4f8a94f3836edc4ce6d7c0c533bf2527a3438a62df9ad4d9228bef3609d4	p01-neutral-feedback/s02-equilibrium-precision-v210-m010-g250/p01-s02-c0022/sb0005	prepared
phase1-second-pilot-v210-m010-g250	p01-s02-c0022-v210-m010-g250-sb0006	p01-s02-c0022	c0022	v210-m010-g250	sb0006	671	0	p01-neutral-feedback/configs/s02-equilibrium-precision-v210-m010-g250/runs/p01-s02-c0022-v210-m010-g250-sb0006.toml	7ca5c0fc84e4d85a5148d40daa0faf5ee17e59a65b6c994735da1dc0f0a03b3e	p01-neutral-feedback/s02-equilibrium-precision-v210-m010-g250/p01-s02-c0022/sb0006	prepared
phase1-second-pilot-v210-m010-g250	p01-s02-c0022-v210-m010-g250-sb0007	p01-s02-c0022	c0022	v210-m010-g250	sb0007	672	0	p01-neutral-feedback/configs/s02-equilibrium-precision-v210-m010-g250/runs/p01-s02-c0022-v210-m010-g250-sb0007.toml	d6b851d3abba8e3f8b1d98a4dd34104cdbd60f7a5df4ff62d6adcda22eef4de2	p01-neutral-feedback/s02-equilibrium-precision-v210-m010-g250/p01-s02-c0022/sb0007	prepared
phase1-second-pilot-v210-m010-g250	p01-s02-c0022-v210-m010-g250-sb0008	p01-s02-c0022	c0022	v210-m010-g250	sb0008	673	0	p01-neutral-feedback/configs/s02-equilibrium-precision-v210-m010-g250/runs/p01-s02-c0022-v210-m010-g250-sb0008.toml	a4951b4f00b84b9153bf6f86e4587085b03a54a54e878cb86a33c4bd097d9bd6	p01-neutral-feedback/s02-equilibrium-precision-v210-m010-g250/p01-s02-c0022/sb0008	prepared
phase1-second-pilot-v210-m010-g250	p01-s02-c0022-v210-m010-g250-sb0009	p01-s02-c0022	c0022	v210-m010-g250	sb0009	674	0	p01-neutral-feedback/configs/s02-equilibrium-precision-v210-m010-g250/runs/p01-s02-c0022-v210-m010-g250-sb0009.toml	2cb80df7e88ec092a229791275a9a5aa04a9da8fd45e6e8e3cb26031e50a1999	p01-neutral-feedback/s02-equilibrium-precision-v210-m010-g250/p01-s02-c0022/sb0009	prepared
phase1-second-pilot-v210-m010-g250	p01-s02-c0022-v210-m010-g250-sb0010	p01-s02-c0022	c0022	v210-m010-g250	sb0010	675	0	p01-neutral-feedback/configs/s02-equilibrium-precision-v210-m010-g250/runs/p01-s02-c0022-v210-m010-g250-sb0010.toml	b33e367cf849aff6f2fa4b1d51755493987335d596792c0a8b0981a007020f4e	p01-neutral-feedback/s02-equilibrium-precision-v210-m010-g250/p01-s02-c0022/sb0010	prepared
phase1-second-pilot-v210-m010-g250	p01-s02-c0022-v210-m010-g250-sb0011	p01-s02-c0022	c0022	v210-m010-g250	sb0011	676	0	p01-neutral-feedback/configs/s02-equilibrium-precision-v210-m010-g250/runs/p01-s02-c0022-v210-m010-g250-sb0011.toml	9d77f75b932206765d282f1a58fa2a9ecd6bf56659defb82f2b0c7fedfd4bd6a	p01-neutral-feedback/s02-equilibrium-precision-v210-m010-g250/p01-s02-c0022/sb0011	prepared
phase1-second-pilot-v210-m010-g250	p01-s02-c0022-v210-m010-g250-sb0012	p01-s02-c0022	c0022	v210-m010-g250	sb0012	677	0	p01-neutral-feedback/configs/s02-equilibrium-precision-v210-m010-g250/runs/p01-s02-c0022-v210-m010-g250-sb0012.toml	0c357475f04ec857d50b94c8aeccff54f826835beebe6a2bf079c662c40be37b	p01-neutral-feedback/s02-equilibrium-precision-v210-m010-g250/p01-s02-c0022/sb0012	prepared
phase1-second-pilot-v210-m010-g250	p01-s02-c0023-v210-m010-g250-sb0001	p01-s02-c0023	c0023	v210-m010-g250	sb0001	666	0	p01-neutral-feedback/configs/s02-equilibrium-precision-v210-m010-g250/runs/p01-s02-c0023-v210-m010-g250-sb0001.toml	02a4da146ae985bf80f1c94e5722464ceddf48ffd7bc72cbbedfde5ce6e3e9ee	p01-neutral-feedback/s02-equilibrium-precision-v210-m010-g250/p01-s02-c0023/sb0001	prepared
phase1-second-pilot-v210-m010-g250	p01-s02-c0023-v210-m010-g250-sb0002	p01-s02-c0023	c0023	v210-m010-g250	sb0002	667	0	p01-neutral-feedback/configs/s02-equilibrium-precision-v210-m010-g250/runs/p01-s02-c0023-v210-m010-g250-sb0002.toml	bba825e6e699de84c6e215cc13cca1dd2c3b5201e25c0c91e1e9a15386fe57a8	p01-neutral-feedback/s02-equilibrium-precision-v210-m010-g250/p01-s02-c0023/sb0002	prepared
phase1-second-pilot-v210-m010-g250	p01-s02-c0023-v210-m010-g250-sb0003	p01-s02-c0023	c0023	v210-m010-g250	sb0003	668	0	p01-neutral-feedback/configs/s02-equilibrium-precision-v210-m010-g250/runs/p01-s02-c0023-v210-m010-g250-sb0003.toml	489b1d16588bfd5206cb635b7e1813c5a5bf2cb0d702b0b718b60873728b81fd	p01-neutral-feedback/s02-equilibrium-precision-v210-m010-g250/p01-s02-c0023/sb0003	prepared
phase1-second-pilot-v210-m010-g250	p01-s02-c0023-v210-m010-g250-sb0004	p01-s02-c0023	c0023	v210-m010-g250	sb0004	669	0	p01-neutral-feedback/configs/s02-equilibrium-precision-v210-m010-g250/runs/p01-s02-c0023-v210-m010-g250-sb0004.toml	a72566bfce31c4997fde98d4bbd1abd5b92b587dbff852dc4b1f4006eebcdca9	p01-neutral-feedback/s02-equilibrium-precision-v210-m010-g250/p01-s02-c0023/sb0004	prepared
phase1-second-pilot-v210-m010-g250	p01-s02-c0023-v210-m010-g250-sb0005	p01-s02-c0023	c0023	v210-m010-g250	sb0005	670	0	p01-neutral-feedback/configs/s02-equilibrium-precision-v210-m010-g250/runs/p01-s02-c0023-v210-m010-g250-sb0005.toml	07e6eb6abb1c80ec540b4df9a59eba18374bc084401ed9e53d9e14e5da58c9c1	p01-neutral-feedback/s02-equilibrium-precision-v210-m010-g250/p01-s02-c0023/sb0005	prepared
phase1-second-pilot-v210-m010-g250	p01-s02-c0023-v210-m010-g250-sb0006	p01-s02-c0023	c0023	v210-m010-g250	sb0006	671	0	p01-neutral-feedback/configs/s02-equilibrium-precision-v210-m010-g250/runs/p01-s02-c0023-v210-m010-g250-sb0006.toml	f885f748ac3d0e5269deda160286bf791b44055fd3d57ee491f553030464a58e	p01-neutral-feedback/s02-equilibrium-precision-v210-m010-g250/p01-s02-c0023/sb0006	prepared
phase1-second-pilot-v210-m010-g250	p01-s02-c0023-v210-m010-g250-sb0007	p01-s02-c0023	c0023	v210-m010-g250	sb0007	672	0	p01-neutral-feedback/configs/s02-equilibrium-precision-v210-m010-g250/runs/p01-s02-c0023-v210-m010-g250-sb0007.toml	e2d55181f9fdceb22e6c1dc9617f488dc5f715452f2cadedc9cc018c43d26d21	p01-neutral-feedback/s02-equilibrium-precision-v210-m010-g250/p01-s02-c0023/sb0007	prepared
phase1-second-pilot-v210-m010-g250	p01-s02-c0023-v210-m010-g250-sb0008	p01-s02-c0023	c0023	v210-m010-g250	sb0008	673	0	p01-neutral-feedback/configs/s02-equilibrium-precision-v210-m010-g250/runs/p01-s02-c0023-v210-m010-g250-sb0008.toml	c79abdbc1a3043a1284ca518e6026854f4505795f0737dd34bbf6a4b37e31d4a	p01-neutral-feedback/s02-equilibrium-precision-v210-m010-g250/p01-s02-c0023/sb0008	prepared
phase1-second-pilot-v210-m010-g250	p01-s02-c0023-v210-m010-g250-sb0009	p01-s02-c0023	c0023	v210-m010-g250	sb0009	674	0	p01-neutral-feedback/configs/s02-equilibrium-precision-v210-m010-g250/runs/p01-s02-c0023-v210-m010-g250-sb0009.toml	845df90db870f4f4c14cac0d2c5402b500d4d440d2983eff7b17c16a19298d79	p01-neutral-feedback/s02-equilibrium-precision-v210-m010-g250/p01-s02-c0023/sb0009	prepared
phase1-second-pilot-v210-m010-g250	p01-s02-c0023-v210-m010-g250-sb0010	p01-s02-c0023	c0023	v210-m010-g250	sb0010	675	0	p01-neutral-feedback/configs/s02-equilibrium-precision-v210-m010-g250/runs/p01-s02-c0023-v210-m010-g250-sb0010.toml	76dff0f66c8ff3b89999bfb051b922e4d0f90cd541200115340b8a55c260a356	p01-neutral-feedback/s02-equilibrium-precision-v210-m010-g250/p01-s02-c0023/sb0010	prepared
phase1-second-pilot-v210-m010-g250	p01-s02-c0023-v210-m010-g250-sb0011	p01-s02-c0023	c0023	v210-m010-g250	sb0011	676	0	p01-neutral-feedback/configs/s02-equilibrium-precision-v210-m010-g250/runs/p01-s02-c0023-v210-m010-g250-sb0011.toml	486c49fe5b94fd35e0d6055d1fed698d53f550a3ff8e7783fbcca1bc1bf3c5d9	p01-neutral-feedback/s02-equilibrium-precision-v210-m010-g250/p01-s02-c0023/sb0011	prepared
phase1-second-pilot-v210-m010-g250	p01-s02-c0023-v210-m010-g250-sb0012	p01-s02-c0023	c0023	v210-m010-g250	sb0012	677	0	p01-neutral-feedback/configs/s02-equilibrium-precision-v210-m010-g250/runs/p01-s02-c0023-v210-m010-g250-sb0012.toml	241227fcb8249c66630d349c12212484c2f95125f8cb2f33fb92357fa1a736a2	p01-neutral-feedback/s02-equilibrium-precision-v210-m010-g250/p01-s02-c0023/sb0012	prepared
phase1-second-pilot-v210-m010-g250	p01-s02-c0024-v210-m010-g250-sb0001	p01-s02-c0024	c0024	v210-m010-g250	sb0001	666	0	p01-neutral-feedback/configs/s02-equilibrium-precision-v210-m010-g250/runs/p01-s02-c0024-v210-m010-g250-sb0001.toml	300b872f7326a2a8bfe8d590d5f269f0ac6c0aff24e97b9f322f2369c4838718	p01-neutral-feedback/s02-equilibrium-precision-v210-m010-g250/p01-s02-c0024/sb0001	prepared
phase1-second-pilot-v210-m010-g250	p01-s02-c0024-v210-m010-g250-sb0002	p01-s02-c0024	c0024	v210-m010-g250	sb0002	667	0	p01-neutral-feedback/configs/s02-equilibrium-precision-v210-m010-g250/runs/p01-s02-c0024-v210-m010-g250-sb0002.toml	0397d9e9ee834cf36411a9ba9f75d401dc08e07d291d530256c45343cab051f0	p01-neutral-feedback/s02-equilibrium-precision-v210-m010-g250/p01-s02-c0024/sb0002	prepared
phase1-second-pilot-v210-m010-g250	p01-s02-c0024-v210-m010-g250-sb0003	p01-s02-c0024	c0024	v210-m010-g250	sb0003	668	0	p01-neutral-feedback/configs/s02-equilibrium-precision-v210-m010-g250/runs/p01-s02-c0024-v210-m010-g250-sb0003.toml	9e47c52a90dd3ebec311b495deceae972415a15a76ddec42be866f31e9cd25be	p01-neutral-feedback/s02-equilibrium-precision-v210-m010-g250/p01-s02-c0024/sb0003	prepared
phase1-second-pilot-v210-m010-g250	p01-s02-c0024-v210-m010-g250-sb0004	p01-s02-c0024	c0024	v210-m010-g250	sb0004	669	0	p01-neutral-feedback/configs/s02-equilibrium-precision-v210-m010-g250/runs/p01-s02-c0024-v210-m010-g250-sb0004.toml	a5b595b6232505255243bda5095a021d78359db5277f9e977a4e9c27bb5d9780	p01-neutral-feedback/s02-equilibrium-precision-v210-m010-g250/p01-s02-c0024/sb0004	prepared
phase1-second-pilot-v210-m010-g250	p01-s02-c0024-v210-m010-g250-sb0005	p01-s02-c0024	c0024	v210-m010-g250	sb0005	670	0	p01-neutral-feedback/configs/s02-equilibrium-precision-v210-m010-g250/runs/p01-s02-c0024-v210-m010-g250-sb0005.toml	638cbd16d736f0e93ee4b4e9f56c74145163b17c622ed2ac30fe3d8581616be7	p01-neutral-feedback/s02-equilibrium-precision-v210-m010-g250/p01-s02-c0024/sb0005	prepared
phase1-second-pilot-v210-m010-g250	p01-s02-c0024-v210-m010-g250-sb0006	p01-s02-c0024	c0024	v210-m010-g250	sb0006	671	0	p01-neutral-feedback/configs/s02-equilibrium-precision-v210-m010-g250/runs/p01-s02-c0024-v210-m010-g250-sb0006.toml	9de3b296abc9d220190d21e4b3b551982b974c8322511466ff12b06273a60845	p01-neutral-feedback/s02-equilibrium-precision-v210-m010-g250/p01-s02-c0024/sb0006	prepared
phase1-second-pilot-v210-m010-g250	p01-s02-c0024-v210-m010-g250-sb0007	p01-s02-c0024	c0024	v210-m010-g250	sb0007	672	0	p01-neutral-feedback/configs/s02-equilibrium-precision-v210-m010-g250/runs/p01-s02-c0024-v210-m010-g250-sb0007.toml	aa02a6bb1984b774356dc1a88c269ea5842a884f313d3a2f1b127a9c11b693ca	p01-neutral-feedback/s02-equilibrium-precision-v210-m010-g250/p01-s02-c0024/sb0007	prepared
phase1-second-pilot-v210-m010-g250	p01-s02-c0024-v210-m010-g250-sb0008	p01-s02-c0024	c0024	v210-m010-g250	sb0008	673	0	p01-neutral-feedback/configs/s02-equilibrium-precision-v210-m010-g250/runs/p01-s02-c0024-v210-m010-g250-sb0008.toml	dc0742d1ddb67bd8143fcf251c2eae231235ecda1c1de634d5c7123691f1f11d	p01-neutral-feedback/s02-equilibrium-precision-v210-m010-g250/p01-s02-c0024/sb0008	prepared
phase1-second-pilot-v210-m010-g250	p01-s02-c0024-v210-m010-g250-sb0009	p01-s02-c0024	c0024	v210-m010-g250	sb0009	674	0	p01-neutral-feedback/configs/s02-equilibrium-precision-v210-m010-g250/runs/p01-s02-c0024-v210-m010-g250-sb0009.toml	7d079eea491967b0aff01b068d8752a7981318ddf7a504e5eca28b567f86b2c6	p01-neutral-feedback/s02-equilibrium-precision-v210-m010-g250/p01-s02-c0024/sb0009	prepared
phase1-second-pilot-v210-m010-g250	p01-s02-c0024-v210-m010-g250-sb0010	p01-s02-c0024	c0024	v210-m010-g250	sb0010	675	0	p01-neutral-feedback/configs/s02-equilibrium-precision-v210-m010-g250/runs/p01-s02-c0024-v210-m010-g250-sb0010.toml	deccc4000d7f7e44b9e67b82b99ba414d12105ed4d35240e034ecc4a4a84d88c	p01-neutral-feedback/s02-equilibrium-precision-v210-m010-g250/p01-s02-c0024/sb0010	prepared
phase1-second-pilot-v210-m010-g250	p01-s02-c0024-v210-m010-g250-sb0011	p01-s02-c0024	c0024	v210-m010-g250	sb0011	676	0	p01-neutral-feedback/configs/s02-equilibrium-precision-v210-m010-g250/runs/p01-s02-c0024-v210-m010-g250-sb0011.toml	97f7dee22f509436bbe35fa872c2709b06043568c8f226cac15285567f8e6957	p01-neutral-feedback/s02-equilibrium-precision-v210-m010-g250/p01-s02-c0024/sb0011	prepared
phase1-second-pilot-v210-m010-g250	p01-s02-c0024-v210-m010-g250-sb0012	p01-s02-c0024	c0024	v210-m010-g250	sb0012	677	0	p01-neutral-feedback/configs/s02-equilibrium-precision-v210-m010-g250/runs/p01-s02-c0024-v210-m010-g250-sb0012.toml	6b5474840bc522740bdbc493659bd8331bfd3178151a2a2f4de98abcdbb92833	p01-neutral-feedback/s02-equilibrium-precision-v210-m010-g250/p01-s02-c0024/sb0012	prepared
phase1-second-pilot-v210-m010-g250	p01-s02-c0025-v210-m010-g250-sb0001	p01-s02-c0025	c0025	v210-m010-g250	sb0001	666	0	p01-neutral-feedback/configs/s02-equilibrium-precision-v210-m010-g250/runs/p01-s02-c0025-v210-m010-g250-sb0001.toml	a41f4bb76ac24dfd91be54455992a2a044bde518067486d74676581d8c741469	p01-neutral-feedback/s02-equilibrium-precision-v210-m010-g250/p01-s02-c0025/sb0001	prepared
phase1-second-pilot-v210-m010-g250	p01-s02-c0025-v210-m010-g250-sb0002	p01-s02-c0025	c0025	v210-m010-g250	sb0002	667	0	p01-neutral-feedback/configs/s02-equilibrium-precision-v210-m010-g250/runs/p01-s02-c0025-v210-m010-g250-sb0002.toml	e82ffb992092bff490b5165fcb39d9c3731fa8280bd0caa3adbb7c05b4c62694	p01-neutral-feedback/s02-equilibrium-precision-v210-m010-g250/p01-s02-c0025/sb0002	prepared
phase1-second-pilot-v210-m010-g250	p01-s02-c0025-v210-m010-g250-sb0003	p01-s02-c0025	c0025	v210-m010-g250	sb0003	668	0	p01-neutral-feedback/configs/s02-equilibrium-precision-v210-m010-g250/runs/p01-s02-c0025-v210-m010-g250-sb0003.toml	c048b111d44554c3787cd70f8ca020eb35e1c66a2b637f344886dc654061aa7a	p01-neutral-feedback/s02-equilibrium-precision-v210-m010-g250/p01-s02-c0025/sb0003	prepared
phase1-second-pilot-v210-m010-g250	p01-s02-c0025-v210-m010-g250-sb0004	p01-s02-c0025	c0025	v210-m010-g250	sb0004	669	0	p01-neutral-feedback/configs/s02-equilibrium-precision-v210-m010-g250/runs/p01-s02-c0025-v210-m010-g250-sb0004.toml	1a6954ab4bb8564f40c5ffd4e2ed7b547f37c4770508e4b1ae5cd8c64e6f5ad8	p01-neutral-feedback/s02-equilibrium-precision-v210-m010-g250/p01-s02-c0025/sb0004	prepared
phase1-second-pilot-v210-m010-g250	p01-s02-c0025-v210-m010-g250-sb0005	p01-s02-c0025	c0025	v210-m010-g250	sb0005	670	0	p01-neutral-feedback/configs/s02-equilibrium-precision-v210-m010-g250/runs/p01-s02-c0025-v210-m010-g250-sb0005.toml	335f9356b2fd62d752379e5c1c35b59222e617346a382e81f1ff03d87977d342	p01-neutral-feedback/s02-equilibrium-precision-v210-m010-g250/p01-s02-c0025/sb0005	prepared
phase1-second-pilot-v210-m010-g250	p01-s02-c0025-v210-m010-g250-sb0006	p01-s02-c0025	c0025	v210-m010-g250	sb0006	671	0	p01-neutral-feedback/configs/s02-equilibrium-precision-v210-m010-g250/runs/p01-s02-c0025-v210-m010-g250-sb0006.toml	482caf74f8e504c560133b3c9f419fa10e5c7f3b4c4f168f20a4cb3b518af822	p01-neutral-feedback/s02-equilibrium-precision-v210-m010-g250/p01-s02-c0025/sb0006	prepared
phase1-second-pilot-v210-m010-g250	p01-s02-c0025-v210-m010-g250-sb0007	p01-s02-c0025	c0025	v210-m010-g250	sb0007	672	0	p01-neutral-feedback/configs/s02-equilibrium-precision-v210-m010-g250/runs/p01-s02-c0025-v210-m010-g250-sb0007.toml	a528814d4ea3574642bcbe514691368bf8625abcc48b9c55fc8de28bccaf6ecf	p01-neutral-feedback/s02-equilibrium-precision-v210-m010-g250/p01-s02-c0025/sb0007	prepared
phase1-second-pilot-v210-m010-g250	p01-s02-c0025-v210-m010-g250-sb0008	p01-s02-c0025	c0025	v210-m010-g250	sb0008	673	0	p01-neutral-feedback/configs/s02-equilibrium-precision-v210-m010-g250/runs/p01-s02-c0025-v210-m010-g250-sb0008.toml	a22ae44ff7cc59e2b4d4dfa48760a3f63da59346db430ca084ff87482ce32daf	p01-neutral-feedback/s02-equilibrium-precision-v210-m010-g250/p01-s02-c0025/sb0008	prepared
phase1-second-pilot-v210-m010-g250	p01-s02-c0025-v210-m010-g250-sb0009	p01-s02-c0025	c0025	v210-m010-g250	sb0009	674	0	p01-neutral-feedback/configs/s02-equilibrium-precision-v210-m010-g250/runs/p01-s02-c0025-v210-m010-g250-sb0009.toml	013c014914b653fed7ff13453f39b107527bc8df8b04fd7470c258a013813ebf	p01-neutral-feedback/s02-equilibrium-precision-v210-m010-g250/p01-s02-c0025/sb0009	prepared
phase1-second-pilot-v210-m010-g250	p01-s02-c0025-v210-m010-g250-sb0010	p01-s02-c0025	c0025	v210-m010-g250	sb0010	675	0	p01-neutral-feedback/configs/s02-equilibrium-precision-v210-m010-g250/runs/p01-s02-c0025-v210-m010-g250-sb0010.toml	229bf2b615f5e66c7b18cbd93ca52e409638281f8391b13f1056da2f4219cf8a	p01-neutral-feedback/s02-equilibrium-precision-v210-m010-g250/p01-s02-c0025/sb0010	prepared
phase1-second-pilot-v210-m010-g250	p01-s02-c0025-v210-m010-g250-sb0011	p01-s02-c0025	c0025	v210-m010-g250	sb0011	676	0	p01-neutral-feedback/configs/s02-equilibrium-precision-v210-m010-g250/runs/p01-s02-c0025-v210-m010-g250-sb0011.toml	1c580b5387a091a49becee6894749dd59880651229fc4894727baccd76069f56	p01-neutral-feedback/s02-equilibrium-precision-v210-m010-g250/p01-s02-c0025/sb0011	prepared
phase1-second-pilot-v210-m010-g250	p01-s02-c0025-v210-m010-g250-sb0012	p01-s02-c0025	c0025	v210-m010-g250	sb0012	677	0	p01-neutral-feedback/configs/s02-equilibrium-precision-v210-m010-g250/runs/p01-s02-c0025-v210-m010-g250-sb0012.toml	3cc8f5422cb627fceaa6aad7774aa6b7cd5b86123ac840716308eddde376aabd	p01-neutral-feedback/s02-equilibrium-precision-v210-m010-g250/p01-s02-c0025/sb0012	prepared
phase1-second-pilot-v210-m010-g250	p01-s02-c0026-v210-m010-g250-sb0001	p01-s02-c0026	c0026	v210-m010-g250	sb0001	666	0	p01-neutral-feedback/configs/s02-equilibrium-precision-v210-m010-g250/runs/p01-s02-c0026-v210-m010-g250-sb0001.toml	5065776eeebd6e4a7bad994a69b983028ef088cc413e8a0c2f97bdb9f43efcb4	p01-neutral-feedback/s02-equilibrium-precision-v210-m010-g250/p01-s02-c0026/sb0001	prepared
phase1-second-pilot-v210-m010-g250	p01-s02-c0026-v210-m010-g250-sb0002	p01-s02-c0026	c0026	v210-m010-g250	sb0002	667	0	p01-neutral-feedback/configs/s02-equilibrium-precision-v210-m010-g250/runs/p01-s02-c0026-v210-m010-g250-sb0002.toml	b4312e5b52d6d294f809698fc5c4833a0ab0e7de9346127ef74f5ea5515aee00	p01-neutral-feedback/s02-equilibrium-precision-v210-m010-g250/p01-s02-c0026/sb0002	prepared
phase1-second-pilot-v210-m010-g250	p01-s02-c0026-v210-m010-g250-sb0003	p01-s02-c0026	c0026	v210-m010-g250	sb0003	668	0	p01-neutral-feedback/configs/s02-equilibrium-precision-v210-m010-g250/runs/p01-s02-c0026-v210-m010-g250-sb0003.toml	fa948d4d727deeea5c278be2657506f0d27888a3ead73a990702d53e8e0a20bd	p01-neutral-feedback/s02-equilibrium-precision-v210-m010-g250/p01-s02-c0026/sb0003	prepared
phase1-second-pilot-v210-m010-g250	p01-s02-c0026-v210-m010-g250-sb0004	p01-s02-c0026	c0026	v210-m010-g250	sb0004	669	0	p01-neutral-feedback/configs/s02-equilibrium-precision-v210-m010-g250/runs/p01-s02-c0026-v210-m010-g250-sb0004.toml	1b477c80972d2ff29d47ded91bcff2cc0292781b60644dddfd0cf515594e38c7	p01-neutral-feedback/s02-equilibrium-precision-v210-m010-g250/p01-s02-c0026/sb0004	prepared
phase1-second-pilot-v210-m010-g250	p01-s02-c0026-v210-m010-g250-sb0005	p01-s02-c0026	c0026	v210-m010-g250	sb0005	670	0	p01-neutral-feedback/configs/s02-equilibrium-precision-v210-m010-g250/runs/p01-s02-c0026-v210-m010-g250-sb0005.toml	3f5cf3575e020cb19fd83c8e6244ecc5af86aa2ed953459fca4a5b1370cae863	p01-neutral-feedback/s02-equilibrium-precision-v210-m010-g250/p01-s02-c0026/sb0005	prepared
phase1-second-pilot-v210-m010-g250	p01-s02-c0026-v210-m010-g250-sb0006	p01-s02-c0026	c0026	v210-m010-g250	sb0006	671	0	p01-neutral-feedback/configs/s02-equilibrium-precision-v210-m010-g250/runs/p01-s02-c0026-v210-m010-g250-sb0006.toml	38df1760ac25e371c75f0593e226e131be880a68d5efc2eebdaf67fb1a4925e9	p01-neutral-feedback/s02-equilibrium-precision-v210-m010-g250/p01-s02-c0026/sb0006	prepared
phase1-second-pilot-v210-m010-g250	p01-s02-c0026-v210-m010-g250-sb0007	p01-s02-c0026	c0026	v210-m010-g250	sb0007	672	0	p01-neutral-feedback/configs/s02-equilibrium-precision-v210-m010-g250/runs/p01-s02-c0026-v210-m010-g250-sb0007.toml	2bdbd4db427735a94f1ae2f1557bcf99294ddd2fba468441003fe45252b5f345	p01-neutral-feedback/s02-equilibrium-precision-v210-m010-g250/p01-s02-c0026/sb0007	prepared
phase1-second-pilot-v210-m010-g250	p01-s02-c0026-v210-m010-g250-sb0008	p01-s02-c0026	c0026	v210-m010-g250	sb0008	673	0	p01-neutral-feedback/configs/s02-equilibrium-precision-v210-m010-g250/runs/p01-s02-c0026-v210-m010-g250-sb0008.toml	9bdb1bb4d35396df1fbaf28f8dec9a836a745f974711e4f7a60336d875979a74	p01-neutral-feedback/s02-equilibrium-precision-v210-m010-g250/p01-s02-c0026/sb0008	prepared
phase1-second-pilot-v210-m010-g250	p01-s02-c0026-v210-m010-g250-sb0009	p01-s02-c0026	c0026	v210-m010-g250	sb0009	674	0	p01-neutral-feedback/configs/s02-equilibrium-precision-v210-m010-g250/runs/p01-s02-c0026-v210-m010-g250-sb0009.toml	88ce045d96d929488d4f2fc95329919c63166a2a6ac061b27bb4ee280f14ff1d	p01-neutral-feedback/s02-equilibrium-precision-v210-m010-g250/p01-s02-c0026/sb0009	prepared
phase1-second-pilot-v210-m010-g250	p01-s02-c0026-v210-m010-g250-sb0010	p01-s02-c0026	c0026	v210-m010-g250	sb0010	675	0	p01-neutral-feedback/configs/s02-equilibrium-precision-v210-m010-g250/runs/p01-s02-c0026-v210-m010-g250-sb0010.toml	2e1eec9c3dc822d4a3de91cf28e736317f56b28f20fd4445904974aae9b39d5c	p01-neutral-feedback/s02-equilibrium-precision-v210-m010-g250/p01-s02-c0026/sb0010	prepared
phase1-second-pilot-v210-m010-g250	p01-s02-c0026-v210-m010-g250-sb0011	p01-s02-c0026	c0026	v210-m010-g250	sb0011	676	0	p01-neutral-feedback/configs/s02-equilibrium-precision-v210-m010-g250/runs/p01-s02-c0026-v210-m010-g250-sb0011.toml	0bb7788f336b19b3507fd907bf512f8944b1b4766b670ca5ed8bcb1b4fbef0d4	p01-neutral-feedback/s02-equilibrium-precision-v210-m010-g250/p01-s02-c0026/sb0011	prepared
phase1-second-pilot-v210-m010-g250	p01-s02-c0026-v210-m010-g250-sb0012	p01-s02-c0026	c0026	v210-m010-g250	sb0012	677	0	p01-neutral-feedback/configs/s02-equilibrium-precision-v210-m010-g250/runs/p01-s02-c0026-v210-m010-g250-sb0012.toml	21d9557547aaa2a7e070325f9369623a0d6e95184f2de536d3b45354320f1810	p01-neutral-feedback/s02-equilibrium-precision-v210-m010-g250/p01-s02-c0026/sb0012	prepared
