experiment_id	run_id	cell_id	variant_id	pilot_tier	seed_block_id	master_seed	within_run_replicate_index	config_path	config_sha256	scratch_relative_path	status
phase1-first-pilot-v210-m010	p01-s01-c0001-v210-m010-sb0001	p01-s01-c0001	v210-m010	core	sb0001	666	0	p01-neutral-feedback/configs/s01-pilot-v210-m010/runs/p01-s01-c0001-v210-m010-sb0001.toml	f8c9838d26646a1a66fa7365d25697af03b2d529041ce66ee87797c2182f862a	p01-neutral-feedback/s01-pilot-v210-m010/p01-s01-c0001/sb0001	prepared
phase1-first-pilot-v210-m010	p01-s01-c0001-v210-m010-sb0002	p01-s01-c0001	v210-m010	core	sb0002	667	0	p01-neutral-feedback/configs/s01-pilot-v210-m010/runs/p01-s01-c0001-v210-m010-sb0002.toml	1343c540276eca3fecfc8650ed07b86bebf914ec4b94d8fefb6de2b14382f057	p01-neutral-feedback/s01-pilot-v210-m010/p01-s01-c0001/sb0002	prepared
phase1-first-pilot-v210-m010	p01-s01-c0001-v210-m010-sb0003	p01-s01-c0001	v210-m010	core	sb0003	668	0	p01-neutral-feedback/configs/s01-pilot-v210-m010/runs/p01-s01-c0001-v210-m010-sb0003.toml	5e710bb94c716969822e77cb9ea94383bf1268a5826cc906cd5f48f377362c87	p01-neutral-feedback/s01-pilot-v210-m010/p01-s01-c0001/sb0003	prepared
phase1-first-pilot-v210-m010	p01-s01-c0002-v210-m010-sb0001	p01-s01-c0002	v210-m010	core	sb0001	666	0	p01-neutral-feedback/configs/s01-pilot-v210-m010/runs/p01-s01-c0002-v210-m010-sb0001.toml	e1e538b426e66e7c51fca580c203437814a474c3a47a2e5946b52ba68288fdf2	p01-neutral-feedback/s01-pilot-v210-m010/p01-s01-c0002/sb0001	prepared
phase1-first-pilot-v210-m010	p01-s01-c0002-v210-m010-sb0002	p01-s01-c0002	v210-m010	core	sb0002	667	0	p01-neutral-feedback/configs/s01-pilot-v210-m010/runs/p01-s01-c0002-v210-m010-sb0002.toml	d63bd523861c1c543a91b11d055c6b4ae2db8e1d0d7117332ce82a22c4338a22	p01-neutral-feedback/s01-pilot-v210-m010/p01-s01-c0002/sb0002	prepared
phase1-first-pilot-v210-m010	p01-s01-c0002-v210-m010-sb0003	p01-s01-c0002	v210-m010	core	sb0003	668	0	p01-neutral-feedback/configs/s01-pilot-v210-m010/runs/p01-s01-c0002-v210-m010-sb0003.toml	ddc4bfadc85ece81b591e7c4d5ca299e7a2b46ec67f78c297acc0fb198570f5f	p01-neutral-feedback/s01-pilot-v210-m010/p01-s01-c0002/sb0003	prepared
phase1-first-pilot-v210-m010	p01-s01-c0003-v210-m010-sb0001	p01-s01-c0003	v210-m010	core	sb0001	666	0	p01-neutral-feedback/configs/s01-pilot-v210-m010/runs/p01-s01-c0003-v210-m010-sb0001.toml	05f99aa907b227215e3755a603dd4cfc4852c10ad219c96f40355923008bacb7	p01-neutral-feedback/s01-pilot-v210-m010/p01-s01-c0003/sb0001	prepared
phase1-first-pilot-v210-m010	p01-s01-c0003-v210-m010-sb0002	p01-s01-c0003	v210-m010	core	sb0002	667	0	p01-neutral-feedback/configs/s01-pilot-v210-m010/runs/p01-s01-c0003-v210-m010-sb0002.toml	77cd8d301eb5b9c548632d0b2469ca1b8a6c4a65dea5aa4e114184ccd07608f3	p01-neutral-feedback/s01-pilot-v210-m010/p01-s01-c0003/sb0002	prepared
phase1-first-pilot-v210-m010	p01-s01-c0003-v210-m010-sb0003	p01-s01-c0003	v210-m010	core	sb0003	668	0	p01-neutral-feedback/configs/s01-pilot-v210-m010/runs/p01-s01-c0003-v210-m010-sb0003.toml	b2f7a72bbb8806c5a1393160fd4e8e91c017a65a7491b238216c13b6a4bedf84	p01-neutral-feedback/s01-pilot-v210-m010/p01-s01-c0003/sb0003	prepared
phase1-first-pilot-v210-m010	p01-s01-c0004-v210-m010-sb0001	p01-s01-c0004	v210-m010	core	sb0001	666	0	p01-neutral-feedback/configs/s01-pilot-v210-m010/runs/p01-s01-c0004-v210-m010-sb0001.toml	5d571003cf610bf53d962a06fcbfe2f226e145e39ca94019e832ddca4c8c42ae	p01-neutral-feedback/s01-pilot-v210-m010/p01-s01-c0004/sb0001	prepared
phase1-first-pilot-v210-m010	p01-s01-c0004-v210-m010-sb0002	p01-s01-c0004	v210-m010	core	sb0002	667	0	p01-neutral-feedback/configs/s01-pilot-v210-m010/runs/p01-s01-c0004-v210-m010-sb0002.toml	8941e77829421b7b23633d6f56b109b2a21ccf0219d4a8bfd3578d88d714a308	p01-neutral-feedback/s01-pilot-v210-m010/p01-s01-c0004/sb0002	prepared
phase1-first-pilot-v210-m010	p01-s01-c0004-v210-m010-sb0003	p01-s01-c0004	v210-m010	core	sb0003	668	0	p01-neutral-feedback/configs/s01-pilot-v210-m010/runs/p01-s01-c0004-v210-m010-sb0003.toml	ba66490be392f293446da59f9bbfd1d82bbe96171406833e263d751c00cbabe5	p01-neutral-feedback/s01-pilot-v210-m010/p01-s01-c0004/sb0003	prepared
phase1-first-pilot-v210-m010	p01-s01-c0005-v210-m010-sb0001	p01-s01-c0005	v210-m010	core	sb0001	666	0	p01-neutral-feedback/configs/s01-pilot-v210-m010/runs/p01-s01-c0005-v210-m010-sb0001.toml	bfa20e5f410d872982d4b1087c2033f4234734df412b8fb9fcac90ce438083ed	p01-neutral-feedback/s01-pilot-v210-m010/p01-s01-c0005/sb0001	prepared
phase1-first-pilot-v210-m010	p01-s01-c0005-v210-m010-sb0002	p01-s01-c0005	v210-m010	core	sb0002	667	0	p01-neutral-feedback/configs/s01-pilot-v210-m010/runs/p01-s01-c0005-v210-m010-sb0002.toml	4bfdfd1ba93ba7875888dfbb46f9a1759ab05f3d9ea688f7b818619bbef3c798	p01-neutral-feedback/s01-pilot-v210-m010/p01-s01-c0005/sb0002	prepared
phase1-first-pilot-v210-m010	p01-s01-c0005-v210-m010-sb0003	p01-s01-c0005	v210-m010	core	sb0003	668	0	p01-neutral-feedback/configs/s01-pilot-v210-m010/runs/p01-s01-c0005-v210-m010-sb0003.toml	ed71c8a1a147bc8e4cf2e13f79f19ae8c5a24276adf357f210639ca23de5ac17	p01-neutral-feedback/s01-pilot-v210-m010/p01-s01-c0005/sb0003	prepared
phase1-first-pilot-v210-m010	p01-s01-c0006-v210-m010-sb0001	p01-s01-c0006	v210-m010	core	sb0001	666	0	p01-neutral-feedback/configs/s01-pilot-v210-m010/runs/p01-s01-c0006-v210-m010-sb0001.toml	5389d2c766f6390ed972751ce9dc79e3f31d5ca1518730602238f53dcbe81c25	p01-neutral-feedback/s01-pilot-v210-m010/p01-s01-c0006/sb0001	prepared
phase1-first-pilot-v210-m010	p01-s01-c0006-v210-m010-sb0002	p01-s01-c0006	v210-m010	core	sb0002	667	0	p01-neutral-feedback/configs/s01-pilot-v210-m010/runs/p01-s01-c0006-v210-m010-sb0002.toml	4d6b2122bc4c9b397a41ab993188bb3bd499c74d0048e53d6df91e6253688155	p01-neutral-feedback/s01-pilot-v210-m010/p01-s01-c0006/sb0002	prepared
phase1-first-pilot-v210-m010	p01-s01-c0006-v210-m010-sb0003	p01-s01-c0006	v210-m010	core	sb0003	668	0	p01-neutral-feedback/configs/s01-pilot-v210-m010/runs/p01-s01-c0006-v210-m010-sb0003.toml	558aa4b39a0a6c2d257ffe15811f782aaf6325310c584ec5eb4470b700f44920	p01-neutral-feedback/s01-pilot-v210-m010/p01-s01-c0006/sb0003	prepared
phase1-first-pilot-v210-m010	p01-s01-c0007-v210-m010-sb0001	p01-s01-c0007	v210-m010	core	sb0001	666	0	p01-neutral-feedback/configs/s01-pilot-v210-m010/runs/p01-s01-c0007-v210-m010-sb0001.toml	3592283b1a608ea5d48c38aea3d3c900eb941f2b3a69392764dd4bba90a809a9	p01-neutral-feedback/s01-pilot-v210-m010/p01-s01-c0007/sb0001	prepared
phase1-first-pilot-v210-m010	p01-s01-c0007-v210-m010-sb0002	p01-s01-c0007	v210-m010	core	sb0002	667	0	p01-neutral-feedback/configs/s01-pilot-v210-m010/runs/p01-s01-c0007-v210-m010-sb0002.toml	efdce69a83b35e67c501dd78d21572f173be4bbcbf7a6607f06215e031310560	p01-neutral-feedback/s01-pilot-v210-m010/p01-s01-c0007/sb0002	prepared
phase1-first-pilot-v210-m010	p01-s01-c0007-v210-m010-sb0003	p01-s01-c0007	v210-m010	core	sb0003	668	0	p01-neutral-feedback/configs/s01-pilot-v210-m010/runs/p01-s01-c0007-v210-m010-sb0003.toml	ca132366125e0abf4a1198c5f97a8f2e06fa6ad7dcc0909577c1ed9fe8f9aaeb	p01-neutral-feedback/s01-pilot-v210-m010/p01-s01-c0007/sb0003	prepared
phase1-first-pilot-v210-m010	p01-s01-c0008-v210-m010-sb0001	p01-s01-c0008	v210-m010	core	sb0001	666	0	p01-neutral-feedback/configs/s01-pilot-v210-m010/runs/p01-s01-c0008-v210-m010-sb0001.toml	1ec77ec13ccf484d74874bd7b4bdb1562c1bebc8b9f09fdf6cf7984cff44a45e	p01-neutral-feedback/s01-pilot-v210-m010/p01-s01-c0008/sb0001	prepared
phase1-first-pilot-v210-m010	p01-s01-c0008-v210-m010-sb0002	p01-s01-c0008	v210-m010	core	sb0002	667	0	p01-neutral-feedback/configs/s01-pilot-v210-m010/runs/p01-s01-c0008-v210-m010-sb0002.toml	f3d1f115191f226ce4e6bee742258563dc20ee4bd0aa81dc293f51626ea39b73	p01-neutral-feedback/s01-pilot-v210-m010/p01-s01-c0008/sb0002	prepared
phase1-first-pilot-v210-m010	p01-s01-c0008-v210-m010-sb0003	p01-s01-c0008	v210-m010	core	sb0003	668	0	p01-neutral-feedback/configs/s01-pilot-v210-m010/runs/p01-s01-c0008-v210-m010-sb0003.toml	390b29e943d2edaaf79be0278b9c783bc93eb6064aea80e4416ffb98da63bf3b	p01-neutral-feedback/s01-pilot-v210-m010/p01-s01-c0008/sb0003	prepared
phase1-first-pilot-v210-m010	p01-s01-c0009-v210-m010-sb0001	p01-s01-c0009	v210-m010	core	sb0001	666	0	p01-neutral-feedback/configs/s01-pilot-v210-m010/runs/p01-s01-c0009-v210-m010-sb0001.toml	c3324a109f144bbc5dfb5bb7b25d39b306d1f7905fc55312ba053015c88b2a85	p01-neutral-feedback/s01-pilot-v210-m010/p01-s01-c0009/sb0001	prepared
phase1-first-pilot-v210-m010	p01-s01-c0009-v210-m010-sb0002	p01-s01-c0009	v210-m010	core	sb0002	667	0	p01-neutral-feedback/configs/s01-pilot-v210-m010/runs/p01-s01-c0009-v210-m010-sb0002.toml	5ae548cdb1a64f179da16806c3fef5f1f9bc8b3113639577514d2d9ed3c75a29	p01-neutral-feedback/s01-pilot-v210-m010/p01-s01-c0009/sb0002	prepared
phase1-first-pilot-v210-m010	p01-s01-c0009-v210-m010-sb0003	p01-s01-c0009	v210-m010	core	sb0003	668	0	p01-neutral-feedback/configs/s01-pilot-v210-m010/runs/p01-s01-c0009-v210-m010-sb0003.toml	0432be1f6cab3b4cd006e2c76c59641221787b146a7864efde12a8db59c6a266	p01-neutral-feedback/s01-pilot-v210-m010/p01-s01-c0009/sb0003	prepared
phase1-first-pilot-v210-m010	p01-s01-c0010-v210-m010-sb0001	p01-s01-c0010	v210-m010	core	sb0001	666	0	p01-neutral-feedback/configs/s01-pilot-v210-m010/runs/p01-s01-c0010-v210-m010-sb0001.toml	34f950fdb0429c674e8e733fe1503dbdacd9606dd844b7a9ed7511619e6c6047	p01-neutral-feedback/s01-pilot-v210-m010/p01-s01-c0010/sb0001	prepared
phase1-first-pilot-v210-m010	p01-s01-c0010-v210-m010-sb0002	p01-s01-c0010	v210-m010	core	sb0002	667	0	p01-neutral-feedback/configs/s01-pilot-v210-m010/runs/p01-s01-c0010-v210-m010-sb0002.toml	55b30e5d606e16fd3ea7a5e226cac7fffb32115e149ea5a65d6a173a5a8a3f61	p01-neutral-feedback/s01-pilot-v210-m010/p01-s01-c0010/sb0002	prepared
phase1-first-pilot-v210-m010	p01-s01-c0010-v210-m010-sb0003	p01-s01-c0010	v210-m010	core	sb0003	668	0	p01-neutral-feedback/configs/s01-pilot-v210-m010/runs/p01-s01-c0010-v210-m010-sb0003.toml	d7d6cbc44fc96cf0cbbc66b89c71ade1de1ed08b4ca72600efe0425232579ac5	p01-neutral-feedback/s01-pilot-v210-m010/p01-s01-c0010/sb0003	prepared
phase1-first-pilot-v210-m010	p01-s01-c0011-v210-m010-sb0001	p01-s01-c0011	v210-m010	core	sb0001	666	0	p01-neutral-feedback/configs/s01-pilot-v210-m010/runs/p01-s01-c0011-v210-m010-sb0001.toml	bc52ccf8ad714d0e3af6c08d67a6a657e2a48d048dcb8e5659f1abe37f6a9922	p01-neutral-feedback/s01-pilot-v210-m010/p01-s01-c0011/sb0001	prepared
phase1-first-pilot-v210-m010	p01-s01-c0011-v210-m010-sb0002	p01-s01-c0011	v210-m010	core	sb0002	667	0	p01-neutral-feedback/configs/s01-pilot-v210-m010/runs/p01-s01-c0011-v210-m010-sb0002.toml	073f84e522705007d7e220d43be882a9e5e4be023af888409f774858ea43227b	p01-neutral-feedback/s01-pilot-v210-m010/p01-s01-c0011/sb0002	prepared
phase1-first-pilot-v210-m010	p01-s01-c0011-v210-m010-sb0003	p01-s01-c0011	v210-m010	core	sb0003	668	0	p01-neutral-feedback/configs/s01-pilot-v210-m010/runs/p01-s01-c0011-v210-m010-sb0003.toml	437e50b579684766a8dac548ca56ca6bc20cc647a2d802d11d01a0e3a5ffac57	p01-neutral-feedback/s01-pilot-v210-m010/p01-s01-c0011/sb0003	prepared
phase1-first-pilot-v210-m010	p01-s01-c0012-v210-m010-sb0001	p01-s01-c0012	v210-m010	core	sb0001	666	0	p01-neutral-feedback/configs/s01-pilot-v210-m010/runs/p01-s01-c0012-v210-m010-sb0001.toml	783b86ae96ebd2a870c3bb13f6f243ee8739e0baf8c7a2e514fce3a234a7213e	p01-neutral-feedback/s01-pilot-v210-m010/p01-s01-c0012/sb0001	prepared
phase1-first-pilot-v210-m010	p01-s01-c0012-v210-m010-sb0002	p01-s01-c0012	v210-m010	core	sb0002	667	0	p01-neutral-feedback/configs/s01-pilot-v210-m010/runs/p01-s01-c0012-v210-m010-sb0002.toml	448828b3f4a433f9490b9d4d1e41e23e255a2ebd4738f19cce46c8cebdd2c7ef	p01-neutral-feedback/s01-pilot-v210-m010/p01-s01-c0012/sb0002	prepared
phase1-first-pilot-v210-m010	p01-s01-c0012-v210-m010-sb0003	p01-s01-c0012	v210-m010	core	sb0003	668	0	p01-neutral-feedback/configs/s01-pilot-v210-m010/runs/p01-s01-c0012-v210-m010-sb0003.toml	7f185e8a9cefff1714117e41b0f5bfd7f9cc2bb8fb9535c8d4db2f5982437b00	p01-neutral-feedback/s01-pilot-v210-m010/p01-s01-c0012/sb0003	prepared
phase1-first-pilot-v210-m010	p01-s01-c0013-v210-m010-sb0001	p01-s01-c0013	v210-m010	extension	sb0001	666	0	p01-neutral-feedback/configs/s01-pilot-v210-m010/runs/p01-s01-c0013-v210-m010-sb0001.toml	66e21dab382e81df2e88546d644ec86847e1597ddd3698963af4f85016aebe52	p01-neutral-feedback/s01-pilot-v210-m010/p01-s01-c0013/sb0001	prepared
phase1-first-pilot-v210-m010	p01-s01-c0013-v210-m010-sb0002	p01-s01-c0013	v210-m010	extension	sb0002	667	0	p01-neutral-feedback/configs/s01-pilot-v210-m010/runs/p01-s01-c0013-v210-m010-sb0002.toml	caf133d27ba3d9ee7a1a649b23aed87c7fc518be7eb6cd5cf18211e63cbde7ad	p01-neutral-feedback/s01-pilot-v210-m010/p01-s01-c0013/sb0002	prepared
phase1-first-pilot-v210-m010	p01-s01-c0013-v210-m010-sb0003	p01-s01-c0013	v210-m010	extension	sb0003	668	0	p01-neutral-feedback/configs/s01-pilot-v210-m010/runs/p01-s01-c0013-v210-m010-sb0003.toml	ba64c801d09d1ff86b1fc6eb03c61bd643b92f0bef37bf8206fca74405b8a6e8	p01-neutral-feedback/s01-pilot-v210-m010/p01-s01-c0013/sb0003	prepared
phase1-first-pilot-v210-m010	p01-s01-c0014-v210-m010-sb0001	p01-s01-c0014	v210-m010	extension	sb0001	666	0	p01-neutral-feedback/configs/s01-pilot-v210-m010/runs/p01-s01-c0014-v210-m010-sb0001.toml	2b494f2fab285fc88387ad0b46a415e84d4f4b79eef84a7e79a2223cde8be3c9	p01-neutral-feedback/s01-pilot-v210-m010/p01-s01-c0014/sb0001	prepared
phase1-first-pilot-v210-m010	p01-s01-c0014-v210-m010-sb0002	p01-s01-c0014	v210-m010	extension	sb0002	667	0	p01-neutral-feedback/configs/s01-pilot-v210-m010/runs/p01-s01-c0014-v210-m010-sb0002.toml	8cb80cdbfcec2586e5ea1ff4a1deffbeeadaaef800a37f8d189401ac8d54b0dc	p01-neutral-feedback/s01-pilot-v210-m010/p01-s01-c0014/sb0002	prepared
phase1-first-pilot-v210-m010	p01-s01-c0014-v210-m010-sb0003	p01-s01-c0014	v210-m010	extension	sb0003	668	0	p01-neutral-feedback/configs/s01-pilot-v210-m010/runs/p01-s01-c0014-v210-m010-sb0003.toml	f0843da4322dcc30ab7acf7a0998c591a8b6f8aaaa5e9ef70a5c3f3558cf7e03	p01-neutral-feedback/s01-pilot-v210-m010/p01-s01-c0014/sb0003	prepared
phase1-first-pilot-v210-m010	p01-s01-c0015-v210-m010-sb0001	p01-s01-c0015	v210-m010	extension	sb0001	666	0	p01-neutral-feedback/configs/s01-pilot-v210-m010/runs/p01-s01-c0015-v210-m010-sb0001.toml	09400f0128788ad874248ee5dda59a8b8297289d5bed0ec2aed35783427d4f00	p01-neutral-feedback/s01-pilot-v210-m010/p01-s01-c0015/sb0001	prepared
phase1-first-pilot-v210-m010	p01-s01-c0015-v210-m010-sb0002	p01-s01-c0015	v210-m010	extension	sb0002	667	0	p01-neutral-feedback/configs/s01-pilot-v210-m010/runs/p01-s01-c0015-v210-m010-sb0002.toml	e47fa6711a8a404108d6aa9895ee5c792cec6f02004aaf3ce2398c481becf31b	p01-neutral-feedback/s01-pilot-v210-m010/p01-s01-c0015/sb0002	prepared
phase1-first-pilot-v210-m010	p01-s01-c0015-v210-m010-sb0003	p01-s01-c0015	v210-m010	extension	sb0003	668	0	p01-neutral-feedback/configs/s01-pilot-v210-m010/runs/p01-s01-c0015-v210-m010-sb0003.toml	6f303614aa11481f7c96bf82e1d9fb89cd81611f688d56cd5050e06ec3b962b0	p01-neutral-feedback/s01-pilot-v210-m010/p01-s01-c0015/sb0003	prepared
phase1-first-pilot-v210-m010	p01-s01-c0016-v210-m010-sb0001	p01-s01-c0016	v210-m010	extension	sb0001	666	0	p01-neutral-feedback/configs/s01-pilot-v210-m010/runs/p01-s01-c0016-v210-m010-sb0001.toml	5d3b85a8f59056d19a4296ce912326dc5883d808d3183a0ab456cd2c216a7521	p01-neutral-feedback/s01-pilot-v210-m010/p01-s01-c0016/sb0001	prepared
phase1-first-pilot-v210-m010	p01-s01-c0016-v210-m010-sb0002	p01-s01-c0016	v210-m010	extension	sb0002	667	0	p01-neutral-feedback/configs/s01-pilot-v210-m010/runs/p01-s01-c0016-v210-m010-sb0002.toml	00fbbea7ab16db16c35cd4d11b49c3c4e88a88730ec6973fe662043e64c21467	p01-neutral-feedback/s01-pilot-v210-m010/p01-s01-c0016/sb0002	prepared
phase1-first-pilot-v210-m010	p01-s01-c0016-v210-m010-sb0003	p01-s01-c0016	v210-m010	extension	sb0003	668	0	p01-neutral-feedback/configs/s01-pilot-v210-m010/runs/p01-s01-c0016-v210-m010-sb0003.toml	01b03490a6a1ed6935a276bec2fe078d1756f0928447846da1c3c259a2f8ef86	p01-neutral-feedback/s01-pilot-v210-m010/p01-s01-c0016/sb0003	prepared
phase1-first-pilot-v210-m010	p01-s01-c0017-v210-m010-sb0001	p01-s01-c0017	v210-m010	extension	sb0001	666	0	p01-neutral-feedback/configs/s01-pilot-v210-m010/runs/p01-s01-c0017-v210-m010-sb0001.toml	48d3a6f5a6f40c2ab7e1794cd5e01983a2e6ef119350db9b72e8688a1746488d	p01-neutral-feedback/s01-pilot-v210-m010/p01-s01-c0017/sb0001	prepared
phase1-first-pilot-v210-m010	p01-s01-c0017-v210-m010-sb0002	p01-s01-c0017	v210-m010	extension	sb0002	667	0	p01-neutral-feedback/configs/s01-pilot-v210-m010/runs/p01-s01-c0017-v210-m010-sb0002.toml	598770c7d6e7a23a2a5e8770ba60eabec29c10f2187b590d30e67d6919d043b3	p01-neutral-feedback/s01-pilot-v210-m010/p01-s01-c0017/sb0002	prepared
phase1-first-pilot-v210-m010	p01-s01-c0017-v210-m010-sb0003	p01-s01-c0017	v210-m010	extension	sb0003	668	0	p01-neutral-feedback/configs/s01-pilot-v210-m010/runs/p01-s01-c0017-v210-m010-sb0003.toml	c33166f74f96df26a8861b66baf4e8fcef0a164b1cf81a0de9731a7f492bc5a9	p01-neutral-feedback/s01-pilot-v210-m010/p01-s01-c0017/sb0003	prepared
phase1-first-pilot-v210-m010	p01-s01-c0018-v210-m010-sb0001	p01-s01-c0018	v210-m010	extension	sb0001	666	0	p01-neutral-feedback/configs/s01-pilot-v210-m010/runs/p01-s01-c0018-v210-m010-sb0001.toml	35165e505ae850f1a72c6fd67986a9efd5501e01d690798f4076bef1bf8f74ee	p01-neutral-feedback/s01-pilot-v210-m010/p01-s01-c0018/sb0001	prepared
phase1-first-pilot-v210-m010	p01-s01-c0018-v210-m010-sb0002	p01-s01-c0018	v210-m010	extension	sb0002	667	0	p01-neutral-feedback/configs/s01-pilot-v210-m010/runs/p01-s01-c0018-v210-m010-sb0002.toml	db7a974cebff8510509e1a8658e6b99d1b42318d8704d65719152a55a1f7cf10	p01-neutral-feedback/s01-pilot-v210-m010/p01-s01-c0018/sb0002	prepared
phase1-first-pilot-v210-m010	p01-s01-c0018-v210-m010-sb0003	p01-s01-c0018	v210-m010	extension	sb0003	668	0	p01-neutral-feedback/configs/s01-pilot-v210-m010/runs/p01-s01-c0018-v210-m010-sb0003.toml	6b4247c12ecda103701dbc856de254cbeaec7b01ed6c0d6ab043340aac8680b0	p01-neutral-feedback/s01-pilot-v210-m010/p01-s01-c0018/sb0003	prepared
phase1-first-pilot-v210-m010	p01-s01-c0019-v210-m010-sb0001	p01-s01-c0019	v210-m010	extension	sb0001	666	0	p01-neutral-feedback/configs/s01-pilot-v210-m010/runs/p01-s01-c0019-v210-m010-sb0001.toml	16380c23361ea3dcb262b7ad8633480b6d40799a39697b5189b38a572758039a	p01-neutral-feedback/s01-pilot-v210-m010/p01-s01-c0019/sb0001	prepared
phase1-first-pilot-v210-m010	p01-s01-c0019-v210-m010-sb0002	p01-s01-c0019	v210-m010	extension	sb0002	667	0	p01-neutral-feedback/configs/s01-pilot-v210-m010/runs/p01-s01-c0019-v210-m010-sb0002.toml	a85841ab6dca49771812c0b358403a9b5b370cdc12f63866ffb4ef8b23a186fd	p01-neutral-feedback/s01-pilot-v210-m010/p01-s01-c0019/sb0002	prepared
phase1-first-pilot-v210-m010	p01-s01-c0019-v210-m010-sb0003	p01-s01-c0019	v210-m010	extension	sb0003	668	0	p01-neutral-feedback/configs/s01-pilot-v210-m010/runs/p01-s01-c0019-v210-m010-sb0003.toml	99896b2624ae19f35a0700b5341e75b1cdfbbc933f87b345873b7b59c4bbc758	p01-neutral-feedback/s01-pilot-v210-m010/p01-s01-c0019/sb0003	prepared
phase1-first-pilot-v210-m010	p01-s01-c0020-v210-m010-sb0001	p01-s01-c0020	v210-m010	extension	sb0001	666	0	p01-neutral-feedback/configs/s01-pilot-v210-m010/runs/p01-s01-c0020-v210-m010-sb0001.toml	8fdb24d8fd940c1f207bef3b802614ef08760aa348a83ed9572f08ccdd004599	p01-neutral-feedback/s01-pilot-v210-m010/p01-s01-c0020/sb0001	prepared
phase1-first-pilot-v210-m010	p01-s01-c0020-v210-m010-sb0002	p01-s01-c0020	v210-m010	extension	sb0002	667	0	p01-neutral-feedback/configs/s01-pilot-v210-m010/runs/p01-s01-c0020-v210-m010-sb0002.toml	05ff89d05fe4e8d0431e1e56f5aa208a7a7e9c3ee9b37f883bd2f9a45df707df	p01-neutral-feedback/s01-pilot-v210-m010/p01-s01-c0020/sb0002	prepared
phase1-first-pilot-v210-m010	p01-s01-c0020-v210-m010-sb0003	p01-s01-c0020	v210-m010	extension	sb0003	668	0	p01-neutral-feedback/configs/s01-pilot-v210-m010/runs/p01-s01-c0020-v210-m010-sb0003.toml	9893a18b59109e24b6ee6ae8ddb82cd3770767d98bc04a12a43f381ce02d4a2b	p01-neutral-feedback/s01-pilot-v210-m010/p01-s01-c0020/sb0003	prepared
