cell_id	response	assessment_end_generation	window_generations	previous_assessment_equivalent	current_assessment_equivalent	largest_previous_ci_to_margin_ratio	largest_current_ci_to_margin_ratio	equivalence_margin	rank_normalized_split_rhat	approximate_combined_ess	stationarity_screen_pass	full_equilibrium_status
p01-s02-c0021	D0	200	50	True	True	4.0753445704045054e-15	4.0753445704045054e-15	5.0	1.0	1800.0	True	not established: contrasting initial conditions not tested
p01-s02-c0021	D1	200	50	True	True	0.0007498340108507597	0.0006235586526588041	1.711394793488143	1.0581121361929182	213.5081270032726	False	not established: contrasting initial conditions not tested
p01-s02-c0021	D2	200	50	True	True	0.0010030487979879983	0.0007664538221384281	1.110293667422798	1.0569150408933765	187.06126744128682	False	not established: contrasting initial conditions not tested
p01-s02-c0021	evenness	200	50	True	True	0.000407056871527949	0.0003385155418648061	0.02	1.0581121361929182	213.50755058843222	False	not established: contrasting initial conditions not tested
p01-s02-c0021	TV	200	50	True	True	0.00047176367857886073	0.00025849368762404743	0.05	1.0517164548471538	248.30271220234155	False	not established: contrasting initial conditions not tested
p01-s02-c0021	D0	250	50	True	True	4.0753445704045054e-15	4.0753445704045054e-15	5.0	1.0	1800.0	True	not established: contrasting initial conditions not tested
p01-s02-c0021	D1	250	50	True	True	0.0006235586526588041	0.0007949513771645319	1.7113986434934423	1.089673647778962	181.76772012012083	False	not established: contrasting initial conditions not tested
p01-s02-c0021	D2	250	50	True	True	0.0007664538221384281	0.0007349753341384419	1.1103038522201232	1.0781988420898294	179.15124940818583	False	not established: contrasting initial conditions not tested
p01-s02-c0021	evenness	250	50	True	True	0.0003385155418648061	0.0004315549712822478	0.02	1.089673647778962	181.76730704479795	False	not established: contrasting initial conditions not tested
p01-s02-c0021	TV	250	50	True	True	0.00025849368762404743	0.00025849368762404743	0.05	1.0632688051071315	207.45468939980074	False	not established: contrasting initial conditions not tested
p01-s02-c0022	D0	80	20	True	True	2.9698419350359553e-15	2.9698419350359553e-15	5.0	1.0	720.0	True	not established: contrasting initial conditions not tested
p01-s02-c0022	D1	80	20	False	False	2.2541324930202546	1.3301538265305435	1.5072931913910352	1.465898790970771	87.7366787486621	False	not established: contrasting initial conditions not tested
p01-s02-c0022	D2	80	20	False	False	2.087328250161684	2.087328250161684	1.0196521848398719	1.519984534142417	75.48796091463112	False	not established: contrasting initial conditions not tested
p01-s02-c0022	evenness	80	20	False	True	1.2027841648543365	0.7591562643288685	0.02	1.465898790970771	87.4875156599052	False	not established: contrasting initial conditions not tested
p01-s02-c0022	TV	80	20	False	True	1.6964094492657456	0.48336291069233217	0.05	1.072049634658593	169.0596091556438	False	not established: contrasting initial conditions not tested
p01-s02-c0022	D0	100	20	True	True	2.9698419350359553e-15	2.9698419350359553e-15	5.0	1.0	720.0	True	not established: contrasting initial conditions not tested
p01-s02-c0022	D1	100	20	False	False	1.3301538265305435	2.2880828557005866	1.5020213043716732	1.289114399085104	78.32626607882159	False	not established: contrasting initial conditions not tested
p01-s02-c0022	D2	100	20	False	False	2.087328250161684	3.097484881847441	1.0266330491982898	1.2978990009216618	83.4103784248047	False	not established: contrasting initial conditions not tested
p01-s02-c0022	evenness	100	20	True	False	0.7591562643288685	1.2658504000437316	0.02	1.289114399085104	78.12030657042536	False	not established: contrasting initial conditions not tested
p01-s02-c0022	TV	100	20	True	True	0.48336291069233217	0.48336291069233217	0.05	1.108249296085524	175.32891336998782	False	not established: contrasting initial conditions not tested
p01-s02-c0022	D0	120	20	True	True	2.9698419350359553e-15	2.9698419350359553e-15	5.0	1.0	720.0	True	not established: contrasting initial conditions not tested
p01-s02-c0022	D1	120	20	False	False	2.2880828557005866	2.2880828557005866	1.4865280438894914	1.3633067817933526	77.92893444139156	False	not established: contrasting initial conditions not tested
p01-s02-c0022	D2	120	20	False	False	3.097484881847441	3.097484881847441	1.020453907005458	1.4320782610780463	83.42353936164909	False	not established: contrasting initial conditions not tested
p01-s02-c0022	evenness	120	20	False	False	1.2658504000437316	1.2658504000437316	0.02	1.3633067817933526	77.85395459585584	False	not established: contrasting initial conditions not tested
p01-s02-c0022	TV	120	20	True	True	0.48336291069233217	0.4944112679638569	0.05	1.110596218451798	181.07909452963648	False	not established: contrasting initial conditions not tested
p01-s02-c0022	D0	140	20	True	True	2.9698419350359553e-15	2.9698419350359553e-15	5.0	1.0	720.0	True	not established: contrasting initial conditions not tested
p01-s02-c0022	D1	140	20	False	False	2.2880828557005866	2.2880828557005866	1.4678172295418195	1.2595161621947684	100.9833875917013	False	not established: contrasting initial conditions not tested
p01-s02-c0022	D2	140	20	False	False	3.097484881847441	3.097484881847441	1.0109459699919714	1.2296387780368845	114.23342701993951	False	not established: contrasting initial conditions not tested
p01-s02-c0022	evenness	140	20	False	False	1.2658504000437316	1.2658504000437316	0.02	1.2595161621947684	99.57419420168917	False	not established: contrasting initial conditions not tested
p01-s02-c0022	TV	140	20	True	True	0.4944112679638569	0.6518353766317934	0.05	1.0854847525843216	145.80372829888543	False	not established: contrasting initial conditions not tested
p01-s02-c0022	D0	160	20	True	True	2.9698419350359553e-15	2.9698419350359553e-15	5.0	1.0	720.0	True	not established: contrasting initial conditions not tested
p01-s02-c0022	D1	160	20	False	False	2.2880828557005866	1.5996705827580955	1.4913160510500945	1.416476985272121	104.23058766070275	False	not established: contrasting initial conditions not tested
p01-s02-c0022	D2	160	20	False	False	3.097484881847441	1.9086847266866236	1.0343901535594775	1.4198298689168452	105.87236615201823	False	not established: contrasting initial conditions not tested
p01-s02-c0022	evenness	160	20	False	True	1.2658504000437316	0.8725505392216982	0.02	1.416476985272121	104.43846361799453	False	not established: contrasting initial conditions not tested
p01-s02-c0022	TV	160	20	True	True	0.6518353766317934	0.6518353766317934	0.05	1.1504123670578963	148.94922697777983	False	not established: contrasting initial conditions not tested
p01-s02-c0022	D0	180	20	True	True	2.9698419350359553e-15	2.9698419350359553e-15	5.0	1.0	720.0	True	not established: contrasting initial conditions not tested
p01-s02-c0022	D1	180	20	False	False	1.5996705827580955	1.5039119073531977	1.4858554749394404	1.3152166252832123	105.19281093799866	False	not established: contrasting initial conditions not tested
p01-s02-c0022	D2	180	20	False	False	1.9086847266866236	2.161729589364364	1.0140809634930947	1.2768758399688016	101.7927874172175	False	not established: contrasting initial conditions not tested
p01-s02-c0022	evenness	180	20	True	True	0.8725505392216982	0.8257103823095411	0.02	1.3152166252832123	105.16387999238663	False	not established: contrasting initial conditions not tested
p01-s02-c0022	TV	180	20	True	True	0.6518353766317934	0.6518353766317934	0.05	1.2106063185264369	177.00553637718468	False	not established: contrasting initial conditions not tested
p01-s02-c0022	D0	200	20	True	True	2.9698419350359553e-15	2.9698419350359553e-15	5.0	1.0	720.0	True	not established: contrasting initial conditions not tested
p01-s02-c0022	D1	200	20	False	False	1.5039119073531977	1.4591710189077098	1.478860071619284	1.4034697354034849	82.97156101933642	False	not established: contrasting initial conditions not tested
p01-s02-c0022	D2	200	20	False	False	2.161729589364364	2.161729589364364	1.0121473019192602	1.4116303894601794	81.10175697460541	False	not established: contrasting initial conditions not tested
p01-s02-c0022	evenness	200	20	True	True	0.8257103823095411	0.7736768908110444	0.02	1.4034697354034849	83.07246527160659	False	not established: contrasting initial conditions not tested
p01-s02-c0022	TV	200	20	True	True	0.6518353766317934	0.4414466829941522	0.05	1.1998640471427449	170.23990489222712	False	not established: contrasting initial conditions not tested
p01-s02-c0022	D0	220	20	True	True	2.9698419350359553e-15	2.9698419350359553e-15	5.0	1.0	720.0	True	not established: contrasting initial conditions not tested
p01-s02-c0022	D1	220	20	False	False	1.4591710189077098	1.4591710189077098	1.4689093577238124	1.3131969272727104	91.60864208848616	False	not established: contrasting initial conditions not tested
p01-s02-c0022	D2	220	20	False	False	2.161729589364364	2.161729589364364	1.0086166577365168	1.360110837177888	91.78332664383326	False	not established: contrasting initial conditions not tested
p01-s02-c0022	evenness	220	20	True	True	0.7736768908110444	0.7736768908110444	0.02	1.3131969272727104	91.72481783275589	False	not established: contrasting initial conditions not tested
p01-s02-c0022	TV	220	20	True	True	0.4414466829941522	0.4414466829941522	0.05	1.189944552756386	174.82804707306855	False	not established: contrasting initial conditions not tested
p01-s02-c0022	D0	240	20	True	True	2.9698419350359553e-15	2.9698419350359553e-15	5.0	1.0	720.0	True	not established: contrasting initial conditions not tested
p01-s02-c0022	D1	240	20	False	False	1.4591710189077098	1.521987078557461	1.4897490350238303	1.2930214444184518	99.87589793806086	False	not established: contrasting initial conditions not tested
p01-s02-c0022	D2	240	20	False	False	2.161729589364364	1.9473709992981383	1.027025994835436	1.2839585956715562	93.64884224029574	False	not established: contrasting initial conditions not tested
p01-s02-c0022	evenness	240	20	True	True	0.7736768908110444	0.8159050423688616	0.02	1.2930214444184518	99.05026677859428	False	not established: contrasting initial conditions not tested
p01-s02-c0022	TV	240	20	True	True	0.4414466829941522	0.4268308416772668	0.05	1.1261537628527793	149.82260855407478	False	not established: contrasting initial conditions not tested
p01-s02-c0022	D0	250	20	True	True	2.9698419350359553e-15	2.9698419350359553e-15	5.0	1.0	720.0	True	not established: contrasting initial conditions not tested
p01-s02-c0022	D1	250	20	False	False	1.717386910298236	1.717386910298236	1.4804644145133803	1.3493695141323205	115.52041097769938	False	not established: contrasting initial conditions not tested
p01-s02-c0022	D2	250	20	False	False	2.161139251090448	2.161139251090448	1.0198498692096558	1.396170371537089	104.31132889542367	False	not established: contrasting initial conditions not tested
p01-s02-c0022	evenness	250	20	True	True	0.9170329678699873	0.9170329678699873	0.02	1.3493695141323205	115.67820572077575	False	not established: contrasting initial conditions not tested
p01-s02-c0022	TV	250	20	True	True	0.5498074483629051	0.5170432888920125	0.05	1.143009072985252	136.2568810619152	False	not established: contrasting initial conditions not tested
p01-s02-c0023	D0	80	20	False	True	1.6589749475222704	0.9555073626010796	6.756875000000001	1.017909683728894	279.26932368970216	False	not established: contrasting initial conditions not tested
p01-s02-c0023	D1	80	20	False	False	1.9154947756545542	1.527276983917638	1.5248442366272983	1.3693354645714662	89.63306902873059	False	not established: contrasting initial conditions not tested
p01-s02-c0023	D2	80	20	False	False	2.169819697313898	2.169819697313898	1.053061714644124	1.3469253516971085	99.5681183122143	False	not established: contrasting initial conditions not tested
p01-s02-c0023	evenness	80	20	False	True	1.5691216197801205	0.7357721855546803	0.02	1.314972646022344	106.35689170985502	False	not established: contrasting initial conditions not tested
p01-s02-c0023	TV	80	20	False	True	1.7030619734502852	0.5001969206199515	0.05	1.1845748042320403	134.74881391421258	False	not established: contrasting initial conditions not tested
p01-s02-c0023	D0	100	20	True	True	0.9555073626010796	0.9555073626010796	6.815833333333334	1.0349122981992303	274.414384187299	False	not established: contrasting initial conditions not tested
p01-s02-c0023	D1	100	20	False	False	1.527276983917638	1.7856069996349109	1.5063692090858787	1.2308952384547514	105.70003155870148	False	not established: contrasting initial conditions not tested
p01-s02-c0023	D2	100	20	False	False	2.169819697313898	2.1119981046284177	1.0428527861443522	1.2746543573964715	126.20741006318207	False	not established: contrasting initial conditions not tested
p01-s02-c0023	evenness	100	20	True	True	0.7357721855546803	0.8299177423944392	0.02	1.197082678033047	121.96468529661502	False	not established: contrasting initial conditions not tested
p01-s02-c0023	TV	100	20	True	True	0.5001969206199515	0.5001969206199515	0.05	1.1787376536365777	119.9480543743649	False	not established: contrasting initial conditions not tested
p01-s02-c0023	D0	120	20	True	True	0.9555073626010796	0.7842285295350624	6.817083333333334	1.0423317266582457	299.18719970164653	False	not established: contrasting initial conditions not tested
p01-s02-c0023	D1	120	20	False	False	1.7856069996349109	1.7856069996349109	1.490519674351206	1.275674930810249	111.80157412603597	False	not established: contrasting initial conditions not tested
p01-s02-c0023	D2	120	20	False	False	2.1119981046284177	2.1119981046284177	1.0201565818429736	1.3530830656656818	121.77426999108562	False	not established: contrasting initial conditions not tested
p01-s02-c0023	evenness	120	20	True	True	0.8299177423944392	0.8299177423944392	0.02	1.2745244864347542	131.97762996576225	False	not established: contrasting initial conditions not tested
p01-s02-c0023	TV	120	20	True	True	0.5001969206199515	0.5001969206199515	0.05	1.1293800322917416	121.41054233535141	False	not established: contrasting initial conditions not tested
p01-s02-c0023	D0	140	20	True	True	0.7842285295350624	0.7412208673666275	6.796458333333334	1.0244254392536556	318.2501473705936	False	not established: contrasting initial conditions not tested
p01-s02-c0023	D1	140	20	False	False	1.7856069996349109	1.7856069996349109	1.5015084586685852	1.275534947146214	122.40404438240283	False	not established: contrasting initial conditions not tested
p01-s02-c0023	D2	140	20	False	False	2.1119981046284177	2.1119981046284177	1.038110713737848	1.3181132143211178	130.55937725208614	False	not established: contrasting initial conditions not tested
p01-s02-c0023	evenness	140	20	True	True	0.8299177423944392	0.8299177423944392	0.02	1.2296039764811535	169.79594798625965	False	not established: contrasting initial conditions not tested
p01-s02-c0023	TV	140	20	True	True	0.5001969206199515	0.5608972497066397	0.05	1.1852501914690732	135.08196997792686	False	not established: contrasting initial conditions not tested
p01-s02-c0023	D0	160	20	True	True	0.7412208673666275	0.7030590561314118	6.772500000000001	1.0511132835629269	332.4336712377948	False	not established: contrasting initial conditions not tested
p01-s02-c0023	D1	160	20	False	False	1.7856069996349109	1.572250649041741	1.470332930873291	1.3495689520387153	108.8368481486064	False	not established: contrasting initial conditions not tested
p01-s02-c0023	D2	160	20	False	False	2.1119981046284177	1.9865385843144694	1.0150803451681467	1.440108706352183	95.59273960035601	False	not established: contrasting initial conditions not tested
p01-s02-c0023	evenness	160	20	True	True	0.8299177423944392	0.7371888060555992	0.02	1.29746272615613	122.98603992784255	False	not established: contrasting initial conditions not tested
p01-s02-c0023	TV	160	20	True	True	0.5608972497066397	0.5608972497066397	0.05	1.235878077575624	146.52563945391546	False	not established: contrasting initial conditions not tested
p01-s02-c0023	D0	180	20	True	False	0.7030590561314118	1.1761325390227626	6.8275	1.0245774738934668	279.29166045429264	False	not established: contrasting initial conditions not tested
p01-s02-c0023	D1	180	20	False	False	1.572250649041741	1.345538196951144	1.4858335770127482	1.4650020137173398	107.79011069165487	False	not established: contrasting initial conditions not tested
p01-s02-c0023	D2	180	20	False	False	1.9865385843144694	1.9800943791081151	1.023943853785731	1.3890039764584052	97.88835368341648	False	not established: contrasting initial conditions not tested
p01-s02-c0023	evenness	180	20	True	True	0.7371888060555992	0.8614390105458658	0.02	1.3453979510910468	111.82218100910848	False	not established: contrasting initial conditions not tested
p01-s02-c0023	TV	180	20	True	True	0.5608972497066397	0.5608972497066397	0.05	1.2991184193011647	169.5877376344486	False	not established: contrasting initial conditions not tested
p01-s02-c0023	D0	200	20	False	False	1.1761325390227626	1.1761325390227626	6.776875	1.0531161404272744	279.000070997878	False	not established: contrasting initial conditions not tested
p01-s02-c0023	D1	200	20	False	False	1.345538196951144	1.3507244805850565	1.531489688055598	1.2379577410694163	117.23564247697875	False	not established: contrasting initial conditions not tested
p01-s02-c0023	D2	200	20	False	False	1.9800943791081151	1.9800943791081151	1.067665659113913	1.2097542365151237	100.37093106404389	False	not established: contrasting initial conditions not tested
p01-s02-c0023	evenness	200	20	True	True	0.8614390105458658	0.8614390105458658	0.02	1.213448411838482	120.95259254332379	False	not established: contrasting initial conditions not tested
p01-s02-c0023	TV	200	20	True	True	0.5608972497066397	0.3882111751696472	0.05	1.321247912287663	173.03588427860151	False	not established: contrasting initial conditions not tested
p01-s02-c0023	D0	220	20	False	False	1.1761325390227626	1.1761325390227626	6.7700000000000005	1.0300482981664394	299.42685689714904	False	not established: contrasting initial conditions not tested
p01-s02-c0023	D1	220	20	False	False	1.3507244805850565	1.6468613792231759	1.5201127404696189	1.3604994867272233	98.84464565254932	False	not established: contrasting initial conditions not tested
p01-s02-c0023	D2	220	20	False	False	1.9800943791081151	2.165327888750943	1.0540494511628495	1.2538429165902396	90.3637636619771	False	not established: contrasting initial conditions not tested
p01-s02-c0023	evenness	220	20	True	False	0.8614390105458658	1.044412195985386	0.02	1.3039687427247273	105.69989581950728	False	not established: contrasting initial conditions not tested
p01-s02-c0023	TV	220	20	True	True	0.3882111751696472	0.4770633776492225	0.05	1.1202547332196409	166.6679097790243	False	not established: contrasting initial conditions not tested
p01-s02-c0023	D0	240	20	False	True	1.1761325390227626	0.7239587971483973	6.79375	1.0352752701269692	299.1337552460033	False	not established: contrasting initial conditions not tested
p01-s02-c0023	D1	240	20	False	False	1.6468613792231759	1.6468613792231759	1.4976636129779972	1.3040784151165534	100.14676872600562	False	not established: contrasting initial conditions not tested
p01-s02-c0023	D2	240	20	False	False	2.165327888750943	2.165327888750943	1.0292147830108505	1.3418560045925145	82.45712197171098	False	not established: contrasting initial conditions not tested
p01-s02-c0023	evenness	240	20	False	False	1.044412195985386	1.044412195985386	0.02	1.2344552322144964	107.18394149716039	False	not established: contrasting initial conditions not tested
p01-s02-c0023	TV	240	20	True	True	0.4770633776492225	0.5857039167718426	0.05	1.1475957702882351	129.23927017526157	False	not established: contrasting initial conditions not tested
p01-s02-c0023	D0	250	20	True	True	0.5938510076122244	0.8379754334603962	6.792916666666668	1.019975937877994	335.9794825047815	False	not established: contrasting initial conditions not tested
p01-s02-c0023	D1	250	20	False	False	1.646271587323691	2.086689543085177	1.4762445348975983	1.2521184153079004	90.03901103961894	False	not established: contrasting initial conditions not tested
p01-s02-c0023	D2	250	20	False	False	2.281922582448752	2.281922582448752	1.0138714762275034	1.286403442567842	91.99759776395751	False	not established: contrasting initial conditions not tested
p01-s02-c0023	evenness	250	20	True	True	0.8943910316879449	0.9035250906575674	0.02	1.219436110535544	95.98191879275132	False	not established: contrasting initial conditions not tested
p01-s02-c0023	TV	250	20	True	True	0.5507234652827787	0.6751075312594503	0.05	1.1003442870488491	128.40800518210466	False	not established: contrasting initial conditions not tested
p01-s02-c0024	D0	80	20	True	True	2.9698419350359553e-15	2.9698419350359553e-15	5.0	1.0	720.0	True	not established: contrasting initial conditions not tested
p01-s02-c0024	D1	80	20	True	True	0.14357903994916407	0.15361861116857772	1.7099799805510305	1.1485963667543773	115.13972435197866	False	not established: contrasting initial conditions not tested
p01-s02-c0024	D2	80	20	True	True	0.2289837059687551	0.2289837059687551	1.110592885268958	1.111099876051065	115.56045358471604	False	not established: contrasting initial conditions not tested
p01-s02-c0024	evenness	80	20	True	True	0.07798392014246766	0.08340077026277795	0.02	1.1485963667543773	115.1815457023841	False	not established: contrasting initial conditions not tested
p01-s02-c0024	TV	80	20	True	True	0.22300911042871713	0.04740697238446374	0.05	1.0843840456678508	166.93207797803552	False	not established: contrasting initial conditions not tested
p01-s02-c0024	D0	100	20	True	True	2.9698419350359553e-15	2.9698419350359553e-15	5.0	1.0	720.0	True	not established: contrasting initial conditions not tested
p01-s02-c0024	D1	100	20	True	True	0.15361861116857772	0.15616633612322167	1.7086324991090192	1.2495834170849487	92.75719165144841	False	not established: contrasting initial conditions not tested
p01-s02-c0024	D2	100	20	True	True	0.2289837059687551	0.21834493677858743	1.1106586699692071	1.1667946892688457	90.41987892704049	False	not established: contrasting initial conditions not tested
p01-s02-c0024	evenness	100	20	True	True	0.08340077026277795	0.08494824761245141	0.02	1.2495834170849487	92.74647827873278	False	not established: contrasting initial conditions not tested
p01-s02-c0024	TV	100	20	True	True	0.04740697238446374	0.06055808061814031	0.05	1.0690081463377246	180.49525615720142	False	not established: contrasting initial conditions not tested
p01-s02-c0024	D0	120	20	True	True	2.9698419350359553e-15	2.9698419350359553e-15	5.0	1.0	720.0	True	not established: contrasting initial conditions not tested
p01-s02-c0024	D1	120	20	True	True	0.15616633612322167	0.20831610034828993	1.710049938666732	1.2809055763208952	78.29336634439306	False	not established: contrasting initial conditions not tested
p01-s02-c0024	D2	120	20	True	True	0.21834493677858743	0.2751429485830386	1.110055688482242	1.2449475531591283	77.86283422649558	False	not established: contrasting initial conditions not tested
p01-s02-c0024	evenness	120	20	True	True	0.08494824761245141	0.11303901180373895	0.02	1.2809055763208952	78.30728337184887	False	not established: contrasting initial conditions not tested
p01-s02-c0024	TV	120	20	True	True	0.06055808061814031	0.06055808061814031	0.05	1.1000284158699702	162.8134299901814	False	not established: contrasting initial conditions not tested
p01-s02-c0024	D0	140	20	True	True	2.9698419350359553e-15	2.9698419350359553e-15	5.0	1.0	720.0	True	not established: contrasting initial conditions not tested
p01-s02-c0024	D1	140	20	True	True	0.20831610034828993	0.20831610034828993	1.7044779042029596	1.284421529643744	97.4144912158163	False	not established: contrasting initial conditions not tested
p01-s02-c0024	D2	140	20	True	True	0.2751429485830386	0.2751429485830386	1.1054380784268962	1.1950138440228253	102.2093123087743	False	not established: contrasting initial conditions not tested
p01-s02-c0024	evenness	140	20	True	True	0.11303901180373895	0.11303901180373895	0.02	1.284421529643744	97.4398834129567	False	not established: contrasting initial conditions not tested
p01-s02-c0024	TV	140	20	True	True	0.06055808061814031	0.06055808061814031	0.05	1.1073384022932935	168.5922393637568	False	not established: contrasting initial conditions not tested
p01-s02-c0024	D0	160	20	True	True	2.9698419350359553e-15	2.9698419350359553e-15	5.0	1.0	720.0	True	not established: contrasting initial conditions not tested
p01-s02-c0024	D1	160	20	True	True	0.20831610034828993	0.20831610034828993	1.707057072722864	1.3675306674519327	90.5122394337902	False	not established: contrasting initial conditions not tested
p01-s02-c0024	D2	160	20	True	True	0.2751429485830386	0.2751429485830386	1.1085557157417605	1.3303866240688815	90.91203772569574	False	not established: contrasting initial conditions not tested
p01-s02-c0024	evenness	160	20	True	True	0.11303901180373895	0.11303901180373895	0.02	1.3675306674519327	90.5557678387516	False	not established: contrasting initial conditions not tested
p01-s02-c0024	TV	160	20	True	True	0.06055808061814031	0.04014875641291143	0.05	1.1825235650717383	146.2261861057745	False	not established: contrasting initial conditions not tested
p01-s02-c0024	D0	180	20	True	True	2.9698419350359553e-15	2.9698419350359553e-15	5.0	1.0	720.0	True	not established: contrasting initial conditions not tested
p01-s02-c0024	D1	180	20	True	True	0.20831610034828993	0.20166424135048877	1.710241967563302	1.3145856894428096	101.70521681062306	False	not established: contrasting initial conditions not tested
p01-s02-c0024	D2	180	20	True	True	0.2751429485830386	0.25069274107368705	1.1089052791272096	1.378611758185986	107.855375529706	False	not established: contrasting initial conditions not tested
p01-s02-c0024	evenness	180	20	True	True	0.11303901180373895	0.10941564202896982	0.02	1.3145856894428096	101.7105397376903	False	not established: contrasting initial conditions not tested
p01-s02-c0024	TV	180	20	True	True	0.04014875641291143	0.04014875641291143	0.05	1.1762054165194842	142.61836552358918	False	not established: contrasting initial conditions not tested
p01-s02-c0024	D0	200	20	True	True	2.9698419350359553e-15	2.9698419350359553e-15	5.0	1.0	720.0	True	not established: contrasting initial conditions not tested
p01-s02-c0024	D1	200	20	True	True	0.20166424135048877	0.20166424135048877	1.7058955103907705	1.4235713025891519	98.22767796317324	False	not established: contrasting initial conditions not tested
p01-s02-c0024	D2	200	20	True	True	0.25069274107368705	0.20682422960977132	1.1085313393082283	1.4225027602390736	106.19103293554562	False	not established: contrasting initial conditions not tested
p01-s02-c0024	evenness	200	20	True	True	0.10941564202896982	0.10941564202896982	0.02	1.4235713025891519	98.23503990593494	False	not established: contrasting initial conditions not tested
p01-s02-c0024	TV	200	20	True	True	0.04014875641291143	0.039162151784773516	0.05	1.1150323768006647	168.99443101050332	False	not established: contrasting initial conditions not tested
p01-s02-c0024	D0	220	20	True	True	2.9698419350359553e-15	2.9698419350359553e-15	5.0	1.0	720.0	True	not established: contrasting initial conditions not tested
p01-s02-c0024	D1	220	20	True	True	0.20166424135048877	0.260848015553355	1.7056947760571877	1.3410218249659358	90.4125119498126	False	not established: contrasting initial conditions not tested
p01-s02-c0024	D2	220	20	True	True	0.20682422960977132	0.2826190145640814	1.1082564515320976	1.422193179764486	83.15835444786828	False	not established: contrasting initial conditions not tested
p01-s02-c0024	evenness	220	20	True	True	0.10941564202896982	0.14143724642927666	0.02	1.3410218249659358	90.43819502250025	False	not established: contrasting initial conditions not tested
p01-s02-c0024	TV	220	20	True	True	0.039162151784773516	0.04937400688644783	0.05	1.1080578365868405	145.7338699934276	False	not established: contrasting initial conditions not tested
p01-s02-c0024	D0	240	20	True	True	2.9698419350359553e-15	2.9698419350359553e-15	5.0	1.0	720.0	True	not established: contrasting initial conditions not tested
p01-s02-c0024	D1	240	20	True	True	0.260848015553355	0.28288432484424464	1.707038116363993	1.3669606232328306	95.11377685203767	False	not established: contrasting initial conditions not tested
p01-s02-c0024	D2	240	20	True	True	0.2826190145640814	0.2826190145640814	1.1076698641404967	1.3657876927577777	95.47433003587115	False	not established: contrasting initial conditions not tested
p01-s02-c0024	evenness	240	20	True	True	0.14143724642927666	0.15351020272966406	0.02	1.3669606232328306	95.09030834368998	False	not established: contrasting initial conditions not tested
p01-s02-c0024	TV	240	20	True	True	0.04937400688644783	0.08733793444206504	0.05	1.0638697324631192	142.26957292078626	False	not established: contrasting initial conditions not tested
p01-s02-c0024	D0	250	20	True	True	2.9698419350359553e-15	2.9698419350359553e-15	5.0	1.0	720.0	True	not established: contrasting initial conditions not tested
p01-s02-c0024	D1	250	20	True	True	0.15243815260603222	0.16547512845442677	1.7098136339504362	1.2163579958847588	100.94721882275874	False	not established: contrasting initial conditions not tested
p01-s02-c0024	D2	250	20	True	True	0.19558983129055904	0.2211249946891283	1.1099782199445467	1.2518361811204324	108.83695221173748	False	not established: contrasting initial conditions not tested
p01-s02-c0024	evenness	250	20	True	True	0.08278342638789883	0.08963017065413283	0.02	1.2163579958847588	100.92439474333311	False	not established: contrasting initial conditions not tested
p01-s02-c0024	TV	250	20	True	True	0.049188934242268834	0.08327295721126085	0.05	1.0554137208767131	144.83488080319816	False	not established: contrasting initial conditions not tested
p01-s02-c0025	D0	212	53	True	True	3.2593729673248873e-15	3.2593729673248873e-15	5.0	1.0	1908.0	True	not established: contrasting initial conditions not tested
p01-s02-c0025	D1	212	53	True	True	0.33787619175796757	0.48239212866571257	1.6932530193836854	1.0954375710775375	142.76883372830554	False	not established: contrasting initial conditions not tested
p01-s02-c0025	D2	212	53	True	True	0.36987403356548915	0.5532190253917981	1.1056054683148637	1.0920425512119354	162.8958130691221	False	not established: contrasting initial conditions not tested
p01-s02-c0025	evenness	212	53	True	True	0.1841219668640081	0.26240109246644405	0.02	1.0954375710775375	142.79185372894733	False	not established: contrasting initial conditions not tested
p01-s02-c0025	TV	212	53	True	True	0.20190228365911436	0.09006778731863348	0.05	1.0348985419652819	238.57508329717047	False	not established: contrasting initial conditions not tested
p01-s02-c0025	D0	250	53	True	True	3.2593729673248873e-15	3.2593729673248873e-15	5.0	1.0	1908.0	True	not established: contrasting initial conditions not tested
p01-s02-c0025	D1	250	53	True	True	0.34686189736353207	0.41366683914621843	1.6987619521442736	1.098776381979339	146.5878261807816	False	not established: contrasting initial conditions not tested
p01-s02-c0025	D2	250	53	True	True	0.31348850417455193	0.44490269454607817	1.1073229110110707	1.0856012900491951	170.1547539423609	False	not established: contrasting initial conditions not tested
p01-s02-c0025	evenness	250	53	True	True	0.18730596902842112	0.22468110764323046	0.02	1.098776381979339	146.5650456653089	False	not established: contrasting initial conditions not tested
p01-s02-c0025	TV	250	53	True	True	0.10929523818209906	0.10929523818209906	0.05	1.0748572506169995	229.27112526109357	False	not established: contrasting initial conditions not tested
p01-s02-c0026	D0	80	20	True	True	2.9698419350359553e-15	2.9698419350359553e-15	5.0	1.0	720.0	True	not established: contrasting initial conditions not tested
p01-s02-c0026	D1	80	20	False	False	5.374735189974345	3.717990115266621	1.1860383967231622	1.1729604344465596	97.11419169836816	False	not established: contrasting initial conditions not tested
p01-s02-c0026	D2	80	20	False	False	5.257637443987937	4.264433577379648	0.8193361000422373	1.1488120030197635	96.88363413259725	False	not established: contrasting initial conditions not tested
p01-s02-c0026	evenness	80	20	False	False	2.966903720714792	1.9840892784055908	0.02	1.1729604344465596	96.39608099136073	False	not established: contrasting initial conditions not tested
p01-s02-c0026	TV	80	20	False	True	2.6309886306685786	0.9256253596813375	0.05	1.1267985106768654	110.40734889243716	False	not established: contrasting initial conditions not tested
p01-s02-c0026	D0	100	20	True	True	2.9698419350359553e-15	2.9698419350359553e-15	5.0	1.0	720.0	True	not established: contrasting initial conditions not tested
p01-s02-c0026	D1	100	20	False	False	3.717990115266621	3.717990115266621	1.1780958565045168	1.1686708862422792	95.88051474759372	False	not established: contrasting initial conditions not tested
p01-s02-c0026	D2	100	20	False	False	4.264433577379648	4.264433577379648	0.8229109938974363	1.2216700530009266	87.16938466541225	False	not established: contrasting initial conditions not tested
p01-s02-c0026	evenness	100	20	False	False	1.9840892784055908	1.9840892784055908	0.02	1.1686708862422792	96.01911713770589	False	not established: contrasting initial conditions not tested
p01-s02-c0026	TV	100	20	True	True	0.9256253596813375	0.7042754912362861	0.05	1.2271280018920188	118.25629589227198	False	not established: contrasting initial conditions not tested
p01-s02-c0026	D0	120	20	True	True	2.9698419350359553e-15	2.9698419350359553e-15	5.0	1.0	720.0	True	not established: contrasting initial conditions not tested
p01-s02-c0026	D1	120	20	False	False	3.717990115266621	2.2962030326435627	1.1833323317378048	1.2876164376601187	110.481637652577	False	not established: contrasting initial conditions not tested
p01-s02-c0026	D2	120	20	False	False	4.264433577379648	2.7337530023111456	0.8335900904961486	1.2763867975311227	110.24445821539867	False	not established: contrasting initial conditions not tested
p01-s02-c0026	evenness	120	20	False	False	1.9840892784055908	1.263944986922333	0.02	1.2876164376601187	110.06115364822963	False	not established: contrasting initial conditions not tested
p01-s02-c0026	TV	120	20	True	True	0.7042754912362861	0.7765255106741378	0.05	1.1999058969085008	125.269102331699	False	not established: contrasting initial conditions not tested
p01-s02-c0026	D0	140	20	True	True	2.9698419350359553e-15	2.9698419350359553e-15	5.0	1.0	720.0	True	not established: contrasting initial conditions not tested
p01-s02-c0026	D1	140	20	False	False	2.2962030326435627	2.2962030326435627	1.2325230032561052	1.3966458357776497	110.68455757912348	False	not established: contrasting initial conditions not tested
p01-s02-c0026	D2	140	20	False	False	2.7337530023111456	2.6339060466126956	0.8776712831680789	1.3493511719921634	117.9184769416052	False	not established: contrasting initial conditions not tested
p01-s02-c0026	evenness	140	20	False	False	1.263944986922333	1.263944986922333	0.02	1.3966458357776497	110.6481174014076	False	not established: contrasting initial conditions not tested
p01-s02-c0026	TV	140	20	True	True	0.7765255106741378	0.8198231128888891	0.05	1.1821458154361477	155.76987836147597	False	not established: contrasting initial conditions not tested
p01-s02-c0026	D0	160	20	True	True	2.9698419350359553e-15	2.9698419350359553e-15	5.0	1.0	720.0	True	not established: contrasting initial conditions not tested
p01-s02-c0026	D1	160	20	False	False	2.2962030326435627	2.714015713100358	1.2250253481730577	1.3180386601357905	125.12976544266634	False	not established: contrasting initial conditions not tested
p01-s02-c0026	D2	160	20	False	False	2.6339060466126956	3.6353953624008053	0.8645525259478002	1.2889742128950266	142.32577079243362	False	not established: contrasting initial conditions not tested
p01-s02-c0026	evenness	160	20	False	False	1.263944986922333	1.4792992724563934	0.02	1.3180386601357905	123.95156856089379	False	not established: contrasting initial conditions not tested
p01-s02-c0026	TV	160	20	True	True	0.8198231128888891	0.8198231128888891	0.05	1.1969831704969947	150.62554270154888	False	not established: contrasting initial conditions not tested
p01-s02-c0026	D0	180	20	True	True	2.9698419350359553e-15	2.9698419350359553e-15	5.0	1.0	720.0	True	not established: contrasting initial conditions not tested
p01-s02-c0026	D1	180	20	False	False	2.714015713100358	3.0950259750781792	1.234140465039303	1.361107372076275	91.77496640972277	False	not established: contrasting initial conditions not tested
p01-s02-c0026	D2	180	20	False	False	3.6353953624008053	4.443305723043037	0.8779132174336305	1.3797618797626308	84.86421629820774	False	not established: contrasting initial conditions not tested
p01-s02-c0026	evenness	180	20	False	False	1.4792992724563934	1.7278835934126264	0.02	1.361107372076275	90.7574696693408	False	not established: contrasting initial conditions not tested
p01-s02-c0026	TV	180	20	True	True	0.8198231128888891	0.8198231128888891	0.05	1.2136010191678672	148.48189825499088	False	not established: contrasting initial conditions not tested
p01-s02-c0026	D0	200	20	True	True	2.9698419350359553e-15	2.9698419350359553e-15	5.0	1.0	720.0	True	not established: contrasting initial conditions not tested
p01-s02-c0026	D1	200	20	False	False	3.0950259750781792	3.0950259750781792	1.222528791356843	1.2444315661372736	126.55237267339592	False	not established: contrasting initial conditions not tested
p01-s02-c0026	D2	200	20	False	False	4.443305723043037	4.443305723043037	0.8747031247435411	1.2545826321373876	122.1867887376016	False	not established: contrasting initial conditions not tested
p01-s02-c0026	evenness	200	20	False	False	1.7278835934126264	1.7278835934126264	0.02	1.2444315661372736	125.88281001725038	False	not established: contrasting initial conditions not tested
p01-s02-c0026	TV	200	20	True	True	0.8198231128888891	0.7863883083799491	0.05	1.220290851922412	118.81530039555321	False	not established: contrasting initial conditions not tested
p01-s02-c0026	D0	220	20	True	True	2.9698419350359553e-15	2.9698419350359553e-15	5.0	1.0	720.0	True	not established: contrasting initial conditions not tested
p01-s02-c0026	D1	220	20	False	False	3.0950259750781792	3.0950259750781792	1.1742568555962456	1.324230573696841	119.58347272780173	False	not established: contrasting initial conditions not tested
p01-s02-c0026	D2	220	20	False	False	4.443305723043037	4.443305723043037	0.8310450550406415	1.352060966828759	124.79470920680721	False	not established: contrasting initial conditions not tested
p01-s02-c0026	evenness	220	20	False	False	1.7278835934126264	1.7278835934126264	0.02	1.324230573696841	119.24637550917173	False	not established: contrasting initial conditions not tested
p01-s02-c0026	TV	220	20	True	True	0.7863883083799491	0.7854716985799234	0.05	1.1549841174180973	136.31805941611938	False	not established: contrasting initial conditions not tested
p01-s02-c0026	D0	240	20	True	True	2.9698419350359553e-15	2.9698419350359553e-15	5.0	1.0	720.0	True	not established: contrasting initial conditions not tested
p01-s02-c0026	D1	240	20	False	False	3.0950259750781792	2.4268974221357236	1.2243558030939647	1.14689454326989	108.45480085059906	False	not established: contrasting initial conditions not tested
p01-s02-c0026	D2	240	20	False	False	4.443305723043037	3.4990247549028304	0.8681572127165783	1.1539892915573262	111.20182544379468	False	not established: contrasting initial conditions not tested
p01-s02-c0026	evenness	240	20	False	False	1.7278835934126264	1.3272056431239705	0.02	1.14689454326989	108.63995397635111	False	not established: contrasting initial conditions not tested
p01-s02-c0026	TV	240	20	True	True	0.7854716985799234	0.7191140425117648	0.05	1.1551093695449313	139.1869950095095	False	not established: contrasting initial conditions not tested
p01-s02-c0026	D0	250	20	True	True	2.9698419350359553e-15	2.9698419350359553e-15	5.0	1.0	720.0	True	not established: contrasting initial conditions not tested
p01-s02-c0026	D1	250	20	False	False	3.4416648425767256	3.4416648425767256	1.224647978520571	1.1598834425185516	105.2483801270321	False	not established: contrasting initial conditions not tested
p01-s02-c0026	D2	250	20	False	False	4.25312739609645	4.25312739609645	0.8613928890227003	1.1936915952572946	110.90885865661218	False	not established: contrasting initial conditions not tested
p01-s02-c0026	evenness	250	20	False	False	1.8510988069217749	1.8510988069217749	0.02	1.1598834425185516	105.86304293748033	False	not established: contrasting initial conditions not tested
p01-s02-c0026	TV	250	20	False	False	1.114589822558133	1.007218461833212	0.05	1.2028401048478987	131.73911718749702	False	not established: contrasting initial conditions not tested
