cell_id,phase_id,stage_id,label,mnemonic,cell_dirname,experimental_group,comparison_set,confirmatory,architecture_profile_id,selection_profile_id,fitness_profile_id,initial_population_id,config_path,status,notes
p01-s01-c0001,p01,s01,"No return, mutation off",h100-f0-u0-c1-b10-k1000000000-ts500-archpanmictic-selneutral-fitneutral,p01-s01-c0001,NR,no-return,false,arch-panmictic-v1,sel-neutral-v1,fit-neutral-v1,ip001-fisher100,p01-neutral-feedback/configs/s01-pilot/p01-s01-c0001.toml,prepared,Exploratory first-pilot core cell; not confirmatory; not yet launched.
p01-s01-c0002,p01,s01,"No return, within-host mutation on",h100-f0-u1em10-c1-b10-k1000000000-ts500-archpanmictic-selneutral-fitneutral,p01-s01-c0002,NRM,no-return|mutation-gating,false,arch-panmictic-v1,sel-neutral-v1,fit-neutral-v1,ip001-fisher100,p01-neutral-feedback/configs/s01-pilot/p01-s01-c0002.toml,prepared,Exploratory first-pilot core cell; not confirmatory; not yet launched.
p01-s01-c0003,p01,s01,"Matched return R=1e9, H=100",h100-f1em2-u0-c1-b10-k1000000000-ts500-archpanmictic-selneutral-fitneutral,p01-s01-c0003,MR0,matched-r1e9-u0|mutation-bracket|feedback-h100,false,arch-panmictic-v1,sel-neutral-v1,fit-neutral-v1,ip001-fisher100,p01-neutral-feedback/configs/s01-pilot/p01-s01-c0003.toml,prepared,Exploratory first-pilot core cell; not confirmatory; not yet launched.
p01-s01-c0004,p01,s01,"Matched return R=1e9, H=1000",h1000-f1em3-u0-c1-b10-k1000000000-ts500-archpanmictic-selneutral-fitneutral,p01-s01-c0004,MR0,matched-r1e9-u0|feedback-h1000,false,arch-panmictic-v1,sel-neutral-v1,fit-neutral-v1,ip001-fisher100,p01-neutral-feedback/configs/s01-pilot/p01-s01-c0004.toml,prepared,Exploratory first-pilot core cell; not confirmatory; not yet launched.
p01-s01-c0005,p01,s01,"Matched return R=1e9, H=10000",h10000-f1em4-u0-c1-b10-k1000000000-ts500-archpanmictic-selneutral-fitneutral,p01-s01-c0005,MR0,matched-r1e9-u0,false,arch-panmictic-v1,sel-neutral-v1,fit-neutral-v1,ip001-fisher100,p01-neutral-feedback/configs/s01-pilot/p01-s01-c0005.toml,prepared,Exploratory first-pilot core cell; not confirmatory; not yet launched.
p01-s01-c0006,p01,s01,"Matched return R=1e9, H=100000",h100000-f1em5-u0-c1-b10-k1000000000-ts500-archpanmictic-selneutral-fitneutral,p01-s01-c0006,MR0,matched-r1e9-u0,false,arch-panmictic-v1,sel-neutral-v1,fit-neutral-v1,ip001-fisher100,p01-neutral-feedback/configs/s01-pilot/p01-s01-c0006.toml,prepared,Exploratory first-pilot core cell; not confirmatory; not yet launched.
p01-s01-c0007,p01,s01,Mutation bracket u=1e-12,h100-f1em2-u1em12-c1-b10-k1000000000-ts500-archpanmictic-selneutral-fitneutral,p01-s01-c0007,MUT,mutation-bracket,false,arch-panmictic-v1,sel-neutral-v1,fit-neutral-v1,ip001-fisher100,p01-neutral-feedback/configs/s01-pilot/p01-s01-c0007.toml,prepared,Exploratory first-pilot core cell; not confirmatory; not yet launched.
p01-s01-c0008,p01,s01,Mutation bracket u=1e-11,h100-f1em2-u1em11-c1-b10-k1000000000-ts500-archpanmictic-selneutral-fitneutral,p01-s01-c0008,MUT,mutation-bracket,false,arch-panmictic-v1,sel-neutral-v1,fit-neutral-v1,ip001-fisher100,p01-neutral-feedback/configs/s01-pilot/p01-s01-c0008.toml,prepared,Exploratory first-pilot core cell; not confirmatory; not yet launched.
p01-s01-c0009,p01,s01,Mutation bracket u=1e-10,h100-f1em2-u1em10-c1-b10-k1000000000-ts500-archpanmictic-selneutral-fitneutral,p01-s01-c0009,MUT,mutation-bracket|matched-r1e9-u1e-10,false,arch-panmictic-v1,sel-neutral-v1,fit-neutral-v1,ip001-fisher100,p01-neutral-feedback/configs/s01-pilot/p01-s01-c0009.toml,prepared,Exploratory first-pilot core cell; not confirmatory; not yet launched.
p01-s01-c0010,p01,s01,Mutation bracket u=1e-9,h100-f1em2-u1em9-c1-b10-k1000000000-ts500-archpanmictic-selneutral-fitneutral,p01-s01-c0010,MUT,mutation-bracket,false,arch-panmictic-v1,sel-neutral-v1,fit-neutral-v1,ip001-fisher100,p01-neutral-feedback/configs/s01-pilot/p01-s01-c0010.toml,prepared,Exploratory first-pilot core cell; not confirmatory; not yet launched.
p01-s01-c0011,p01,s01,Very weak feedback boundary,h100-f1em5-u0-c1-b10-k1000000000-ts500-archpanmictic-selneutral-fitneutral,p01-s01-c0011,FB0,feedback-h100,false,arch-panmictic-v1,sel-neutral-v1,fit-neutral-v1,ip001-fisher100,p01-neutral-feedback/configs/s01-pilot/p01-s01-c0011.toml,prepared,Exploratory first-pilot core cell; not confirmatory; not yet launched.
p01-s01-c0012,p01,s01,Strong feedback boundary,h1000-f1em2-u0-c1-b10-k1000000000-ts500-archpanmictic-selneutral-fitneutral,p01-s01-c0012,FB0,feedback-h1000,false,arch-panmictic-v1,sel-neutral-v1,fit-neutral-v1,ip001-fisher100,p01-neutral-feedback/configs/s01-pilot/p01-s01-c0012.toml,prepared,Exploratory first-pilot core cell; not confirmatory; not yet launched.
p01-s01-c0013,p01,s01,"Matched return R=1e9, H=1000, u=1e-10",h1000-f1em3-u1em10-c1-b10-k1000000000-ts500-archpanmictic-selneutral-fitneutral,p01-s01-c0013,MRM,matched-r1e9-u1e-10,false,arch-panmictic-v1,sel-neutral-v1,fit-neutral-v1,ip001-fisher100,p01-neutral-feedback/configs/s01-pilot/p01-s01-c0013.toml,prepared,Exploratory first-pilot extension cell; not confirmatory; not yet launched.
p01-s01-c0014,p01,s01,"Matched return R=1e9, H=10000, u=1e-10",h10000-f1em4-u1em10-c1-b10-k1000000000-ts500-archpanmictic-selneutral-fitneutral,p01-s01-c0014,MRM,matched-r1e9-u1e-10,false,arch-panmictic-v1,sel-neutral-v1,fit-neutral-v1,ip001-fisher100,p01-neutral-feedback/configs/s01-pilot/p01-s01-c0014.toml,prepared,Exploratory first-pilot extension cell; not confirmatory; not yet launched.
p01-s01-c0015,p01,s01,"Matched return R=1e9, H=100000, u=1e-10",h100000-f1em5-u1em10-c1-b10-k1000000000-ts500-archpanmictic-selneutral-fitneutral,p01-s01-c0015,MRM,matched-r1e9-u1e-10,false,arch-panmictic-v1,sel-neutral-v1,fit-neutral-v1,ip001-fisher100,p01-neutral-feedback/configs/s01-pilot/p01-s01-c0015.toml,prepared,Exploratory first-pilot extension cell; not confirmatory; not yet launched.
p01-s01-c0016,p01,s01,"Matched return R=1e8, H=100",h100-f1em3-u0-c1-b10-k1000000000-ts500-archpanmictic-selneutral-fitneutral,p01-s01-c0016,MRLOW,matched-r1e8-u0|feedback-h100,false,arch-panmictic-v1,sel-neutral-v1,fit-neutral-v1,ip001-fisher100,p01-neutral-feedback/configs/s01-pilot/p01-s01-c0016.toml,prepared,Exploratory first-pilot extension cell; not confirmatory; not yet launched.
p01-s01-c0017,p01,s01,"Matched return R=1e8, H=10000",h10000-f1em5-u0-c1-b10-k1000000000-ts500-archpanmictic-selneutral-fitneutral,p01-s01-c0017,MRLOW,matched-r1e8-u0,false,arch-panmictic-v1,sel-neutral-v1,fit-neutral-v1,ip001-fisher100,p01-neutral-feedback/configs/s01-pilot/p01-s01-c0017.toml,prepared,Exploratory first-pilot extension cell; not confirmatory; not yet launched.
p01-s01-c0018,p01,s01,"Alpha series H=100, alpha=0.909; f=0.1 sensitivity",h100-f1em1-u0-c1-b10-k1000000000-ts500-archpanmictic-selneutral-fitneutral,p01-s01-c0018,FBA,feedback-h100|escape-range-sensitivity,false,arch-panmictic-v1,sel-neutral-v1,fit-neutral-v1,ip001-fisher100,p01-neutral-feedback/configs/s01-pilot/p01-s01-c0018.toml,prepared,Exploratory first-pilot extension cell; not confirmatory; not yet launched.
p01-s01-c0019,p01,s01,"Alpha series H=1000, alpha=0.001; f=1e-6 sensitivity",h1000-f1em6-u0-c1-b10-k1000000000-ts500-archpanmictic-selneutral-fitneutral,p01-s01-c0019,FBA,feedback-h1000|escape-range-sensitivity,false,arch-panmictic-v1,sel-neutral-v1,fit-neutral-v1,ip001-fisher100,p01-neutral-feedback/configs/s01-pilot/p01-s01-c0019.toml,prepared,Exploratory first-pilot extension cell; not confirmatory; not yet launched.
p01-s01-c0020,p01,s01,"Alpha series H=1000, alpha=0.091",h1000-f1em4-u0-c1-b10-k1000000000-ts500-archpanmictic-selneutral-fitneutral,p01-s01-c0020,FBA,feedback-h1000|matched-r1e8-u0,false,arch-panmictic-v1,sel-neutral-v1,fit-neutral-v1,ip001-fisher100,p01-neutral-feedback/configs/s01-pilot/p01-s01-c0020.toml,prepared,Exploratory first-pilot extension cell; not confirmatory; not yet launched.
p01-s02-c0021,p01,s02,Migration-only no-return control,h100-f0-u0-c1-b10-k1000000000-ts500-hg250-archfixedpool-selneutral-fitneutral,p01-s02-c0021,EQ-NR,host-passage|migration-baseline,false,arch-fixed-regional-pool-v1,sel-neutral-v1,fit-neutral-v1,ip001-fisher100,p01-neutral-feedback/configs/s02-equilibrium-precision-v210-m010-g250/p01-s02-c0021-v210-m010-g250.toml,prepared,Exploratory equilibrium-and-precision sentinel derived from p01-s01-c0001; 20 seed blocks and 250 passages.
p01-s02-c0022,p01,s02,"Mutation-free baseline feedback, H=100",h100-f1em2-u0-c1-b10-k1000000000-ts500-hg250-archfixedpool-selneutral-fitneutral,p01-s02-c0022,EQ-B,host-passage|mutation|pooling|feedback,false,arch-fixed-regional-pool-v1,sel-neutral-v1,fit-neutral-v1,ip001-fisher100,p01-neutral-feedback/configs/s02-equilibrium-precision-v210-m010-g250/p01-s02-c0022-v210-m010-g250.toml,prepared,Exploratory equilibrium-and-precision sentinel derived from p01-s01-c0003; 20 seed blocks and 250 passages.
p01-s02-c0023,p01,s02,"Mutation-enabled baseline feedback, H=100",h100-f1em2-u1em10-c1-b10-k1000000000-ts500-hg250-archfixedpool-selneutral-fitneutral,p01-s02-c0023,EQ-M,mutation,false,arch-fixed-regional-pool-v1,sel-neutral-v1,fit-neutral-v1,ip001-fisher100,p01-neutral-feedback/configs/s02-equilibrium-precision-v210-m010-g250/p01-s02-c0023-v210-m010-g250.toml,prepared,Exploratory equilibrium-and-precision sentinel derived from p01-s01-c0009; 20 seed blocks and 250 passages.
p01-s02-c0024,p01,s02,"Many-host fixed-return extreme, H=10000",h10000-f1em4-u0-c1-b10-k1000000000-ts500-hg250-archfixedpool-selneutral-fitneutral,p01-s02-c0024,EQ-H,pooling,false,arch-fixed-regional-pool-v1,sel-neutral-v1,fit-neutral-v1,ip001-fisher100,p01-neutral-feedback/configs/s02-equilibrium-precision-v210-m010-g250/p01-s02-c0024-v210-m010-g250.toml,prepared,Exploratory equilibrium-and-precision sentinel derived from p01-s01-c0005; 20 seed blocks and 250 passages.
p01-s02-c0025,p01,s02,"Weak feedback, alpha about 0.091",h100-f1em3-u0-c1-b10-k1000000000-ts500-hg250-archfixedpool-selneutral-fitneutral,p01-s02-c0025,EQ-F,feedback,false,arch-fixed-regional-pool-v1,sel-neutral-v1,fit-neutral-v1,ip001-fisher100,p01-neutral-feedback/configs/s02-equilibrium-precision-v210-m010-g250/p01-s02-c0025-v210-m010-g250.toml,prepared,Exploratory equilibrium-and-precision sentinel derived from p01-s01-c0016; 20 seed blocks and 250 passages.
p01-s02-c0026,p01,s02,"Strong feedback, alpha about 0.909",h100-f1em1-u0-c1-b10-k1000000000-ts500-hg250-archfixedpool-selneutral-fitneutral,p01-s02-c0026,EQ-F,feedback|escape-range-sensitivity,false,arch-fixed-regional-pool-v1,sel-neutral-v1,fit-neutral-v1,ip001-fisher100,p01-neutral-feedback/configs/s02-equilibrium-precision-v210-m010-g250/p01-s02-c0026-v210-m010-g250.toml,prepared,Exploratory equilibrium-and-precision sentinel derived from p01-s01-c0018; 20 seed blocks and 250 passages.
p01-s03-c0027,p01,s03,Host abundance x feedback; mutation-free,h100-f0.00001-u0-g100-m010,p01-s03-c0027,MAP-U0,stage3-wave1,false,arch-fixed-regional-pool-v1,sel-neutral-v1,fit-neutral-v1,ip001-fisher100,p01-neutral-feedback/configs/s03-parameter-map-wave1-v210-m010-g100/p01-s03-c0027-v210-m010-g100.toml,prepared,Exploratory finite-time map; twelve matched seeds; not launched. primary-range
p01-s03-c0028,p01,s03,Host abundance x feedback; mutation-enabled,h100-f0.00001-u1e-10-g100-m010,p01-s03-c0028,MAP-U+,stage3-wave1,false,arch-fixed-regional-pool-v1,sel-neutral-v1,fit-neutral-v1,ip001-fisher100,p01-neutral-feedback/configs/s03-parameter-map-wave1-v210-m010-g100/p01-s03-c0028-v210-m010-g100.toml,prepared,Exploratory finite-time map; twelve matched seeds; not launched. primary-range
p01-s03-c0029,p01,s03,Host abundance x feedback; mutation-free,h100-f0.000101-u0-g100-m010,p01-s03-c0029,MAP-U0,stage3-wave1,false,arch-fixed-regional-pool-v1,sel-neutral-v1,fit-neutral-v1,ip001-fisher100,p01-neutral-feedback/configs/s03-parameter-map-wave1-v210-m010-g100/p01-s03-c0029-v210-m010-g100.toml,prepared,Exploratory finite-time map; twelve matched seeds; not launched. primary-range
p01-s03-c0030,p01,s03,Host abundance x feedback; mutation-enabled,h100-f0.000101-u1e-10-g100-m010,p01-s03-c0030,MAP-U+,stage3-wave1,false,arch-fixed-regional-pool-v1,sel-neutral-v1,fit-neutral-v1,ip001-fisher100,p01-neutral-feedback/configs/s03-parameter-map-wave1-v210-m010-g100/p01-s03-c0030-v210-m010-g100.toml,prepared,Exploratory finite-time map; twelve matched seeds; not launched. primary-range
p01-s03-c0031,p01,s03,Host abundance x feedback; mutation-free,h100-f0.0011111-u0-g100-m010,p01-s03-c0031,MAP-U0,stage3-wave1,false,arch-fixed-regional-pool-v1,sel-neutral-v1,fit-neutral-v1,ip001-fisher100,p01-neutral-feedback/configs/s03-parameter-map-wave1-v210-m010-g100/p01-s03-c0031-v210-m010-g100.toml,prepared,Exploratory finite-time map; twelve matched seeds; not launched. primary-range
p01-s03-c0032,p01,s03,Host abundance x feedback; mutation-enabled,h100-f0.0011111-u1e-10-g100-m010,p01-s03-c0032,MAP-U+,stage3-wave1,false,arch-fixed-regional-pool-v1,sel-neutral-v1,fit-neutral-v1,ip001-fisher100,p01-neutral-feedback/configs/s03-parameter-map-wave1-v210-m010-g100/p01-s03-c0032-v210-m010-g100.toml,prepared,Exploratory finite-time map; twelve matched seeds; not launched. primary-range
p01-s03-c0033,p01,s03,Host abundance x feedback; mutation-free,h100-f0.99-u0-g100-m010,p01-s03-c0033,MAP-U0,stage3-wave1,false,arch-fixed-regional-pool-v1,sel-neutral-v1,fit-neutral-v1,ip001-fisher100,p01-neutral-feedback/configs/s03-parameter-map-wave1-v210-m010-g100/p01-s03-c0033-v210-m010-g100.toml,prepared,Exploratory finite-time map; twelve matched seeds; not launched. above-primary-range
p01-s03-c0034,p01,s03,Host abundance x feedback; mutation-enabled,h100-f0.99-u1e-10-g100-m010,p01-s03-c0034,MAP-U+,stage3-wave1,false,arch-fixed-regional-pool-v1,sel-neutral-v1,fit-neutral-v1,ip001-fisher100,p01-neutral-feedback/configs/s03-parameter-map-wave1-v210-m010-g100/p01-s03-c0034-v210-m010-g100.toml,prepared,Exploratory finite-time map; twelve matched seeds; not launched. above-primary-range
p01-s03-c0035,p01,s03,Host abundance x feedback; mutation-free,h1000-f0.000001-u0-g100-m010,p01-s03-c0035,MAP-U0,stage3-wave1,false,arch-fixed-regional-pool-v1,sel-neutral-v1,fit-neutral-v1,ip001-fisher100,p01-neutral-feedback/configs/s03-parameter-map-wave1-v210-m010-g100/p01-s03-c0035-v210-m010-g100.toml,prepared,Exploratory finite-time map; twelve matched seeds; not launched. below-primary-range
p01-s03-c0036,p01,s03,Host abundance x feedback; mutation-enabled,h1000-f0.000001-u1e-10-g100-m010,p01-s03-c0036,MAP-U+,stage3-wave1,false,arch-fixed-regional-pool-v1,sel-neutral-v1,fit-neutral-v1,ip001-fisher100,p01-neutral-feedback/configs/s03-parameter-map-wave1-v210-m010-g100/p01-s03-c0036-v210-m010-g100.toml,prepared,Exploratory finite-time map; twelve matched seeds; not launched. below-primary-range
p01-s03-c0037,p01,s03,Host abundance x feedback; mutation-free,h1000-f0.0000101-u0-g100-m010,p01-s03-c0037,MAP-U0,stage3-wave1,false,arch-fixed-regional-pool-v1,sel-neutral-v1,fit-neutral-v1,ip001-fisher100,p01-neutral-feedback/configs/s03-parameter-map-wave1-v210-m010-g100/p01-s03-c0037-v210-m010-g100.toml,prepared,Exploratory finite-time map; twelve matched seeds; not launched. primary-range
p01-s03-c0038,p01,s03,Host abundance x feedback; mutation-enabled,h1000-f0.0000101-u1e-10-g100-m010,p01-s03-c0038,MAP-U+,stage3-wave1,false,arch-fixed-regional-pool-v1,sel-neutral-v1,fit-neutral-v1,ip001-fisher100,p01-neutral-feedback/configs/s03-parameter-map-wave1-v210-m010-g100/p01-s03-c0038-v210-m010-g100.toml,prepared,Exploratory finite-time map; twelve matched seeds; not launched. primary-range
p01-s03-c0039,p01,s03,Host abundance x feedback; mutation-free,h1000-f0.00011111-u0-g100-m010,p01-s03-c0039,MAP-U0,stage3-wave1,false,arch-fixed-regional-pool-v1,sel-neutral-v1,fit-neutral-v1,ip001-fisher100,p01-neutral-feedback/configs/s03-parameter-map-wave1-v210-m010-g100/p01-s03-c0039-v210-m010-g100.toml,prepared,Exploratory finite-time map; twelve matched seeds; not launched. primary-range
p01-s03-c0040,p01,s03,Host abundance x feedback; mutation-enabled,h1000-f0.00011111-u1e-10-g100-m010,p01-s03-c0040,MAP-U+,stage3-wave1,false,arch-fixed-regional-pool-v1,sel-neutral-v1,fit-neutral-v1,ip001-fisher100,p01-neutral-feedback/configs/s03-parameter-map-wave1-v210-m010-g100/p01-s03-c0040-v210-m010-g100.toml,prepared,Exploratory finite-time map; twelve matched seeds; not launched. primary-range
p01-s03-c0041,p01,s03,Host abundance x feedback; mutation-free,h1000-f0.099-u0-g100-m010,p01-s03-c0041,MAP-U0,stage3-wave1,false,arch-fixed-regional-pool-v1,sel-neutral-v1,fit-neutral-v1,ip001-fisher100,p01-neutral-feedback/configs/s03-parameter-map-wave1-v210-m010-g100/p01-s03-c0041-v210-m010-g100.toml,prepared,Exploratory finite-time map; twelve matched seeds; not launched. above-primary-range
p01-s03-c0042,p01,s03,Host abundance x feedback; mutation-enabled,h1000-f0.099-u1e-10-g100-m010,p01-s03-c0042,MAP-U+,stage3-wave1,false,arch-fixed-regional-pool-v1,sel-neutral-v1,fit-neutral-v1,ip001-fisher100,p01-neutral-feedback/configs/s03-parameter-map-wave1-v210-m010-g100/p01-s03-c0042-v210-m010-g100.toml,prepared,Exploratory finite-time map; twelve matched seeds; not launched. above-primary-range
p01-s03-c0043,p01,s03,Host abundance x feedback; mutation-free,h10000-f1e-7-u0-g100-m010,p01-s03-c0043,MAP-U0,stage3-wave1,false,arch-fixed-regional-pool-v1,sel-neutral-v1,fit-neutral-v1,ip001-fisher100,p01-neutral-feedback/configs/s03-parameter-map-wave1-v210-m010-g100/p01-s03-c0043-v210-m010-g100.toml,prepared,Exploratory finite-time map; twelve matched seeds; not launched. below-primary-range
p01-s03-c0044,p01,s03,Host abundance x feedback; mutation-enabled,h10000-f1e-7-u1e-10-g100-m010,p01-s03-c0044,MAP-U+,stage3-wave1,false,arch-fixed-regional-pool-v1,sel-neutral-v1,fit-neutral-v1,ip001-fisher100,p01-neutral-feedback/configs/s03-parameter-map-wave1-v210-m010-g100/p01-s03-c0044-v210-m010-g100.toml,prepared,Exploratory finite-time map; twelve matched seeds; not launched. below-primary-range
p01-s03-c0045,p01,s03,Host abundance x feedback; mutation-free,h10000-f0.00000101-u0-g100-m010,p01-s03-c0045,MAP-U0,stage3-wave1,false,arch-fixed-regional-pool-v1,sel-neutral-v1,fit-neutral-v1,ip001-fisher100,p01-neutral-feedback/configs/s03-parameter-map-wave1-v210-m010-g100/p01-s03-c0045-v210-m010-g100.toml,prepared,Exploratory finite-time map; twelve matched seeds; not launched. below-primary-range
p01-s03-c0046,p01,s03,Host abundance x feedback; mutation-enabled,h10000-f0.00000101-u1e-10-g100-m010,p01-s03-c0046,MAP-U+,stage3-wave1,false,arch-fixed-regional-pool-v1,sel-neutral-v1,fit-neutral-v1,ip001-fisher100,p01-neutral-feedback/configs/s03-parameter-map-wave1-v210-m010-g100/p01-s03-c0046-v210-m010-g100.toml,prepared,Exploratory finite-time map; twelve matched seeds; not launched. below-primary-range
p01-s03-c0047,p01,s03,Host abundance x feedback; mutation-free,h10000-f0.000011111-u0-g100-m010,p01-s03-c0047,MAP-U0,stage3-wave1,false,arch-fixed-regional-pool-v1,sel-neutral-v1,fit-neutral-v1,ip001-fisher100,p01-neutral-feedback/configs/s03-parameter-map-wave1-v210-m010-g100/p01-s03-c0047-v210-m010-g100.toml,prepared,Exploratory finite-time map; twelve matched seeds; not launched. primary-range
p01-s03-c0048,p01,s03,Host abundance x feedback; mutation-enabled,h10000-f0.000011111-u1e-10-g100-m010,p01-s03-c0048,MAP-U+,stage3-wave1,false,arch-fixed-regional-pool-v1,sel-neutral-v1,fit-neutral-v1,ip001-fisher100,p01-neutral-feedback/configs/s03-parameter-map-wave1-v210-m010-g100/p01-s03-c0048-v210-m010-g100.toml,prepared,Exploratory finite-time map; twelve matched seeds; not launched. primary-range
p01-s03-c0049,p01,s03,Host abundance x feedback; mutation-free,h10000-f0.0099-u0-g100-m010,p01-s03-c0049,MAP-U0,stage3-wave1,false,arch-fixed-regional-pool-v1,sel-neutral-v1,fit-neutral-v1,ip001-fisher100,p01-neutral-feedback/configs/s03-parameter-map-wave1-v210-m010-g100/p01-s03-c0049-v210-m010-g100.toml,prepared,Exploratory finite-time map; twelve matched seeds; not launched. primary-range
p01-s03-c0050,p01,s03,Host abundance x feedback; mutation-enabled,h10000-f0.0099-u1e-10-g100-m010,p01-s03-c0050,MAP-U+,stage3-wave1,false,arch-fixed-regional-pool-v1,sel-neutral-v1,fit-neutral-v1,ip001-fisher100,p01-neutral-feedback/configs/s03-parameter-map-wave1-v210-m010-g100/p01-s03-c0050-v210-m010-g100.toml,prepared,Exploratory finite-time map; twelve matched seeds; not launched. primary-range
p01-s03-c0051,p01,s03,"Host pooling: H=100, B=1",h100-b1-a0.5-m0.1-u0-g100-adaptive1000,p01-s03-c0051,H-by-B,stage3-wave2,false,arch-fixed-regional-pool-v1,sel-neutral-v1,fit-neutral-v1,ip001-fisher100,p01-neutral-feedback/configs/s03-parameter-map-wave2-v210-adaptive-g1000/p01-s03-c0051-v210-adaptive-g1000.toml,prepared,Exploratory Wave 2; primary endpoint passage 100; frozen checkpoint-based adaptive horizon to passage 1000.
p01-s03-c0052,p01,s03,"Host pooling: H=100, B=5",h100-b5-a0.5-m0.1-u0-g100-adaptive1000,p01-s03-c0052,H-by-B,stage3-wave2,false,arch-fixed-regional-pool-v1,sel-neutral-v1,fit-neutral-v1,ip001-fisher100,p01-neutral-feedback/configs/s03-parameter-map-wave2-v210-adaptive-g1000/p01-s03-c0052-v210-adaptive-g1000.toml,prepared,Exploratory Wave 2; primary endpoint passage 100; frozen checkpoint-based adaptive horizon to passage 1000.
p01-s03-c0053,p01,s03,"Host pooling: H=100, B=10",h100-b10-a0.5-m0.1-u0-g100-adaptive1000,p01-s03-c0053,H-by-B,stage3-wave2,false,arch-fixed-regional-pool-v1,sel-neutral-v1,fit-neutral-v1,ip001-fisher100,p01-neutral-feedback/configs/s03-parameter-map-wave2-v210-adaptive-g1000/p01-s03-c0053-v210-adaptive-g1000.toml,prepared-reused-at-p100,Exploratory Wave 2; primary endpoint passage 100; frozen checkpoint-based adaptive horizon to passage 1000.
p01-s03-c0054,p01,s03,"Host pooling: H=100, B=50",h100-b50-a0.5-m0.1-u0-g100-adaptive1000,p01-s03-c0054,H-by-B,stage3-wave2,false,arch-fixed-regional-pool-v1,sel-neutral-v1,fit-neutral-v1,ip001-fisher100,p01-neutral-feedback/configs/s03-parameter-map-wave2-v210-adaptive-g1000/p01-s03-c0054-v210-adaptive-g1000.toml,prepared,Exploratory Wave 2; primary endpoint passage 100; frozen checkpoint-based adaptive horizon to passage 1000.
p01-s03-c0055,p01,s03,"Host pooling: H=1000, B=1",h1000-b1-a0.5-m0.1-u0-g100-adaptive1000,p01-s03-c0055,H-by-B,stage3-wave2,false,arch-fixed-regional-pool-v1,sel-neutral-v1,fit-neutral-v1,ip001-fisher100,p01-neutral-feedback/configs/s03-parameter-map-wave2-v210-adaptive-g1000/p01-s03-c0055-v210-adaptive-g1000.toml,prepared,Exploratory Wave 2; primary endpoint passage 100; frozen checkpoint-based adaptive horizon to passage 1000.
p01-s03-c0056,p01,s03,"Host pooling: H=1000, B=5",h1000-b5-a0.5-m0.1-u0-g100-adaptive1000,p01-s03-c0056,H-by-B,stage3-wave2,false,arch-fixed-regional-pool-v1,sel-neutral-v1,fit-neutral-v1,ip001-fisher100,p01-neutral-feedback/configs/s03-parameter-map-wave2-v210-adaptive-g1000/p01-s03-c0056-v210-adaptive-g1000.toml,prepared,Exploratory Wave 2; primary endpoint passage 100; frozen checkpoint-based adaptive horizon to passage 1000.
p01-s03-c0057,p01,s03,"Host pooling: H=1000, B=10",h1000-b10-a0.5-m0.1-u0-g100-adaptive1000,p01-s03-c0057,H-by-B,stage3-wave2,false,arch-fixed-regional-pool-v1,sel-neutral-v1,fit-neutral-v1,ip001-fisher100,p01-neutral-feedback/configs/s03-parameter-map-wave2-v210-adaptive-g1000/p01-s03-c0057-v210-adaptive-g1000.toml,prepared,Exploratory Wave 2; primary endpoint passage 100; frozen checkpoint-based adaptive horizon to passage 1000.
p01-s03-c0058,p01,s03,"Host pooling: H=1000, B=50",h1000-b50-a0.5-m0.1-u0-g100-adaptive1000,p01-s03-c0058,H-by-B,stage3-wave2,false,arch-fixed-regional-pool-v1,sel-neutral-v1,fit-neutral-v1,ip001-fisher100,p01-neutral-feedback/configs/s03-parameter-map-wave2-v210-adaptive-g1000/p01-s03-c0058-v210-adaptive-g1000.toml,prepared,Exploratory Wave 2; primary endpoint passage 100; frozen checkpoint-based adaptive horizon to passage 1000.
p01-s03-c0059,p01,s03,"Host pooling: H=10000, B=1",h10000-b1-a0.5-m0.1-u0-g100-adaptive1000,p01-s03-c0059,H-by-B,stage3-wave2,false,arch-fixed-regional-pool-v1,sel-neutral-v1,fit-neutral-v1,ip001-fisher100,p01-neutral-feedback/configs/s03-parameter-map-wave2-v210-adaptive-g1000/p01-s03-c0059-v210-adaptive-g1000.toml,prepared,Exploratory Wave 2; primary endpoint passage 100; frozen checkpoint-based adaptive horizon to passage 1000.
p01-s03-c0060,p01,s03,"Host pooling: H=10000, B=5",h10000-b5-a0.5-m0.1-u0-g100-adaptive1000,p01-s03-c0060,H-by-B,stage3-wave2,false,arch-fixed-regional-pool-v1,sel-neutral-v1,fit-neutral-v1,ip001-fisher100,p01-neutral-feedback/configs/s03-parameter-map-wave2-v210-adaptive-g1000/p01-s03-c0060-v210-adaptive-g1000.toml,prepared,Exploratory Wave 2; primary endpoint passage 100; frozen checkpoint-based adaptive horizon to passage 1000.
p01-s03-c0061,p01,s03,"Host pooling: H=10000, B=10",h10000-b10-a0.5-m0.1-u0-g100-adaptive1000,p01-s03-c0061,H-by-B,stage3-wave2,false,arch-fixed-regional-pool-v1,sel-neutral-v1,fit-neutral-v1,ip001-fisher100,p01-neutral-feedback/configs/s03-parameter-map-wave2-v210-adaptive-g1000/p01-s03-c0061-v210-adaptive-g1000.toml,prepared-reused-at-p100,Exploratory Wave 2; primary endpoint passage 100; frozen checkpoint-based adaptive horizon to passage 1000.
p01-s03-c0062,p01,s03,"Host pooling: H=10000, B=50",h10000-b50-a0.5-m0.1-u0-g100-adaptive1000,p01-s03-c0062,H-by-B,stage3-wave2,false,arch-fixed-regional-pool-v1,sel-neutral-v1,fit-neutral-v1,ip001-fisher100,p01-neutral-feedback/configs/s03-parameter-map-wave2-v210-adaptive-g1000/p01-s03-c0062-v210-adaptive-g1000.toml,prepared,Exploratory Wave 2; primary endpoint passage 100; frozen checkpoint-based adaptive horizon to passage 1000.
p01-s03-c0063,p01,s03,"Feedback by regional exchange: alpha=0, m=0",h1000-b10-a0-m0-u0-g100-adaptive1000,p01-s03-c0063,alpha-by-m,stage3-wave2,false,arch-fixed-regional-pool-v1,sel-neutral-v1,fit-neutral-v1,ip001-fisher100,p01-neutral-feedback/configs/s03-parameter-map-wave2-v210-adaptive-g1000/p01-s03-c0063-v210-adaptive-g1000.toml,prepared,Exploratory Wave 2; primary endpoint passage 100; frozen checkpoint-based adaptive horizon to passage 1000.
p01-s03-c0064,p01,s03,"Feedback by regional exchange: alpha=0, m=0.001",h1000-b10-a0-m0.001-u0-g100-adaptive1000,p01-s03-c0064,alpha-by-m,stage3-wave2,false,arch-fixed-regional-pool-v1,sel-neutral-v1,fit-neutral-v1,ip001-fisher100,p01-neutral-feedback/configs/s03-parameter-map-wave2-v210-adaptive-g1000/p01-s03-c0064-v210-adaptive-g1000.toml,prepared,Exploratory Wave 2; primary endpoint passage 100; frozen checkpoint-based adaptive horizon to passage 1000.
p01-s03-c0065,p01,s03,"Feedback by regional exchange: alpha=0, m=0.01",h1000-b10-a0-m0.01-u0-g100-adaptive1000,p01-s03-c0065,alpha-by-m,stage3-wave2,false,arch-fixed-regional-pool-v1,sel-neutral-v1,fit-neutral-v1,ip001-fisher100,p01-neutral-feedback/configs/s03-parameter-map-wave2-v210-adaptive-g1000/p01-s03-c0065-v210-adaptive-g1000.toml,prepared,Exploratory Wave 2; primary endpoint passage 100; frozen checkpoint-based adaptive horizon to passage 1000.
p01-s03-c0066,p01,s03,"Feedback by regional exchange: alpha=0, m=0.1",h1000-b10-a0-m0.1-u0-g100-adaptive1000,p01-s03-c0066,alpha-by-m,stage3-wave2,false,arch-fixed-regional-pool-v1,sel-neutral-v1,fit-neutral-v1,ip001-fisher100,p01-neutral-feedback/configs/s03-parameter-map-wave2-v210-adaptive-g1000/p01-s03-c0066-v210-adaptive-g1000.toml,prepared-reused-at-p100,Exploratory Wave 2; primary endpoint passage 100; frozen checkpoint-based adaptive horizon to passage 1000.
p01-s03-c0067,p01,s03,"Feedback by regional exchange: alpha=0, m=0.5",h1000-b10-a0-m0.5-u0-g100-adaptive1000,p01-s03-c0067,alpha-by-m,stage3-wave2,false,arch-fixed-regional-pool-v1,sel-neutral-v1,fit-neutral-v1,ip001-fisher100,p01-neutral-feedback/configs/s03-parameter-map-wave2-v210-adaptive-g1000/p01-s03-c0067-v210-adaptive-g1000.toml,prepared,Exploratory Wave 2; primary endpoint passage 100; frozen checkpoint-based adaptive horizon to passage 1000.
p01-s03-c0068,p01,s03,"Feedback by regional exchange: alpha=0, m=0.9",h1000-b10-a0-m0.9-u0-g100-adaptive1000,p01-s03-c0068,alpha-by-m,stage3-wave2,false,arch-fixed-regional-pool-v1,sel-neutral-v1,fit-neutral-v1,ip001-fisher100,p01-neutral-feedback/configs/s03-parameter-map-wave2-v210-adaptive-g1000/p01-s03-c0068-v210-adaptive-g1000.toml,prepared,Exploratory Wave 2; primary endpoint passage 100; frozen checkpoint-based adaptive horizon to passage 1000.
p01-s03-c0069,p01,s03,"Feedback by regional exchange: alpha=0, m=0.99",h1000-b10-a0-m0.99-u0-g100-adaptive1000,p01-s03-c0069,alpha-by-m,stage3-wave2,false,arch-fixed-regional-pool-v1,sel-neutral-v1,fit-neutral-v1,ip001-fisher100,p01-neutral-feedback/configs/s03-parameter-map-wave2-v210-adaptive-g1000/p01-s03-c0069-v210-adaptive-g1000.toml,prepared,Exploratory Wave 2; primary endpoint passage 100; frozen checkpoint-based adaptive horizon to passage 1000.
p01-s03-c0070,p01,s03,"Feedback by regional exchange: alpha=0.01, m=0",h1000-b10-a0.01-m0-u0-g100-adaptive1000,p01-s03-c0070,alpha-by-m,stage3-wave2,false,arch-fixed-regional-pool-v1,sel-neutral-v1,fit-neutral-v1,ip001-fisher100,p01-neutral-feedback/configs/s03-parameter-map-wave2-v210-adaptive-g1000/p01-s03-c0070-v210-adaptive-g1000.toml,prepared,Exploratory Wave 2; primary endpoint passage 100; frozen checkpoint-based adaptive horizon to passage 1000.
p01-s03-c0071,p01,s03,"Feedback by regional exchange: alpha=0.01, m=0.001",h1000-b10-a0.01-m0.001-u0-g100-adaptive1000,p01-s03-c0071,alpha-by-m,stage3-wave2,false,arch-fixed-regional-pool-v1,sel-neutral-v1,fit-neutral-v1,ip001-fisher100,p01-neutral-feedback/configs/s03-parameter-map-wave2-v210-adaptive-g1000/p01-s03-c0071-v210-adaptive-g1000.toml,prepared,Exploratory Wave 2; primary endpoint passage 100; frozen checkpoint-based adaptive horizon to passage 1000.
p01-s03-c0072,p01,s03,"Feedback by regional exchange: alpha=0.01, m=0.01",h1000-b10-a0.01-m0.01-u0-g100-adaptive1000,p01-s03-c0072,alpha-by-m,stage3-wave2,false,arch-fixed-regional-pool-v1,sel-neutral-v1,fit-neutral-v1,ip001-fisher100,p01-neutral-feedback/configs/s03-parameter-map-wave2-v210-adaptive-g1000/p01-s03-c0072-v210-adaptive-g1000.toml,prepared,Exploratory Wave 2; primary endpoint passage 100; frozen checkpoint-based adaptive horizon to passage 1000.
p01-s03-c0073,p01,s03,"Feedback by regional exchange: alpha=0.01, m=0.1",h1000-b10-a0.01-m0.1-u0-g100-adaptive1000,p01-s03-c0073,alpha-by-m,stage3-wave2,false,arch-fixed-regional-pool-v1,sel-neutral-v1,fit-neutral-v1,ip001-fisher100,p01-neutral-feedback/configs/s03-parameter-map-wave2-v210-adaptive-g1000/p01-s03-c0073-v210-adaptive-g1000.toml,prepared-reused-at-p100,Exploratory Wave 2; primary endpoint passage 100; frozen checkpoint-based adaptive horizon to passage 1000.
p01-s03-c0074,p01,s03,"Feedback by regional exchange: alpha=0.01, m=0.5",h1000-b10-a0.01-m0.5-u0-g100-adaptive1000,p01-s03-c0074,alpha-by-m,stage3-wave2,false,arch-fixed-regional-pool-v1,sel-neutral-v1,fit-neutral-v1,ip001-fisher100,p01-neutral-feedback/configs/s03-parameter-map-wave2-v210-adaptive-g1000/p01-s03-c0074-v210-adaptive-g1000.toml,prepared,Exploratory Wave 2; primary endpoint passage 100; frozen checkpoint-based adaptive horizon to passage 1000.
p01-s03-c0075,p01,s03,"Feedback by regional exchange: alpha=0.01, m=0.9",h1000-b10-a0.01-m0.9-u0-g100-adaptive1000,p01-s03-c0075,alpha-by-m,stage3-wave2,false,arch-fixed-regional-pool-v1,sel-neutral-v1,fit-neutral-v1,ip001-fisher100,p01-neutral-feedback/configs/s03-parameter-map-wave2-v210-adaptive-g1000/p01-s03-c0075-v210-adaptive-g1000.toml,prepared,Exploratory Wave 2; primary endpoint passage 100; frozen checkpoint-based adaptive horizon to passage 1000.
p01-s03-c0076,p01,s03,"Feedback by regional exchange: alpha=0.01, m=0.99",h1000-b10-a0.01-m0.99-u0-g100-adaptive1000,p01-s03-c0076,alpha-by-m,stage3-wave2,false,arch-fixed-regional-pool-v1,sel-neutral-v1,fit-neutral-v1,ip001-fisher100,p01-neutral-feedback/configs/s03-parameter-map-wave2-v210-adaptive-g1000/p01-s03-c0076-v210-adaptive-g1000.toml,prepared,Exploratory Wave 2; primary endpoint passage 100; frozen checkpoint-based adaptive horizon to passage 1000.
p01-s03-c0077,p01,s03,"Feedback by regional exchange: alpha=0.1, m=0",h1000-b10-a0.1-m0-u0-g100-adaptive1000,p01-s03-c0077,alpha-by-m,stage3-wave2,false,arch-fixed-regional-pool-v1,sel-neutral-v1,fit-neutral-v1,ip001-fisher100,p01-neutral-feedback/configs/s03-parameter-map-wave2-v210-adaptive-g1000/p01-s03-c0077-v210-adaptive-g1000.toml,prepared,Exploratory Wave 2; primary endpoint passage 100; frozen checkpoint-based adaptive horizon to passage 1000.
p01-s03-c0078,p01,s03,"Feedback by regional exchange: alpha=0.1, m=0.001",h1000-b10-a0.1-m0.001-u0-g100-adaptive1000,p01-s03-c0078,alpha-by-m,stage3-wave2,false,arch-fixed-regional-pool-v1,sel-neutral-v1,fit-neutral-v1,ip001-fisher100,p01-neutral-feedback/configs/s03-parameter-map-wave2-v210-adaptive-g1000/p01-s03-c0078-v210-adaptive-g1000.toml,prepared,Exploratory Wave 2; primary endpoint passage 100; frozen checkpoint-based adaptive horizon to passage 1000.
p01-s03-c0079,p01,s03,"Feedback by regional exchange: alpha=0.1, m=0.01",h1000-b10-a0.1-m0.01-u0-g100-adaptive1000,p01-s03-c0079,alpha-by-m,stage3-wave2,false,arch-fixed-regional-pool-v1,sel-neutral-v1,fit-neutral-v1,ip001-fisher100,p01-neutral-feedback/configs/s03-parameter-map-wave2-v210-adaptive-g1000/p01-s03-c0079-v210-adaptive-g1000.toml,prepared,Exploratory Wave 2; primary endpoint passage 100; frozen checkpoint-based adaptive horizon to passage 1000.
p01-s03-c0080,p01,s03,"Feedback by regional exchange: alpha=0.1, m=0.1",h1000-b10-a0.1-m0.1-u0-g100-adaptive1000,p01-s03-c0080,alpha-by-m,stage3-wave2,false,arch-fixed-regional-pool-v1,sel-neutral-v1,fit-neutral-v1,ip001-fisher100,p01-neutral-feedback/configs/s03-parameter-map-wave2-v210-adaptive-g1000/p01-s03-c0080-v210-adaptive-g1000.toml,prepared-reused-at-p100,Exploratory Wave 2; primary endpoint passage 100; frozen checkpoint-based adaptive horizon to passage 1000.
p01-s03-c0081,p01,s03,"Feedback by regional exchange: alpha=0.1, m=0.5",h1000-b10-a0.1-m0.5-u0-g100-adaptive1000,p01-s03-c0081,alpha-by-m,stage3-wave2,false,arch-fixed-regional-pool-v1,sel-neutral-v1,fit-neutral-v1,ip001-fisher100,p01-neutral-feedback/configs/s03-parameter-map-wave2-v210-adaptive-g1000/p01-s03-c0081-v210-adaptive-g1000.toml,prepared,Exploratory Wave 2; primary endpoint passage 100; frozen checkpoint-based adaptive horizon to passage 1000.
p01-s03-c0082,p01,s03,"Feedback by regional exchange: alpha=0.1, m=0.9",h1000-b10-a0.1-m0.9-u0-g100-adaptive1000,p01-s03-c0082,alpha-by-m,stage3-wave2,false,arch-fixed-regional-pool-v1,sel-neutral-v1,fit-neutral-v1,ip001-fisher100,p01-neutral-feedback/configs/s03-parameter-map-wave2-v210-adaptive-g1000/p01-s03-c0082-v210-adaptive-g1000.toml,prepared,Exploratory Wave 2; primary endpoint passage 100; frozen checkpoint-based adaptive horizon to passage 1000.
p01-s03-c0083,p01,s03,"Feedback by regional exchange: alpha=0.1, m=0.99",h1000-b10-a0.1-m0.99-u0-g100-adaptive1000,p01-s03-c0083,alpha-by-m,stage3-wave2,false,arch-fixed-regional-pool-v1,sel-neutral-v1,fit-neutral-v1,ip001-fisher100,p01-neutral-feedback/configs/s03-parameter-map-wave2-v210-adaptive-g1000/p01-s03-c0083-v210-adaptive-g1000.toml,prepared,Exploratory Wave 2; primary endpoint passage 100; frozen checkpoint-based adaptive horizon to passage 1000.
p01-s03-c0084,p01,s03,"Feedback by regional exchange: alpha=0.99, m=0",h1000-b10-a0.99-m0-u0-g100-adaptive1000,p01-s03-c0084,alpha-by-m,stage3-wave2,false,arch-fixed-regional-pool-v1,sel-neutral-v1,fit-neutral-v1,ip001-fisher100,p01-neutral-feedback/configs/s03-parameter-map-wave2-v210-adaptive-g1000/p01-s03-c0084-v210-adaptive-g1000.toml,prepared,Exploratory Wave 2; primary endpoint passage 100; frozen checkpoint-based adaptive horizon to passage 1000.
p01-s03-c0085,p01,s03,"Feedback by regional exchange: alpha=0.99, m=0.001",h1000-b10-a0.99-m0.001-u0-g100-adaptive1000,p01-s03-c0085,alpha-by-m,stage3-wave2,false,arch-fixed-regional-pool-v1,sel-neutral-v1,fit-neutral-v1,ip001-fisher100,p01-neutral-feedback/configs/s03-parameter-map-wave2-v210-adaptive-g1000/p01-s03-c0085-v210-adaptive-g1000.toml,prepared,Exploratory Wave 2; primary endpoint passage 100; frozen checkpoint-based adaptive horizon to passage 1000.
p01-s03-c0086,p01,s03,"Feedback by regional exchange: alpha=0.99, m=0.01",h1000-b10-a0.99-m0.01-u0-g100-adaptive1000,p01-s03-c0086,alpha-by-m,stage3-wave2,false,arch-fixed-regional-pool-v1,sel-neutral-v1,fit-neutral-v1,ip001-fisher100,p01-neutral-feedback/configs/s03-parameter-map-wave2-v210-adaptive-g1000/p01-s03-c0086-v210-adaptive-g1000.toml,prepared,Exploratory Wave 2; primary endpoint passage 100; frozen checkpoint-based adaptive horizon to passage 1000.
p01-s03-c0087,p01,s03,"Feedback by regional exchange: alpha=0.99, m=0.1",h1000-b10-a0.99-m0.1-u0-g100-adaptive1000,p01-s03-c0087,alpha-by-m,stage3-wave2,false,arch-fixed-regional-pool-v1,sel-neutral-v1,fit-neutral-v1,ip001-fisher100,p01-neutral-feedback/configs/s03-parameter-map-wave2-v210-adaptive-g1000/p01-s03-c0087-v210-adaptive-g1000.toml,prepared-reused-at-p100,Exploratory Wave 2; primary endpoint passage 100; frozen checkpoint-based adaptive horizon to passage 1000.
p01-s03-c0088,p01,s03,"Feedback by regional exchange: alpha=0.99, m=0.5",h1000-b10-a0.99-m0.5-u0-g100-adaptive1000,p01-s03-c0088,alpha-by-m,stage3-wave2,false,arch-fixed-regional-pool-v1,sel-neutral-v1,fit-neutral-v1,ip001-fisher100,p01-neutral-feedback/configs/s03-parameter-map-wave2-v210-adaptive-g1000/p01-s03-c0088-v210-adaptive-g1000.toml,prepared,Exploratory Wave 2; primary endpoint passage 100; frozen checkpoint-based adaptive horizon to passage 1000.
p01-s03-c0089,p01,s03,"Feedback by regional exchange: alpha=0.99, m=0.9",h1000-b10-a0.99-m0.9-u0-g100-adaptive1000,p01-s03-c0089,alpha-by-m,stage3-wave2,false,arch-fixed-regional-pool-v1,sel-neutral-v1,fit-neutral-v1,ip001-fisher100,p01-neutral-feedback/configs/s03-parameter-map-wave2-v210-adaptive-g1000/p01-s03-c0089-v210-adaptive-g1000.toml,prepared,Exploratory Wave 2; primary endpoint passage 100; frozen checkpoint-based adaptive horizon to passage 1000.
p01-s03-c0090,p01,s03,"Feedback by regional exchange: alpha=0.99, m=0.99",h1000-b10-a0.99-m0.99-u0-g100-adaptive1000,p01-s03-c0090,alpha-by-m,stage3-wave2,false,arch-fixed-regional-pool-v1,sel-neutral-v1,fit-neutral-v1,ip001-fisher100,p01-neutral-feedback/configs/s03-parameter-map-wave2-v210-adaptive-g1000/p01-s03-c0090-v210-adaptive-g1000.toml,prepared,Exploratory Wave 2; primary endpoint passage 100; frozen checkpoint-based adaptive horizon to passage 1000.
